symbol;ticker_pesos;moneda;securityType;sufijo;clase_liquidacion;segmento;cotiza;panel;codigoIsin;tipoEspecie;insType;emisor
ALUA;ALUA;ARS;CS;A;primary;;True;Acciones Lideres;ARALUA010258;Acciones;EQUITY;ALUAR ALUMINIO ARGENTINO S.A.
BBAR;BBAR;ARS;CS;R;primary;;True;Acciones Lideres;ARP125991090;Acciones;EQUITY;BANCO BBVA ARGENTINA S.A.
BMA;BMA;ARS;CS;A;primary;;True;Acciones Lideres;ARBANS010010;Acciones;EQUITY;BANCO MACRO S.A.
BYMA;BYMA;ARS;CS;A;primary;;True;Acciones Lideres;ARBYMA300018;Acciones;EQUITY;BOLSAS Y MERCADOS ARGENTINOS S.A. (BYMA)
CEPU;CEPU;ARS;CS;U;primary;;True;Acciones Lideres;ARP2354W1188;Acciones;EQUITY;CENTRAL PUERTO S.A.
COME;COME;ARS;CS;E;primary;;True;Acciones Lideres;ARP290071462;Acciones;EQUITY;SOCIEDAD COMERCIAL DEL PLATA S.A.
CRES;CRES;ARS;CS;S;primary;;True;Acciones Lideres;ARP331091024;Acciones;EQUITY;CRESUD S.A.
ECOG;ECOG;ARS;CS;G;primary;;True;Acciones Lideres;AR0831273179;Acciones;EQUITY;ECOGAS INVERSIONES S.A.
EDN;EDN;ARS;CS;N;primary;;True;Acciones Lideres;ARENOR010020;Acciones;EQUITY;EMPRESA DISTRIB. Y COMERCIALZADORA NORTE S.A. (EDENOR S.A.)
GGAL;GGAL;ARS;CS;L;primary;;True;Acciones Lideres;ARP495251018;Acciones;EQUITY;GRUPO FINANCIERO GALICIA S.A.
LOMA;LOMA;ARS;CS;A;primary;;True;Acciones Lideres;ARLOMA300018;Acciones;EQUITY;LOMA NEGRA COMPAÑIA INDUSTRIAL ARGENTINA SOCIEDAD ANONIMA
METR;METR;ARS;CS;R;primary;;True;Acciones Lideres;ARP6558L1178;Acciones;EQUITY;METROGAS S.A.
PAMP;PAMP;ARS;CS;P;primary;;True;Acciones Lideres;ARP432631215;Acciones;EQUITY;PAMPA ENERGIA S.A
SUPV;SUPV;ARS;CS;V;primary;;True;Acciones Lideres;ARGRSU300079;Acciones;EQUITY;GRUPO SUPERVIELLE S.A.
TGNO4;TGNO4;ARS;CS;4;primary;;True;Acciones Lideres;ARTGNO010117;Acciones;EQUITY;TRANSPORTADORA DE GAS DEL NORTE S.A.
TGSU2;TGSU2;ARS;CS;2;primary;;True;Acciones Lideres;ARP9308R1039;Acciones;EQUITY;TRANSPORTADORA DE GAS DEL SUR S.A.
TRAN;TRAN;ARS;CS;N;primary;;True;Acciones Lideres;ARTRAN010011;Acciones;EQUITY;TRANSENER CIA. DE TRANSP. DE ENERGIA ELECTR. EN ALTA TENSION S.A.
TXAR;TXAR;ARS;CS;R;primary;;True;Acciones Lideres;ARSIDE010029;Acciones;EQUITY;TERNIUM ARGENTINA SOCIEDAD ANONIMA
VALO;VALO;ARS;CS;O;primary;;True;Acciones Lideres;ARBVAL3024G2;Acciones;EQUITY;BANCO DE VALORES S.A.
YPFD;YPFD;ARS;CS;D;primary;;True;Acciones Lideres;ARP9897X1319;Acciones;EQUITY;YPF S.A.
A3;A3;ARS;CS;3;primary;;True;Acciones General;ARMTBA010010;Acciones;EQUITY;A3 MERCADOS S.A.
A3B;A3;ARS;CS;B;otro;;False;Acciones General;ARMTBA010010;Acciones;EQUITY;A3 MERCADOS S.A.
A3D;A3;MEP;CS;D;primary;;True;Acciones General;ARMTBA010010;Acciones;EQUITY;A3 MERCADOS S.A.
ADBGF;ADBGF;ARS;CS;F;primary;;True;Acciones General;;;;
ADBLF;ADBLF;ARS;CS;F;primary;;True;Acciones General;;;;
ADGPF;ADGPF;ARS;CS;F;primary;;True;Acciones General;;;;
AGRO;AGRO;ARS;CS;O;primary;;True;Acciones General;ARAGRO010015;Acciones;EQUITY;Agrometal S.A.
AGROD;AGRO;MEP;CS;D;primary;;True;Acciones General;ARAGRO010015;Acciones;EQUITY;Agrometal S.A.
ALAAD;ALAA;MEP;CS;D;primary;;True;Acciones General;;;;
ALAAF;ALAAF;ARS;CS;F;primary;;True;Acciones General;;;;
ALABD;ALAB;MEP;CS;D;primary;;True;Acciones General;AR0717084534;Cedears;;BANCO COMAFI S.A.
ALABF;ALABF;ARS;CS;F;primary;;True;Acciones General;;;;
ALDAD;ALDA;MEP;CS;D;primary;;True;Acciones General;;;;
ALDAF;ALDAF;ARS;CS;F;primary;;True;Acciones General;;;;
ALDBD;ALDB;MEP;CS;D;primary;;True;Acciones General;;;;
ALDBF;ALDBF;ARS;CS;F;primary;;True;Acciones General;;;;
ALLFD;ALLF;MEP;CS;D;primary;;True;Acciones General;;;;
ALLLF;ALLLF;ARS;CS;F;primary;;True;Acciones General;;;;
ALNAF;ALNAF;ARS;CS;F;primary;;True;Acciones General;;;;
ALNBF;ALNBF;ARS;CS;F;primary;;True;Acciones General;;;;
ALNCF;ALNCF;ARS;CS;F;primary;;True;Acciones General;;;;
ALREF;ALREF;ARS;CS;F;primary;;True;Acciones General;;;;
ALUAB;ALUA;ARS;CS;B;otro;;False;Acciones General;ARALUA010258;Acciones;EQUITY;ALUAR ALUMINIO ARGENTINO S.A.
ALUAC;ALUA;cable;CS;C;primary;;True;Acciones General;ARALUA010258;Acciones;EQUITY;ALUAR ALUMINIO ARGENTINO S.A.
ALUAD;ALUA;MEP;CS;D;primary;;True;Acciones General;ARALUA010258;Acciones;EQUITY;ALUAR ALUMINIO ARGENTINO S.A.
ATGS;ATGS;ARS;CS;S;primary;;True;Acciones General;;;;
AUSO;AUSO;ARS;CS;O;primary;;True;Acciones General;ARASOL010033;Acciones;EQUITY;AUTOPISTAS DEL SOL S.A.
BBARB;BBAR;ARS;CS;B;otro;;False;Acciones General;ARP125991090;Acciones;EQUITY;BANCO BBVA ARGENTINA S.A.
BBARC;BBAR;cable;CS;C;primary;;True;Acciones General;ARP125991090;Acciones;EQUITY;BANCO BBVA ARGENTINA S.A.
BBARD;BBAR;MEP;CS;D;primary;;True;Acciones General;ARP125991090;Acciones;EQUITY;BANCO BBVA ARGENTINA S.A.
BHIP;BHIP;ARS;CS;P;primary;;True;Acciones General;ARBHIP010161;Acciones;EQUITY;BANCO HIPOTECARIO S.A.
BHIPB;BHIP;ARS;CS;B;otro;;False;Acciones General;ARBHIP010161;Acciones;EQUITY;BANCO HIPOTECARIO S.A.
BHIPD;BHIP;MEP;CS;D;primary;;True;Acciones General;ARBHIP010161;Acciones;EQUITY;BANCO HIPOTECARIO S.A.
BMA.5;BMA;ARS;CS;A;otro;5;False;Acciones General;ARBANS010010;Acciones;EQUITY;BANCO MACRO S.A.
BMA.B;BMA;ARS;CS;A;otro;B;False;Acciones General;ARBANS010010;Acciones;EQUITY;BANCO MACRO S.A.
BMA.C;BMA;cable;CS;A;otro;C;False;Acciones General;ARBANS010010;Acciones;EQUITY;BANCO MACRO S.A.
BMA.D;BMA;MEP;CS;A;otro;D;False;Acciones General;ARBANS010010;Acciones;EQUITY;BANCO MACRO S.A.
BMADB;BMA;MEP;CS;B;otro;;False;Acciones General;ARBANS010010;Acciones;EQUITY;BANCO MACRO S.A.
BOLT;BOLT;ARS;CS;T;primary;;True;Acciones General;ARBOLD010054;Acciones;EQUITY;BOLDT S.A.
BPAT;BPAT;ARS;CS;T;primary;;True;Acciones General;ARMERI013163;Acciones;EQUITY;BANCO PATAGONIA S.A.
BYMAB;BYMA;ARS;CS;B;otro;;False;Acciones General;ARBYMA300018;Acciones;EQUITY;BOLSAS Y MERCADOS ARGENTINOS S.A. (BYMA)
BYMAC;BYMA;cable;CS;C;primary;;True;Acciones General;ARBYMA300018;Acciones;EQUITY;BOLSAS Y MERCADOS ARGENTINOS S.A. (BYMA)
BYMAD;BYMA;MEP;CS;D;primary;;True;Acciones General;ARBYMA300018;Acciones;EQUITY;BOLSAS Y MERCADOS ARGENTINOS S.A. (BYMA)
CADO;CADO;ARS;CS;O;primary;;True;Acciones General;ARCADO010023;Acciones;EQUITY;CARLOS CASADO S.A.
CADO5;CADO5;ARS;CS;5;primary;;True;Acciones General;ARCADO010015;Acciones;EQUITY;CARLOS CASADO S.A.
CAPX;CAP;ARS;CS;X;especial;;False;Acciones General;ARP2006N1025;Acciones;EQUITY;CAPEX S.A.
CARC;CARC;ARS;CS;C;primary;;True;Acciones General;ARP8723U1058;Acciones;EQUITY;CARBOCLOR S. A.
CECO2;CECO2;ARS;CS;2;primary;;True;Acciones General;ARP2341J1058;Acciones;EQUITY;CENTRAL COSTANERA SOCIEDAD ANONIMA
CECOB;CECO2;ARS;CS;B;primary;;True;Acciones General;ARP2341J1058;Acciones;EQUITY;CENTRAL COSTANERA SOCIEDAD ANONIMA
CELU;CELU;ARS;CS;U;primary;;True;Acciones General;ARP219751426;Acciones;EQUITY;CELULOSA ARGENTINA S.A.
CELUC;CELU;cable;CS;C;primary;;True;Acciones General;ARP219751426;Acciones;EQUITY;CELULOSA ARGENTINA S.A.
CEPDB;CEPU;MEP;CS;B;otro;;False;Acciones General;ARP2354W1188;Acciones;EQUITY;CENTRAL PUERTO S.A.
CEPUC;CEPU;MEP;CS;C;otro;;False;Acciones General;ARP2354W1188;Acciones;EQUITY;CENTRAL PUERTO S.A.
CEPUD;CEPU;MEP;CS;D;primary;;True;Acciones General;ARP2354W1188;Acciones;EQUITY;CENTRAL PUERTO S.A.
CGPA2;CGPA2;ARS;CS;2;primary;;True;Acciones General;ARCGSU010048;Acciones;EQUITY;CAMUZZI GAS PAMPEANA S.A.
COMEB;COME;ARS;CS;B;otro;;False;Acciones General;ARP290071462;Acciones;EQUITY;SOCIEDAD COMERCIAL DEL PLATA S.A.
COMEC;COME;cable;CS;C;primary;;True;Acciones General;ARP290071462;Acciones;EQUITY;SOCIEDAD COMERCIAL DEL PLATA S.A.
COMED;COME;MEP;CS;D;primary;;True;Acciones General;ARP290071462;Acciones;EQUITY;SOCIEDAD COMERCIAL DEL PLATA S.A.
COUR;COUR;ARS;CS;R;primary;;True;Acciones General;ARCONI010015;Acciones;EQUITY;CONTINENTAL URBANA SOCIEDAD ANONIMA INVERSORA
CRECB;CRECB;ARS;CS;B;primary;;True;Acciones General;;;;
CRESB;CRES;ARS;CS;B;otro;;False;Acciones General;ARP331091024;Acciones;EQUITY;CRESUD S.A.
CRESC;CRES;cable;CS;C;primary;;True;Acciones General;ARP331091024;Acciones;EQUITY;CRESUD S.A.
CRESD;CRES;MEP;CS;D;primary;;True;Acciones General;ARP331091024;Acciones;EQUITY;CRESUD S.A.
CTICB;CTICB;cable;CS;B;otro;;False;Acciones General;ARCTIO010019;Acciones;EQUITY;CONSULTATIO S.A.
CTIO;CTIO;ARS;CS;O;primary;;True;Acciones General;ARCTIO010019;Acciones;EQUITY;CONSULTATIO S.A.
CTIOB;CTIO;ARS;CS;B;otro;;False;Acciones General;ARCTIO010019;Acciones;EQUITY;CONSULTATIO S.A.
CTIOC;CTIOC;MEP;CS;C;otro;;False;Acciones General;ARCTIO010019;Acciones;EQUITY;CONSULTATIO S.A.
CTIOD;CTIO;MEP;CS;D;primary;;True;Acciones General;ARCTIO010019;Acciones;EQUITY;CONSULTATIO S.A.
CVH;CVH;ARS;CS;H;primary;;True;Acciones General;ARCABH300011;Acciones;EQUITY;CABLEVISION HOLDING S.A.
CVHB;CVH;ARS;CS;B;otro;;False;Acciones General;ARCABH300011;Acciones;EQUITY;CABLEVISION HOLDING S.A.
CVHC;CVH;cable;CS;C;primary;;True;Acciones General;ARCABH300011;Acciones;EQUITY;CABLEVISION HOLDING S.A.
CVHCB;CVHCB;cable;CS;B;otro;;False;Acciones General;;;;
CVHD;CVH;MEP;CS;D;primary;;True;Acciones General;ARCABH300011;Acciones;EQUITY;CABLEVISION HOLDING S.A.
CVHDB;CVHDB;MEP;CS;B;otro;;False;Acciones General;;;;
DGCU2;DGCU2;ARS;CS;2;primary;;True;Acciones General;ARP3568E1180;Acciones;EQUITY;DISTRIBUIDORA DE GAS CUYANA S.A.
DGCUB;DGCUB;ARS;CS;B;primary;;True;Acciones General;ARP3568E1180;Acciones;EQUITY;DISTRIBUIDORA DE GAS CUYANA S.A.
DOME;DOME;ARS;CS;E;primary;;True;Acciones General;ARP3577N1097;Acciones;EQUITY;DOMEC S.A.
DRABF;DRABF;ARS;CS;F;primary;;True;Acciones General;;;;
DRBFD;DRBF;MEP;CS;D;primary;;True;Acciones General;;;;
ECOGB;ECOG;ARS;CS;B;otro;;False;Acciones General;AR0831273179;Acciones;EQUITY;ECOGAS INVERSIONES S.A.
ECOGC;ECOG;cable;CS;C;primary;;True;Acciones General;AR0831273179;Acciones;EQUITY;ECOGAS INVERSIONES S.A.
ECOGD;ECOG;MEP;CS;D;primary;;True;Acciones General;AR0831273179;Acciones;EQUITY;ECOGAS INVERSIONES S.A.
EDLH;EDLH;ARS;CS;H;primary;;True;Acciones General;AREDHO010016;Acciones;EQUITY;EDESAL HOLDING S.A.
EDNB;EDN;ARS;CS;B;otro;;False;Acciones General;ARENOR010020;Acciones;EQUITY;EMPRESA DISTRIB. Y COMERCIALZADORA NORTE S.A. (EDENOR S.A.)
EDNC;EDN;cable;CS;C;primary;;True;Acciones General;ARENOR010020;Acciones;EQUITY;EMPRESA DISTRIB. Y COMERCIALZADORA NORTE S.A. (EDENOR S.A.)
EDND;EDN;MEP;CS;D;primary;;True;Acciones General;ARENOR010020;Acciones;EQUITY;EMPRESA DISTRIB. Y COMERCIALZADORA NORTE S.A. (EDENOR S.A.)
EDSH;EDSH;ARS;CS;H;primary;;True;Acciones General;AREDEH010018;Acciones;EQUITY;EDESA HOLDING S.A.
FERR;FERR;ARS;CS;R;primary;;True;Acciones General;ARP395611576;Acciones;EQUITY;FERRUM S.A.
FIPL;FIPL;ARS;CS;L;primary;;True;Acciones General;ARP416191426;Acciones;EQUITY;FIPLASTO S.A.
FIPLB;FIPL;ARS;CS;B;otro;;False;Acciones General;ARP416191426;Acciones;EQUITY;FIPLASTO S.A.
GAMI;GAMI;ARS;CS;I;primary;;True;Acciones General;ARBOLG010010;Acciones;EQUITY;B-GAMING S.A.
GARO;GARO;ARS;CS;O;primary;;True;Acciones General;ARP460221020;Acciones;EQUITY;GAROVAGLIO Y ZORRAQUIN S. A.
GBAN;GBAN;ARS;CS;N;primary;;True;Acciones General;ARGASB010027;Acciones;EQUITY;NATURGY BAN S.A.
GCDI;GCDI;ARS;CS;I;primary;;True;Acciones General;ARTGLT010015;Acciones;EQUITY;GCDI S.A.
GCLA;GCLA;ARS;CS;A;primary;;True;Acciones General;ARGCLA010015;Acciones;EQUITY;GRUPO CLARIN S.A.
GCLAB;GCLA;ARS;CS;B;otro;;False;Acciones General;ARGCLA010015;Acciones;EQUITY;GRUPO CLARIN S.A.
GCLAC;GCLA;cable;CS;C;primary;;True;Acciones General;ARGCLA010015;Acciones;EQUITY;GRUPO CLARIN S.A.
GGACB;GGACB;cable;CS;B;otro;;False;Acciones General;ARP495251018;Acciones;EQUITY;GRUPO FINANCIERO GALICIA S.A.
GGADB;GGADB;MEP;CS;B;otro;;False;Acciones General;ARP495251018;Acciones;EQUITY;GRUPO FINANCIERO GALICIA S.A.
GGALB;GGAL;ARS;CS;B;otro;;False;Acciones General;ARP495251018;Acciones;EQUITY;GRUPO FINANCIERO GALICIA S.A.
GGALC;GGAL;cable;CS;C;primary;;True;Acciones General;ARP495251018;Acciones;EQUITY;GRUPO FINANCIERO GALICIA S.A.
GGALD;GGAL;MEP;CS;D;primary;;True;Acciones General;ARP495251018;Acciones;EQUITY;GRUPO FINANCIERO GALICIA S.A.
GRIM;GRIM;ARS;CS;M;primary;;True;Acciones General;ARP493071046;Acciones;EQUITY;GRIMOLDI S.A.
HARG;HARG;ARS;CS;G;primary;;True;Acciones General;ARP6806N1051;Acciones;EQUITY;HOLCIM (Argentina) S.A.
HARGB;HARG;ARS;CS;B;otro;;False;Acciones General;ARP6806N1051;Acciones;EQUITY;HOLCIM (Argentina) S.A.
HARGD;HARG;MEP;CS;D;primary;;True;Acciones General;ARP6806N1051;Acciones;EQUITY;HOLCIM (Argentina) S.A.
HAVA;HAVA;ARS;CS;A;primary;;True;Acciones General;ARHAVH300038;Acciones;EQUITY;HAVANNA HOLDING S.A.
HAVAD;HAVA;MEP;CS;D;primary;;True;Acciones General;ARHAVH300038;Acciones;EQUITY;HAVANNA HOLDING S.A.
HSAT;HSAT;ARS;CS;T;primary;;True;Acciones General;AR0956262361;Acciones;EQUITY;Holdsat S.A.
IEB;IEB;ARS;CS;B;primary;;True;Acciones General;ARP3594C1107;Acciones;EQUITY;IEB CONSTRUCCIONES S.A
IEBD;IEB;MEP;CS;D;primary;;True;Acciones General;ARP3594C1107;Acciones;EQUITY;IEB CONSTRUCCIONES S.A
INAG;INAG;ARS;CS;G;primary;;True;Acciones General;;;;
INTR;INTR;ARS;CS;R;primary;;True;Acciones General;ARP577611352;Acciones;EQUITY;COMPAÑIA INTRODUCTORA DE BUENOS AIRES S.A.
INVJ;INVJ;ARS;CS;J;primary;;True;Acciones General;ARINJU010010;Acciones;EQUITY;INVERSORA JURAMENTO S.A.
IRSA;IRSA;ARS;CS;A;primary;;True;Acciones General;ARP588091073;Acciones;EQUITY;IRSA INVERSIONES Y REPRESENTACIONES S.A.
IRSAB;IRSA;ARS;CS;B;otro;;False;Acciones General;ARP588091073;Acciones;EQUITY;IRSA INVERSIONES Y REPRESENTACIONES S.A.
IRSAC;IRSA;cable;CS;C;primary;;True;Acciones General;ARP588091073;Acciones;EQUITY;IRSA INVERSIONES Y REPRESENTACIONES S.A.
IRSAD;IRSA;MEP;CS;D;primary;;True;Acciones General;ARP588091073;Acciones;EQUITY;IRSA INVERSIONES Y REPRESENTACIONES S.A.
LEDE;LEDE;ARS;CS;E;primary;;True;Acciones General;ARP624571096;Acciones;EQUITY;LEDESMA S.A.
LEDED;LEDE;MEP;CS;D;primary;;True;Acciones General;ARP624571096;Acciones;EQUITY;LEDESMA S.A.
LOMAB;LOMA;ARS;CS;B;otro;;False;Acciones General;ARLOMA300018;Acciones;EQUITY;LOMA NEGRA COMPAÑIA INDUSTRIAL ARGENTINA SOCIEDAD ANONIMA
LOMAC;LOMA;cable;CS;C;primary;;True;Acciones General;ARLOMA300018;Acciones;EQUITY;LOMA NEGRA COMPAÑIA INDUSTRIAL ARGENTINA SOCIEDAD ANONIMA
LOMAD;LOMA;MEP;CS;D;primary;;True;Acciones General;ARLOMA300018;Acciones;EQUITY;LOMA NEGRA COMPAÑIA INDUSTRIAL ARGENTINA SOCIEDAD ANONIMA
LOMDB;LOMDB;MEP;CS;B;otro;;False;Acciones General;ARLOMA300018;Acciones;EQUITY;LOMA NEGRA COMPAÑIA INDUSTRIAL ARGENTINA SOCIEDAD ANONIMA
LONG;LONG;ARS;CS;G;primary;;True;Acciones General;ARP6356B1059;Acciones;EQUITY;LONGVIE S.A.
METRB;METR;ARS;CS;B;otro;;False;Acciones General;ARP6558L1178;Acciones;EQUITY;METROGAS S.A.
METRC;METR;cable;CS;C;primary;;True;Acciones General;ARP6558L1178;Acciones;EQUITY;METROGAS S.A.
METRD;METR;MEP;CS;D;primary;;True;Acciones General;ARP6558L1178;Acciones;EQUITY;METROGAS S.A.
MIRG;MIRG;ARS;CS;G;primary;;True;Acciones General;ARP6823S1295;Acciones;EQUITY;MIRGOR S.A.
MIRGB;MIRG;ARS;CS;B;otro;;False;Acciones General;ARP6823S1295;Acciones;EQUITY;MIRGOR S.A.
MIRGD;MIRG;MEP;CS;D;primary;;True;Acciones General;ARP6823S1295;Acciones;EQUITY;MIRGOR S.A.
MOLA;MOLA;ARS;CS;A;primary;;True;Acciones General;ARMOAG300023;Acciones;EQUITY;MOLINOS AGRO S.A.
MOLA5;MOLA5;ARS;CS;5;primary;;True;Acciones General;ARMOAG300015;Acciones;EQUITY;MOLINOS AGRO S.A.
MOLAD;MOLA;MEP;CS;D;primary;;True;Acciones General;ARMOAG300023;Acciones;EQUITY;MOLINOS AGRO S.A.
MOLI;MOLI;ARS;CS;I;primary;;True;Acciones General;ARP689251337;Acciones;EQUITY;MOLINOS RIO DE LA PLATA S.A.
MOLI5;MOLI5;ARS;CS;5;primary;;True;Acciones General;ARP689251253;Acciones;EQUITY;MOLINOS RIO DE LA PLATA S.A.
MOLID;MOLI;MEP;CS;D;primary;;True;Acciones General;ARP689251337;Acciones;EQUITY;MOLINOS RIO DE LA PLATA S.A.
MORI;MORI;ARS;CS;I;primary;;True;Acciones General;ARP698141040;Acciones;EQUITY;MORIXE HERMANOS S.A.
MORID;MORI;MEP;CS;D;primary;;True;Acciones General;ARP698141040;Acciones;EQUITY;MORIXE HERMANOS S.A.
OEST;OEST;ARS;CS;T;primary;;True;Acciones General;ARGCAO010012;Acciones;EQUITY;GRUPO CONCESIONARIO DEL OESTE S.A.
PAMCB;PAMCB;cable;CS;B;otro;;False;Acciones General;ARP432631215;Acciones;EQUITY;PAMPA ENERGIA S.A
PAMDB;PAMDB;MEP;CS;B;otro;;False;Acciones General;ARP432631215;Acciones;EQUITY;PAMPA ENERGIA S.A
PAMPB;PAMP;ARS;CS;B;otro;;False;Acciones General;ARP432631215;Acciones;EQUITY;PAMPA ENERGIA S.A
PAMPC;PAMP;cable;CS;C;primary;;True;Acciones General;ARP432631215;Acciones;EQUITY;PAMPA ENERGIA S.A
PAMPD;PAMP;MEP;CS;D;primary;;True;Acciones General;ARP432631215;Acciones;EQUITY;PAMPA ENERGIA S.A
PATA;PATA;ARS;CS;A;primary;;True;Acciones General;ARP530571735;Acciones;EQUITY;IMPORTADORA Y EXPORTADORA DE LA PATAGONIA S.A.
PATAD;PATA;MEP;CS;D;primary;;True;Acciones General;ARP530571735;Acciones;EQUITY;IMPORTADORA Y EXPORTADORA DE LA PATAGONIA S.A.
PNIFD;PNIF;MEP;CS;D;primary;;True;Acciones General;;;;
PNIZF;PNIZF;ARS;CS;F;primary;;True;Acciones General;;;;
PNZFB;PNZFB;ARS;CS;B;primary;;True;Acciones General;;;;
POLL;POLL;ARS;CS;L;primary;;True;Acciones General;ARP7905G1652;Acciones;EQUITY;POLLEDO S.A.
RAGH;RAGH;ARS;CS;H;primary;;True;Acciones General;AR0174950912;Acciones;EQUITY;RAGHSA S. A.
RAGHB;RAGH;ARS;CS;B;otro;;False;Acciones General;AR0174950912;Acciones;EQUITY;RAGHSA S. A.
RAGHC;RAGH;cable;CS;C;primary;;True;Acciones General;AR0174950912;Acciones;EQUITY;RAGHSA S. A.
RAGHD;RAGH;MEP;CS;D;primary;;True;Acciones General;AR0174950912;Acciones;EQUITY;RAGHSA S. A.
REGE;REGE;ARS;CS;E;primary;;True;Acciones General;ARREGE010013;Acciones;EQUITY;GARCIA REGUERA S.A.
RICH;RICH;ARS;CS;H;primary;;True;Acciones General;ARLRIC300027;Acciones;EQUITY;LABORATORIOS RICHMOND S.A.C.I.F.
RICHD;RICH;MEP;CS;D;primary;;True;Acciones General;ARLRIC300027;Acciones;EQUITY;LABORATORIOS RICHMOND S.A.C.I.F.
RIGO;RIGO;ARS;CS;O;primary;;True;Acciones General;ARP809061780;Acciones;EQUITY;RIGOLLEAU S.A.
ROSE;ROSE;ARS;CS;E;primary;;True;Acciones General;ARROSE010025;Acciones;EQUITY;INSTITUTO ROSENBUSCH S.A.
SAMI;SAMI;ARS;CS;I;primary;;True;Acciones General;ARSMIG010018;Acciones;EQUITY;S.A. SAN MIGUEL
SAMID;SAMI;MEP;CS;D;primary;;True;Acciones General;ARSMIG010018;Acciones;EQUITY;S.A. SAN MIGUEL
SBSRF;SBSRF;ARS;CS;F;primary;;True;Acciones General;;;;
SEMI;SEMI;ARS;CS;I;primary;;True;Acciones General;ARP689031069;Acciones;EQUITY;MOLINOS JUAN SEMINO S.A.
SUPVB;SUPV;ARS;CS;B;otro;;False;Acciones General;ARGRSU300079;Acciones;EQUITY;GRUPO SUPERVIELLE S.A.
SUPVC;SUPV;cable;CS;C;primary;;True;Acciones General;ARGRSU300079;Acciones;EQUITY;GRUPO SUPERVIELLE S.A.
SUPVD;SUPV;MEP;CS;D;primary;;True;Acciones General;ARGRSU300079;Acciones;EQUITY;GRUPO SUPERVIELLE S.A.
TECO2;TECO2;ARS;CS;2;primary;;True;Acciones General;ARP9028N1016;Acciones;EQUITY;TELECOM ARGENTINA S. A.
TECOB;TECOB;ARS;CS;B;primary;;True;Acciones General;ARP9028N1016;Acciones;EQUITY;TELECOM ARGENTINA S. A.
TECOC;TECO;cable;CS;C;primary;;True;Acciones General;ARP9028N1016;Acciones;EQUITY;TELECOM ARGENTINA S. A.
TECOD;TECO;MEP;CS;D;primary;;True;Acciones General;ARP9028N1016;Acciones;EQUITY;TELECOM ARGENTINA S. A.
TEVIF;TEVIF;ARS;CS;F;primary;;True;Acciones General;;;;
TGN4B;TGN4B;ARS;CS;B;primary;;True;Acciones General;ARTGNO010117;Acciones;EQUITY;TRANSPORTADORA DE GAS DEL NORTE S.A.
TGN4C;TGN4C;MEP;CS;C;otro;;False;Acciones General;ARTGNO010117;Acciones;EQUITY;TRANSPORTADORA DE GAS DEL NORTE S.A.
TGN4D;TGN4;MEP;CS;D;primary;;True;Acciones General;ARTGNO010117;Acciones;EQUITY;TRANSPORTADORA DE GAS DEL NORTE S.A.
TGSDB;TGSDB;MEP;CS;B;otro;;False;Acciones General;ARP9308R1039;Acciones;EQUITY;TRANSPORTADORA DE GAS DEL SUR S.A.
TGSUB;TGSUB;ARS;CS;B;primary;;True;Acciones General;ARP9308R1039;Acciones;EQUITY;TRANSPORTADORA DE GAS DEL SUR S.A.
TGSUC;TGSU;cable;CS;C;primary;;True;Acciones General;ARP9308R1039;Acciones;EQUITY;TRANSPORTADORA DE GAS DEL SUR S.A.
TGSUD;TGSU;MEP;CS;D;primary;;True;Acciones General;ARP9308R1039;Acciones;EQUITY;TRANSPORTADORA DE GAS DEL SUR S.A.
TRANB;TRAN;ARS;CS;B;otro;;False;Acciones General;ARTRAN010011;Acciones;EQUITY;TRANSENER CIA. DE TRANSP. DE ENERGIA ELECTR. EN ALTA TENSION S.A.
TRAND;TRAN;MEP;CS;D;primary;;True;Acciones General;ARTRAN010011;Acciones;EQUITY;TRANSENER CIA. DE TRANSP. DE ENERGIA ELECTR. EN ALTA TENSION S.A.
TXARB;TXAR;ARS;CS;B;otro;;False;Acciones General;ARSIDE010029;Acciones;EQUITY;TERNIUM ARGENTINA SOCIEDAD ANONIMA
TXARC;TXARC;MEP;CS;C;otro;;False;Acciones General;ARSIDE010029;Acciones;EQUITY;TERNIUM ARGENTINA SOCIEDAD ANONIMA
TXARD;TXAR;MEP;CS;D;primary;;True;Acciones General;ARSIDE010029;Acciones;EQUITY;TERNIUM ARGENTINA SOCIEDAD ANONIMA
VALFF;VALFF;ARS;CS;F;primary;;True;Acciones General;;;;
VALOB;VALO;ARS;CS;B;otro;;False;Acciones General;ARBVAL3024G2;Acciones;EQUITY;BANCO DE VALORES S.A.
VALOC;VALO;cable;CS;C;primary;;True;Acciones General;ARBVAL3024G2;Acciones;EQUITY;BANCO DE VALORES S.A.
VALOD;VALO;MEP;CS;D;primary;;True;Acciones General;ARBVAL3024G2;Acciones;EQUITY;BANCO DE VALORES S.A.
YPDCB;YPDCB;cable;CS;B;otro;;False;Acciones General;ARP9897X1319;Acciones;EQUITY;YPF S.A.
YPDDB;YPDDB;MEP;CS;B;otro;;False;Acciones General;ARP9897X1319;Acciones;EQUITY;YPF S.A.
YPFDB;YPFD;ARS;CS;B;otro;;False;Acciones General;ARP9897X1319;Acciones;EQUITY;YPF S.A.
YPFDC;YPFD;cable;CS;C;primary;;True;Acciones General;ARP9897X1319;Acciones;EQUITY;YPF S.A.
YPFDD;YPFD;MEP;CS;D;primary;;True;Acciones General;ARP9897X1319;Acciones;EQUITY;YPF S.A.
ZOND;ZOND;ARS;CS;D;primary;;True;Acciones General;ARHULI010014;Acciones;EQUITY;Zonda Bitcoin Capital S.A.
AAL;AAL;ARS;CD;L;primary;;True;CEDEARs;ARBCOM4603W8;Cedears;;BANCO COMAFI S.A.
AALC;AAL;cable;CD;C;primary;;True;CEDEARs;ARBCOM4603W8;Cedears;;BANCO COMAFI S.A.
AALD;AAL;MEP;CD;D;primary;;True;CEDEARs;ARBCOM4603W8;Cedears;;BANCO COMAFI S.A.
AAP;AAP;ARS;CD;P;primary;;True;CEDEARs;AR0402038027;Cedears;;BANCO COMAFI S.A.
AAPCB;AAPCB;cable;CD;B;otro;;False;CEDEARs;ARDEUT116183;Cedears;;BANCO COMAFI S.A.
AAPDB;AAPDB;MEP;CD;B;otro;;False;CEDEARs;ARDEUT116183;Cedears;;BANCO COMAFI S.A.
AAPL;AAPL;ARS;CD;L;primary;;True;CEDEARs;ARDEUT116183;Cedears;;BANCO COMAFI S.A.
AAPLB;AAPL;ARS;CD;B;otro;;False;CEDEARs;ARDEUT116183;Cedears;;BANCO COMAFI S.A.
AAPLC;AAPL;cable;CD;C;primary;;True;CEDEARs;ARDEUT116183;Cedears;;BANCO COMAFI S.A.
AAPLD;AAPL;MEP;CD;D;primary;;True;CEDEARs;ARDEUT116183;Cedears;;BANCO COMAFI S.A.
ABBV;ABBV;ARS;CD;V;primary;;True;CEDEARs;ARBCOM4603M9;Cedears;;BANCO COMAFI S.A.
ABBVC;ABBV;cable;CD;C;primary;;True;CEDEARs;ARBCOM4603M9;Cedears;;BANCO COMAFI S.A.
ABBVD;ABBV;MEP;CD;D;primary;;True;CEDEARs;ARBCOM4603M9;Cedears;;BANCO COMAFI S.A.
ABEV;ABEV;ARS;CD;V;primary;;True;CEDEARs;ARBCOM4601V4;Cedears;;BANCO COMAFI S.A.
ABEV3;ABEV3;ARS;CD;3;primary;;True;CEDEARs;ARCAVA4601Y0;Cedears;;Caja de Valores S.A.
ABEVC;ABEV;cable;CD;C;primary;;True;CEDEARs;ARBCOM4601V4;Cedears;;BANCO COMAFI S.A.
ABEVD;ABEV;MEP;CD;D;primary;;True;CEDEARs;ARBCOM4601V4;Cedears;;BANCO COMAFI S.A.
ABNB;ABNB;ARS;CD;B;primary;;True;CEDEARs;ARCAVA4601I3;Cedears;;Caja de Valores S.A.
ABNBB;ABNB;ARS;CD;B;otro;;False;CEDEARs;ARCAVA4601I3;Cedears;;Caja de Valores S.A.
ABNBC;ABNB;cable;CD;C;primary;;True;CEDEARs;ARCAVA4601I3;Cedears;;Caja de Valores S.A.
ABNBD;ABNB;MEP;CD;D;primary;;True;CEDEARs;ARCAVA4601I3;Cedears;;Caja de Valores S.A.
ABT;ABT;ARS;CD;T;primary;;True;CEDEARs;ARDEUT110608;Cedears;;BANCO COMAFI S.A.
ABTB;ABT;ARS;CD;B;otro;;False;CEDEARs;ARDEUT110608;Cedears;;BANCO COMAFI S.A.
ABTC;ABT;cable;CD;C;primary;;True;CEDEARs;ARDEUT110608;Cedears;;BANCO COMAFI S.A.
ABTD;ABT;MEP;CD;D;primary;;True;CEDEARs;ARDEUT110608;Cedears;;BANCO COMAFI S.A.
ACN;ACN;ARS;CD;N;primary;;True;CEDEARs;AR0334997050;Cedears;;BANCO COMAFI S.A.
ACNC;ACN;cable;CD;C;primary;;True;CEDEARs;AR0334997050;Cedears;;BANCO COMAFI S.A.
ACND;ACN;MEP;CD;D;primary;;True;CEDEARs;AR0334997050;Cedears;;BANCO COMAFI S.A.
ACWI;ACWI;ARS;CD;I;primary;;True;CEDEARs;AR0219286272;Cedears;;BANCO COMAFI S.A.
ACWIC;ACWI;cable;CD;C;primary;;True;CEDEARs;AR0219286272;Cedears;;BANCO COMAFI S.A.
ACWID;ACWI;MEP;CD;D;primary;;True;CEDEARs;AR0219286272;Cedears;;BANCO COMAFI S.A.
ADBE;ADBE;ARS;CD;E;primary;;True;CEDEARs;ARBCOM460192;Cedears;;BANCO COMAFI S.A.
ADBEB;ADBE;ARS;CD;B;otro;;False;CEDEARs;ARBCOM460192;Cedears;;BANCO COMAFI S.A.
ADBEC;ADBE;cable;CD;C;primary;;True;CEDEARs;ARBCOM460192;Cedears;;BANCO COMAFI S.A.
ADBED;ADBE;MEP;CD;D;primary;;True;CEDEARs;ARBCOM460192;Cedears;;BANCO COMAFI S.A.
ADGDB;ADGDB;MEP;CD;B;otro;;False;CEDEARs;ARBCOM460143;Cedears;;BANCO COMAFI S.A.
ADGO;ADGO;ARS;CD;O;primary;;True;CEDEARs;ARBCOM460143;Cedears;;BANCO COMAFI S.A.
ADGOB;ADGO;ARS;CD;B;otro;;False;CEDEARs;ARBCOM460143;Cedears;;BANCO COMAFI S.A.
ADGOC;ADGO;cable;CD;C;primary;;True;CEDEARs;ARBCOM460143;Cedears;;BANCO COMAFI S.A.
ADGOD;ADGO;MEP;CD;D;primary;;True;CEDEARs;ARBCOM460143;Cedears;;BANCO COMAFI S.A.
ADI;ADI;ARS;CD;I;primary;;True;CEDEARs;ARDEUT110616;Cedears;;BANCO COMAFI S.A.
ADID;ADI;MEP;CD;D;primary;;True;CEDEARs;ARDEUT110616;Cedears;;BANCO COMAFI S.A.
ADP;ADP;ARS;CD;P;primary;;True;CEDEARs;ARDEUT110681;Cedears;;BANCO COMAFI S.A.
ADPC;ADP;cable;CD;C;primary;;True;CEDEARs;ARDEUT110681;Cedears;;BANCO COMAFI S.A.
ADS;ADS;ARS;CD;S;primary;;True;CEDEARs;ARBCOM460424;Cedears;;BANCO COMAFI S.A.
ADSD;ADS;MEP;CD;D;primary;;True;CEDEARs;ARBCOM460424;Cedears;;BANCO COMAFI S.A.
AEG;AEG;ARS;CD;G;primary;;True;CEDEARs;ARDEUT112398;Cedears;;BANCO COMAFI S.A.
AEM;AEM;ARS;CD;M;primary;;True;CEDEARs;ARDEUT115383;Cedears;;BANCO COMAFI S.A.
AEMC;AEM;cable;CD;C;primary;;True;CEDEARs;ARDEUT115383;Cedears;;BANCO COMAFI S.A.
AEMD;AEM;MEP;CD;D;primary;;True;CEDEARs;ARDEUT115383;Cedears;;BANCO COMAFI S.A.
AI;AI;ARS;CD;I;primary;;True;CEDEARs;AR0979595433;Cedears;;BANCO COMAFI S.A.
AIC;AI;cable;CD;C;primary;;True;CEDEARs;AR0979595433;Cedears;;BANCO COMAFI S.A.
AID;AI;MEP;CD;D;primary;;True;CEDEARs;AR0979595433;Cedears;;BANCO COMAFI S.A.
AIG;AIG;ARS;CD;G;primary;;True;CEDEARs;ARDEUT110640;Cedears;;BANCO COMAFI S.A.
AIGC;AIG;cable;CD;C;primary;;True;CEDEARs;ARDEUT110640;Cedears;;BANCO COMAFI S.A.
AIGD;AIG;MEP;CD;D;primary;;True;CEDEARs;ARDEUT110640;Cedears;;BANCO COMAFI S.A.
AKO.B;AKO;ARS;CD;O;otro;B;False;CEDEARs;ARBCOM4603Q0;Cedears;;BANCO COMAFI S.A.
AKOBC;AKOB;cable;CD;C;primary;;True;CEDEARs;ARBCOM4603Q0;Cedears;;BANCO COMAFI S.A.
AKOBD;AKOB;MEP;CD;D;primary;;True;CEDEARs;ARBCOM4603Q0;Cedears;;BANCO COMAFI S.A.
ALAB;ALAB;ARS;CD;B;primary;;True;CEDEARs;AR0717084534;Cedears;;BANCO COMAFI S.A.
ALAD;ALA;MEP;CD;D;primary;;True;CEDEARs;AR0717084534;Cedears;;BANCO COMAFI S.A.
AMAT;AMAT;ARS;CD;T;primary;;True;CEDEARs;ARDEUT110657;Cedears;;BANCO COMAFI S.A.
AMATC;AMAT;cable;CD;C;primary;;True;CEDEARs;ARDEUT110657;Cedears;;BANCO COMAFI S.A.
AMATD;AMAT;MEP;CD;D;primary;;True;CEDEARs;ARDEUT110657;Cedears;;BANCO COMAFI S.A.
AMD.B;AMD;ARS;CD;D;otro;B;False;CEDEARs;ARBCOM4601M3;Cedears;;BANCO COMAFI S.A.
AMD;AMD;ARS;CD;D;primary;;True;CEDEARs;ARBCOM4601M3;Cedears;;BANCO COMAFI S.A.
AMDC;AMD;cable;CD;C;primary;;True;CEDEARs;ARBCOM4601M3;Cedears;;BANCO COMAFI S.A.
AMDD;AMD;MEP;CD;D;primary;;True;CEDEARs;ARBCOM4601M3;Cedears;;BANCO COMAFI S.A.
AMDDB;AMDDB;MEP;CD;B;otro;;False;CEDEARs;ARBCOM4601M3;Cedears;;BANCO COMAFI S.A.
AMGN;AMGN;ARS;CD;N;primary;;True;CEDEARs;ARDEUT110665;Cedears;;BANCO COMAFI S.A.
AMGNB;AMGN;ARS;CD;B;otro;;False;CEDEARs;ARDEUT110665;Cedears;;BANCO COMAFI S.A.
AMGNC;AMGN;cable;CD;C;primary;;True;CEDEARs;ARDEUT110665;Cedears;;BANCO COMAFI S.A.
AMGND;AMGN;MEP;CD;D;primary;;True;CEDEARs;ARDEUT110665;Cedears;;BANCO COMAFI S.A.
AMX.B;AM;ARS;CD;X;otro;B;False;CEDEARs;ARDEUT112646;Cedears;;BANCO COMAFI S.A.
AMX;AM;ARS;CD;X;especial;;False;CEDEARs;ARDEUT112646;Cedears;;BANCO COMAFI S.A.
AMXC;AMX;cable;CD;C;primary;;True;CEDEARs;ARDEUT112646;Cedears;;BANCO COMAFI S.A.
AMXD;AMX;MEP;CD;D;primary;;True;CEDEARs;ARDEUT112646;Cedears;;BANCO COMAFI S.A.
AMZN;AMZN;ARS;CD;N;primary;;True;CEDEARs;ARBCOM460176;Cedears;;BANCO COMAFI S.A.
AMZNB;AMZN;ARS;CD;B;otro;;False;CEDEARs;ARBCOM460176;Cedears;;BANCO COMAFI S.A.
AMZNC;AMZN;cable;CD;C;primary;;True;CEDEARs;ARBCOM460176;Cedears;;BANCO COMAFI S.A.
AMZND;AMZN;MEP;CD;D;primary;;True;CEDEARs;ARBCOM460176;Cedears;;BANCO COMAFI S.A.
ANET;ANET;ARS;CD;T;primary;;True;CEDEARs;AR0827075372;Cedears;;BANCO COMAFI S.A.
ANETC;ANET;cable;CD;C;primary;;True;CEDEARs;AR0827075372;Cedears;;BANCO COMAFI S.A.
ANETD;ANET;MEP;CD;D;primary;;True;CEDEARs;AR0827075372;Cedears;;BANCO COMAFI S.A.
ANF;ANF;ARS;CD;F;primary;;True;CEDEARs;ARBCOM4601P6;Cedears;;BANCO COMAFI S.A.
ANFB;ANF;ARS;CD;B;otro;;False;CEDEARs;ARBCOM4601P6;Cedears;;BANCO COMAFI S.A.
ANFC;ANF;cable;CD;C;primary;;True;CEDEARs;ARBCOM4601P6;Cedears;;BANCO COMAFI S.A.
ANFD;ANF;MEP;CD;D;primary;;True;CEDEARs;ARBCOM4601P6;Cedears;;BANCO COMAFI S.A.
ARCO;ARCO;ARS;CD;O;primary;;True;CEDEARs;ARBCOM460135;Cedears;;BANCO COMAFI S.A.
ARCOC;ARCO;cable;CD;C;primary;;True;CEDEARs;ARBCOM460135;Cedears;;BANCO COMAFI S.A.
ARCOD;ARCO;MEP;CD;D;primary;;True;CEDEARs;ARBCOM460135;Cedears;;BANCO COMAFI S.A.
ARKK;ARKK;ARS;CD;K;primary;;True;CEDEARs;ARCAVA460123;Cedears;;Caja de Valores S.A.
ARKKB;ARKK;ARS;CD;B;otro;;False;CEDEARs;ARCAVA460123;Cedears;;Caja de Valores S.A.
ARKKC;ARKK;cable;CD;C;primary;;True;CEDEARs;ARCAVA460123;Cedears;;Caja de Valores S.A.
ARKKD;ARKK;MEP;CD;D;primary;;True;CEDEARs;ARCAVA460123;Cedears;;Caja de Valores S.A.
ARM;ARM;ARS;CD;M;primary;;True;CEDEARs;AR0489277225;Cedears;;BANCO COMAFI S.A.
ARMD;ARM;MEP;CD;D;primary;;True;CEDEARs;AR0489277225;Cedears;;BANCO COMAFI S.A.
ASML;ASML;ARS;CD;L;primary;;True;CEDEARs;AR0725224551;Cedears;;BANCO COMAFI S.A.
ASMLB;ASML;ARS;CD;B;otro;;False;CEDEARs;AR0725224551;Cedears;;BANCO COMAFI S.A.
ASMLC;ASML;cable;CD;C;primary;;True;CEDEARs;AR0725224551;Cedears;;BANCO COMAFI S.A.
ASMLD;ASML;MEP;CD;D;primary;;True;CEDEARs;AR0725224551;Cedears;;BANCO COMAFI S.A.
ASR;ASR;ARS;CD;R;primary;;True;CEDEARs;ARDEUT115185;Cedears;;BANCO COMAFI S.A.
ASTS;ASTS;ARS;CD;S;primary;;True;CEDEARs;AR0908449421;Cedears;;BANCO COMAFI S.A.
ASTSC;ASTS;cable;CD;C;primary;;True;CEDEARs;AR0908449421;Cedears;;BANCO COMAFI S.A.
ASTSD;ASTS;MEP;CD;D;primary;;True;CEDEARs;AR0908449421;Cedears;;BANCO COMAFI S.A.
AVGO;AVGO;ARS;CD;O;primary;;True;CEDEARs;ARBCOM4603J5;Cedears;;BANCO COMAFI S.A.
AVGOC;AVGO;cable;CD;C;primary;;True;CEDEARs;ARBCOM4603J5;Cedears;;BANCO COMAFI S.A.
AVGOD;AVGO;MEP;CD;D;primary;;True;CEDEARs;ARBCOM4603J5;Cedears;;BANCO COMAFI S.A.
AVY.B;AVY;ARS;CD;Y;otro;B;False;CEDEARs;ARDEUT110707;Cedears;;BANCO COMAFI S.A.
AVY;AVY;ARS;CD;Y;primary;;True;CEDEARs;ARDEUT110707;Cedears;;BANCO COMAFI S.A.
AVYC;AVY;cable;CD;C;primary;;True;CEDEARs;ARDEUT110707;Cedears;;BANCO COMAFI S.A.
AVYD;AVY;MEP;CD;D;primary;;True;CEDEARs;ARDEUT110707;Cedears;;BANCO COMAFI S.A.
AVYDB;AVYDB;MEP;CD;B;otro;;False;CEDEARs;ARDEUT110707;Cedears;;BANCO COMAFI S.A.
AXIA;AXIA;ARS;CD;A;primary;;True;CEDEARs;ARBCOM4602G3;Cedears;;BANCO COMAFI S.A.
AXIAC;AXIA;cable;CD;C;primary;;True;CEDEARs;ARBCOM4602G3;Cedears;;BANCO COMAFI S.A.
AXIAD;AXIA;MEP;CD;D;primary;;True;CEDEARs;ARBCOM4602G3;Cedears;;BANCO COMAFI S.A.
AXP.B;AXP;ARS;CD;P;otro;B;False;CEDEARs;ARDEUT110046;Cedears;;BANCO COMAFI S.A.
AXP;AXP;ARS;CD;P;primary;;True;CEDEARs;ARDEUT110046;Cedears;;BANCO COMAFI S.A.
AXPC;AXP;cable;CD;C;primary;;True;CEDEARs;ARDEUT110046;Cedears;;BANCO COMAFI S.A.
AXPD;AXP;MEP;CD;D;primary;;True;CEDEARs;ARDEUT110046;Cedears;;BANCO COMAFI S.A.
AZN;AZN;ARS;CD;N;primary;;True;CEDEARs;ARDEUT112489;Cedears;;BANCO COMAFI S.A.
AZNC;AZN;cable;CD;C;primary;;True;CEDEARs;ARDEUT112489;Cedears;;BANCO COMAFI S.A.
AZND;AZN;MEP;CD;D;primary;;True;CEDEARs;ARDEUT112489;Cedears;;BANCO COMAFI S.A.
B.B;B;ARS;CD;B;otro;B;False;CEDEARs;ARDEUT112562;Cedears;;BANCO COMAFI S.A.
B.C;B;cable;CD;B;otro;C;False;CEDEARs;ARDEUT112562;Cedears;;BANCO COMAFI S.A.
B.D;B;MEP;CD;B;otro;D;False;CEDEARs;ARDEUT112562;Cedears;;BANCO COMAFI S.A.
B;B;ARS;CD;B;primary;;True;CEDEARs;ARDEUT112562;Cedears;;BANCO COMAFI S.A.
BA..B;BA;ARS;CD;A;otro;.B;False;CEDEARs;ARDEUT110061;Cedears;;BANCO COMAFI S.A.
BA.C;BA;ARS;CD;A;otro;C;False;CEDEARs;ARDEUT110061;Cedears;;BANCO COMAFI S.A.
BA.CB;BA;ARS;CD;A;otro;CB;False;CEDEARs;ARDEUT110061;Cedears;;BANCO COMAFI S.A.
BA.CC;BA;cable;CD;A;otro;CC;False;CEDEARs;ARDEUT110061;Cedears;;BANCO COMAFI S.A.
BA.CD;BA;MEP;CD;A;otro;CD;False;CEDEARs;ARDEUT110061;Cedears;;BANCO COMAFI S.A.
BA;BA;ARS;CD;A;primary;;True;CEDEARs;ARDEUT110061;Cedears;;BANCO COMAFI S.A.
BABA;BABA;ARS;CD;A;primary;;True;CEDEARs;ARBCOM4601T8;Cedears;;BANCO COMAFI S.A.
BABAB;BABA;ARS;CD;B;otro;;False;CEDEARs;ARBCOM4601T8;Cedears;;BANCO COMAFI S.A.
BABAC;BABA;cable;CD;C;primary;;True;CEDEARs;ARBCOM4601T8;Cedears;;BANCO COMAFI S.A.
BABAD;BABA;MEP;CD;D;primary;;True;CEDEARs;ARBCOM4601T8;Cedears;;BANCO COMAFI S.A.
BAC;BA;cable;CD;C;primary;;True;CEDEARs;ARDEUT110061;Cedears;;BANCO COMAFI S.A.
BAD;BA;MEP;CD;D;primary;;True;CEDEARs;ARDEUT110061;Cedears;;BANCO COMAFI S.A.
BAK;BAK;ARS;CD;K;primary;;True;CEDEARs;AR0261973801;Cedears;;BANCO COMAFI S.A.
BAKD;BAK;MEP;CD;D;primary;;True;CEDEARs;AR0261973801;Cedears;;BANCO COMAFI S.A.
BAS.B;BAS;ARS;CD;S;otro;B;False;CEDEARs;ARDEUT112497;Cedears;;BANCO COMAFI S.A.
BAS;BAS;ARS;CD;S;primary;;True;CEDEARs;ARDEUT112497;Cedears;;BANCO COMAFI S.A.
BASC;BAS;cable;CD;C;primary;;True;CEDEARs;ARDEUT112497;Cedears;;BANCO COMAFI S.A.
BAYN;BAYN;ARS;CD;N;primary;;True;CEDEARs;ARDEUT112414;Cedears;;BANCO COMAFI S.A.
BB.C;BB;cable;CD;B;otro;C;False;CEDEARs;ARDEUT116142;Cedears;;BANCO COMAFI S.A.
BB.D;BB;MEP;CD;B;otro;D;False;CEDEARs;ARDEUT116142;Cedears;;BANCO COMAFI S.A.
BB;B;ARS;CD;B;otro;;False;CEDEARs;ARDEUT112562;Cedears;;BANCO COMAFI S.A.
BBA3C;BBA3;cable;CD;C;primary;;True;CEDEARs;ARCAVA4601R4;Cedears;;Caja de Valores S.A.
BBA3D;BBA3;MEP;CD;D;primary;;True;CEDEARs;ARCAVA4601R4;Cedears;;Caja de Valores S.A.
BBAS3;BBAS3;ARS;CD;3;primary;;True;CEDEARs;ARCAVA4601R4;Cedears;;Caja de Valores S.A.
BBD;BBD;ARS;CD;D;primary;;True;CEDEARs;ARDEUT116001;Cedears;;BANCO COMAFI S.A.
BBDB;BBD;ARS;CD;B;otro;;False;CEDEARs;ARDEUT116001;Cedears;;BANCO COMAFI S.A.
BBDC;BBD;cable;CD;C;primary;;True;CEDEARs;ARDEUT116001;Cedears;;BANCO COMAFI S.A.
BBDC3;BBDC3;ARS;CD;3;primary;;True;CEDEARs;ARCAVA4601M5;Cedears;;Caja de Valores S.A.
BBDCD;BBDC;MEP;CD;D;primary;;True;CEDEARs;ARCAVA4601M5;Cedears;;Caja de Valores S.A.
BBDD;BBD;MEP;CD;D;primary;;True;CEDEARs;ARDEUT116001;Cedears;;BANCO COMAFI S.A.
BBV;BBV;ARS;CD;V;primary;;True;CEDEARs;ARDEUT112232;Cedears;;BANCO COMAFI S.A.
BBVD;BBV;MEP;CD;D;primary;;True;CEDEARs;ARDEUT112232;Cedears;;BANCO COMAFI S.A.
BCS;BCS;ARS;CD;S;primary;;True;CEDEARs;ARDEUT111770;Cedears;;BANCO COMAFI S.A.
BCSC;BCS;cable;CD;C;primary;;True;CEDEARs;ARDEUT111770;Cedears;;BANCO COMAFI S.A.
BHP;BHP;ARS;CD;P;primary;;True;CEDEARs;ARDEUT112992;Cedears;;BANCO COMAFI S.A.
BHPC;BHP;cable;CD;C;primary;;True;CEDEARs;ARDEUT112992;Cedears;;BANCO COMAFI S.A.
BHPD;BHP;MEP;CD;D;primary;;True;CEDEARs;ARDEUT112992;Cedears;;BANCO COMAFI S.A.
BHPDB;BHPDB;MEP;CD;B;otro;;False;CEDEARs;ARDEUT112992;Cedears;;BANCO COMAFI S.A.
BIDU;BIDU;ARS;CD;U;primary;;True;CEDEARs;ARBCOM4601U6;Cedears;;BANCO COMAFI S.A.
BIDUB;BIDU;ARS;CD;B;otro;;False;CEDEARs;ARBCOM4601U6;Cedears;;BANCO COMAFI S.A.
BIDUC;BIDU;cable;CD;C;primary;;True;CEDEARs;ARBCOM4601U6;Cedears;;BANCO COMAFI S.A.
BIDUD;BIDU;MEP;CD;D;primary;;True;CEDEARs;ARBCOM4601U6;Cedears;;BANCO COMAFI S.A.
BIIB;BIIB;ARS;CD;B;primary;;True;CEDEARs;ARBCOM4601A8;Cedears;;BANCO COMAFI S.A.
BIIBC;BIIB;cable;CD;C;primary;;True;CEDEARs;ARBCOM4601A8;Cedears;;BANCO COMAFI S.A.
BIIBD;BIIB;MEP;CD;D;primary;;True;CEDEARs;ARBCOM4601A8;Cedears;;BANCO COMAFI S.A.
BIOX;BIO;ARS;CD;X;especial;;False;CEDEARs;ARBCOM4603K3;Cedears;;BANCO COMAFI S.A.
BIOXB;BIOX;ARS;CD;B;otro;;False;CEDEARs;ARBCOM4603K3;Cedears;;BANCO COMAFI S.A.
BIOXC;BIOX;cable;CD;C;primary;;True;CEDEARs;ARBCOM4603K3;Cedears;;BANCO COMAFI S.A.
BIOXD;BIOX;MEP;CD;D;primary;;True;CEDEARs;ARBCOM4603K3;Cedears;;BANCO COMAFI S.A.
BKNG;BKNG;ARS;CD;G;primary;;True;CEDEARs;AR0171546572;Cedears;;BANCO COMAFI S.A.
BKNGC;BKNG;cable;CD;C;primary;;True;CEDEARs;AR0171546572;Cedears;;BANCO COMAFI S.A.
BKNGD;BKNG;MEP;CD;D;primary;;True;CEDEARs;AR0171546572;Cedears;;BANCO COMAFI S.A.
BKR;BKR;ARS;CD;R;primary;;True;CEDEARs;AR0302010498;Cedears;;BANCO COMAFI S.A.
BKRC;BKR;cable;CD;C;primary;;True;CEDEARs;AR0302010498;Cedears;;BANCO COMAFI S.A.
BKRD;BKR;MEP;CD;D;primary;;True;CEDEARs;AR0302010498;Cedears;;BANCO COMAFI S.A.
BMNR;BMNR;ARS;CD;R;primary;;True;CEDEARs;AR0701450691;Cedears;;BANCO COMAFI S.A.
BMNRC;BMNR;cable;CD;C;primary;;True;CEDEARs;AR0701450691;Cedears;;BANCO COMAFI S.A.
BMNRD;BMNR;MEP;CD;D;primary;;True;CEDEARs;AR0701450691;Cedears;;BANCO COMAFI S.A.
BMY;BMY;ARS;CD;Y;primary;;True;CEDEARs;ARDEUT112877;Cedears;;BANCO COMAFI S.A.
BMYB;BMY;ARS;CD;B;otro;;False;CEDEARs;ARDEUT112877;Cedears;;BANCO COMAFI S.A.
BMYC;BMY;cable;CD;C;primary;;True;CEDEARs;ARDEUT112877;Cedears;;BANCO COMAFI S.A.
BMYD;BMY;MEP;CD;D;primary;;True;CEDEARs;ARDEUT112877;Cedears;;BANCO COMAFI S.A.
BNG;BNG;ARS;CD;G;primary;;True;CEDEARs;ARDEUT115029;Cedears;;BANCO COMAFI S.A.
BNGB;BNG;ARS;CD;B;otro;;False;CEDEARs;ARDEUT115029;Cedears;;BANCO COMAFI S.A.
BNGC;BNG;cable;CD;C;primary;;True;CEDEARs;ARDEUT115029;Cedears;;BANCO COMAFI S.A.
BNGD;BNG;MEP;CD;D;primary;;True;CEDEARs;ARDEUT115029;Cedears;;BANCO COMAFI S.A.
BNY;BNY;ARS;CD;Y;primary;;True;CEDEARs;ARDEUT110756;Cedears;;BANCO COMAFI S.A.
BNYB;BNY;ARS;CD;B;otro;;False;CEDEARs;ARDEUT110756;Cedears;;BANCO COMAFI S.A.
BNYC;BNY;cable;CD;C;primary;;True;CEDEARs;ARDEUT110756;Cedears;;BANCO COMAFI S.A.
BNYD;BNY;MEP;CD;D;primary;;True;CEDEARs;ARDEUT110756;Cedears;;BANCO COMAFI S.A.
BP;BP;ARS;CD;P;primary;;True;CEDEARs;ARDEUT110582;Cedears;;BANCO COMAFI S.A.
BPA11;BPA11;ARS;CD;1;primary;;True;CEDEARs;ARCAVA460263;Cedears;;Caja de Valores S.A.
BPC;BP;cable;CD;C;primary;;True;CEDEARs;ARDEUT110582;Cedears;;BANCO COMAFI S.A.
BPD;BP;MEP;CD;D;primary;;True;CEDEARs;ARDEUT110582;Cedears;;BANCO COMAFI S.A.
BRKB;BRKB;ARS;CD;B;primary;;True;CEDEARs;ARBCOM4603L1;Cedears;;BANCO COMAFI S.A.
BRKBB;BRKB;ARS;CD;B;otro;;False;CEDEARs;ARBCOM4603L1;Cedears;;BANCO COMAFI S.A.
BRKBC;BRKB;cable;CD;C;primary;;True;CEDEARs;ARBCOM4603L1;Cedears;;BANCO COMAFI S.A.
BRKBD;BRKB;MEP;CD;D;primary;;True;CEDEARs;ARBCOM4603L1;Cedears;;BANCO COMAFI S.A.
BSBR;BSBR;ARS;CD;R;primary;;True;CEDEARs;ARDEUT115995;Cedears;;BANCO COMAFI S.A.
BSN.B;BSN;ARS;CD;N;otro;B;False;CEDEARs;ARDEUT110491;Cedears;;BANCO COMAFI S.A.
BSN;BSN;ARS;CD;N;primary;;True;CEDEARs;ARDEUT110491;Cedears;;BANCO COMAFI S.A.
BSNC;BSN;cable;CD;C;primary;;True;CEDEARs;ARDEUT110491;Cedears;;BANCO COMAFI S.A.
BX;B;ARS;CD;X;especial;;False;CEDEARs;ARDEUT112562;Cedears;;BANCO COMAFI S.A.
BXC;BX;cable;CD;C;primary;;True;CEDEARs;AR0103922032;Cedears;;BANCO COMAFI S.A.
BXD;BX;MEP;CD;D;primary;;True;CEDEARs;AR0103922032;Cedears;;BANCO COMAFI S.A.
C...B;C;ARS;CD;C;otro;..B;False;CEDEARs;ARDEUT110426;Cedears;;BANCO COMAFI S.A.
C.D;C;MEP;CD;C;otro;D;False;CEDEARs;ARDEUT110426;Cedears;;BANCO COMAFI S.A.
C;C;ARS;CD;C;primary;;True;CEDEARs;ARDEUT110426;Cedears;;BANCO COMAFI S.A.
CAAP;CAAP;ARS;CD;P;primary;;True;CEDEARs;ARBCOM4603I7;Cedears;;BANCO COMAFI S.A.
CAAPC;CAAP;cable;CD;C;primary;;True;CEDEARs;ARBCOM4603I7;Cedears;;BANCO COMAFI S.A.
CAAPD;CAAP;MEP;CD;D;primary;;True;CEDEARs;ARBCOM4603I7;Cedears;;BANCO COMAFI S.A.
CAH;CAH;ARS;CD;H;primary;;True;CEDEARs;ARDEUT110798;Cedears;;BANCO COMAFI S.A.
CAHC;CAH;cable;CD;C;primary;;True;CEDEARs;ARDEUT110798;Cedears;;BANCO COMAFI S.A.
CAHD;CAH;MEP;CD;D;primary;;True;CEDEARs;ARDEUT110798;Cedears;;BANCO COMAFI S.A.
CAR.C;CAR;cable;CD;R;otro;C;False;CEDEARs;ARDEUT110822;Cedears;;BANCO COMAFI S.A.
CAR.D;CAR;MEP;CD;R;otro;D;False;CEDEARs;ARDEUT110822;Cedears;;BANCO COMAFI S.A.
CAR;CAR;ARS;CD;R;primary;;True;CEDEARs;ARDEUT110822;Cedears;;BANCO COMAFI S.A.
CAT.B;CAT;ARS;CD;T;otro;B;False;CEDEARs;ARDEUT110079;Cedears;;BANCO COMAFI S.A.
CAT;CAT;ARS;CD;T;primary;;True;CEDEARs;ARDEUT110079;Cedears;;BANCO COMAFI S.A.
CATC;CAT;cable;CD;C;primary;;True;CEDEARs;ARDEUT110079;Cedears;;BANCO COMAFI S.A.
CATD;CAT;MEP;CD;D;primary;;True;CEDEARs;ARDEUT110079;Cedears;;BANCO COMAFI S.A.
CC;C;cable;CD;C;primary;;True;CEDEARs;ARDEUT110426;Cedears;;BANCO COMAFI S.A.
CCJ;CCJ;ARS;CD;J;primary;;True;CEDEARs;AR0270854455;Cedears;;BANCO COMAFI S.A.
CCJC;CCJ;cable;CD;C;primary;;True;CEDEARs;AR0270854455;Cedears;;BANCO COMAFI S.A.
CCJD;CCJ;MEP;CD;D;primary;;True;CEDEARs;AR0270854455;Cedears;;BANCO COMAFI S.A.
CCL;CCL;ARS;CD;L;primary;;True;CEDEARs;AR0180391374;Cedears;;BANCO COMAFI S.A.
CCLC;CCL;cable;CD;C;primary;;True;CEDEARs;AR0180391374;Cedears;;BANCO COMAFI S.A.
CCLD;CCL;MEP;CD;D;primary;;True;CEDEARs;AR0180391374;Cedears;;BANCO COMAFI S.A.
CDE;CDE;ARS;CD;E;primary;;True;CEDEARs;ARDEUT115409;Cedears;;BANCO COMAFI S.A.
CDEB;CDE;ARS;CD;B;otro;;False;CEDEARs;ARDEUT115409;Cedears;;BANCO COMAFI S.A.
CDEC;CDE;cable;CD;C;primary;;True;CEDEARs;ARDEUT115409;Cedears;;BANCO COMAFI S.A.
CDED;CDE;MEP;CD;D;primary;;True;CEDEARs;ARDEUT115409;Cedears;;BANCO COMAFI S.A.
CEG;CEG;ARS;CD;G;primary;;True;CEDEARs;AR0100063491;Cedears;;BANCO COMAFI S.A.
CEGC;CEG;cable;CD;C;primary;;True;CEDEARs;AR0100063491;Cedears;;BANCO COMAFI S.A.
CEGD;CEG;MEP;CD;D;primary;;True;CEDEARs;AR0100063491;Cedears;;BANCO COMAFI S.A.
CIBR;CIBR;ARS;CD;R;primary;;True;CEDEARs;AR0110444327;Cedears;;Caja de Valores S.A.
CIBRC;CIBR;cable;CD;C;primary;;True;CEDEARs;AR0110444327;Cedears;;Caja de Valores S.A.
CIBRD;CIBR;MEP;CD;D;primary;;True;CEDEARs;AR0110444327;Cedears;;Caja de Valores S.A.
CL;CL;ARS;CD;L;primary;;True;CEDEARs;ARDEUT110855;Cedears;;BANCO COMAFI S.A.
CLC;CL;cable;CD;C;primary;;True;CEDEARs;ARDEUT110855;Cedears;;BANCO COMAFI S.A.
CLD;CL;MEP;CD;D;primary;;True;CEDEARs;ARDEUT110855;Cedears;;BANCO COMAFI S.A.
CLS;CLS;ARS;CD;S;primary;;True;CEDEARs;AR0777424190;Cedears;;BANCO COMAFI S.A.
CLSC;CLS;cable;CD;C;primary;;True;CEDEARs;AR0777424190;Cedears;;BANCO COMAFI S.A.
CLSD;CLS;MEP;CD;D;primary;;True;CEDEARs;AR0777424190;Cedears;;BANCO COMAFI S.A.
COIN;COIN;ARS;CD;N;primary;;True;CEDEARs;ARBCOM4603U2;Cedears;;BANCO COMAFI S.A.
COINB;COIN;ARS;CD;B;otro;;False;CEDEARs;ARBCOM4603U2;Cedears;;BANCO COMAFI S.A.
COINC;COIN;cable;CD;C;primary;;True;CEDEARs;ARBCOM4603U2;Cedears;;BANCO COMAFI S.A.
COIND;COIN;MEP;CD;D;primary;;True;CEDEARs;ARBCOM4603U2;Cedears;;BANCO COMAFI S.A.
COP;COP;ARS;CD;P;primary;;True;CEDEARs;AR0313306612;Cedears;;BANCO COMAFI S.A.
COPC;COP;cable;CD;C;primary;;True;CEDEARs;AR0313306612;Cedears;;BANCO COMAFI S.A.
COPD;COP;MEP;CD;D;primary;;True;CEDEARs;AR0313306612;Cedears;;BANCO COMAFI S.A.
COPX;COP;ARS;CD;X;especial;;False;CEDEARs;AR0313306612;Cedears;;BANCO COMAFI S.A.
COPXC;COPX;cable;CD;C;primary;;True;CEDEARs;AR0315114816;Cedears;;BANCO COMAFI S.A.
COPXD;COPX;MEP;CD;D;primary;;True;CEDEARs;AR0315114816;Cedears;;BANCO COMAFI S.A.
COST;COST;ARS;CD;T;primary;;True;CEDEARs;ARDEUT110863;Cedears;;BANCO COMAFI S.A.
COSTB;COST;ARS;CD;B;otro;;False;CEDEARs;ARDEUT110863;Cedears;;BANCO COMAFI S.A.
COSTC;COST;cable;CD;C;primary;;True;CEDEARs;ARDEUT110863;Cedears;;BANCO COMAFI S.A.
COSTD;COST;MEP;CD;D;primary;;True;CEDEARs;ARDEUT110863;Cedears;;BANCO COMAFI S.A.
CRM;CRM;ARS;CD;M;primary;;True;CEDEARs;ARBCOM4601J9;Cedears;;BANCO COMAFI S.A.
CRMB;CRM;ARS;CD;B;otro;;False;CEDEARs;ARBCOM4601J9;Cedears;;BANCO COMAFI S.A.
CRMC;CRM;cable;CD;C;primary;;True;CEDEARs;ARBCOM4601J9;Cedears;;BANCO COMAFI S.A.
CRMD;CRM;MEP;CD;D;primary;;True;CEDEARs;ARBCOM4601J9;Cedears;;BANCO COMAFI S.A.
CRWD;CRWD;ARS;CD;D;primary;;True;CEDEARs;AR0766021650;Cedears;;BANCO COMAFI S.A.
CRWDC;CRWD;cable;CD;C;primary;;True;CEDEARs;AR0766021650;Cedears;;BANCO COMAFI S.A.
CRWDD;CRWD;MEP;CD;D;primary;;True;CEDEARs;AR0766021650;Cedears;;BANCO COMAFI S.A.
CRWV;CRWV;ARS;CD;V;primary;;True;CEDEARs;AR0478754218;Cedears;;BANCO COMAFI S.A.
CRWVC;CRWV;cable;CD;C;primary;;True;CEDEARs;AR0478754218;Cedears;;BANCO COMAFI S.A.
CRWVD;CRWV;MEP;CD;D;primary;;True;CEDEARs;AR0478754218;Cedears;;BANCO COMAFI S.A.
CSCO;CSCO;ARS;CD;O;primary;;True;CEDEARs;ARDEUT110095;Cedears;;BANCO COMAFI S.A.
CSCOB;CSCO;ARS;CD;B;otro;;False;CEDEARs;ARDEUT110095;Cedears;;BANCO COMAFI S.A.
CSCOC;CSCO;cable;CD;C;primary;;True;CEDEARs;ARDEUT110095;Cedears;;BANCO COMAFI S.A.
CSCOD;CSCO;MEP;CD;D;primary;;True;CEDEARs;ARDEUT110095;Cedears;;BANCO COMAFI S.A.
CSNA3;CSNA3;ARS;CD;3;primary;;True;CEDEARs;ARCAVA460255;Cedears;;Caja de Valores S.A.
CVS;CVS;ARS;CD;S;primary;;True;CEDEARs;AR0107022060;Cedears;;BANCO COMAFI S.A.
CVSC;CVS;cable;CD;C;primary;;True;CEDEARs;AR0107022060;Cedears;;BANCO COMAFI S.A.
CVSD;CVS;MEP;CD;D;primary;;True;CEDEARs;AR0107022060;Cedears;;BANCO COMAFI S.A.
CVX.B;CV;ARS;CD;X;otro;B;False;CEDEARs;ARDEUT110087;Cedears;;BANCO COMAFI S.A.
CVX;CV;ARS;CD;X;especial;;False;CEDEARs;ARDEUT110087;Cedears;;BANCO COMAFI S.A.
CVXC;CVX;cable;CD;C;primary;;True;CEDEARs;ARDEUT110087;Cedears;;BANCO COMAFI S.A.
CVXD;CVX;MEP;CD;D;primary;;True;CEDEARs;ARDEUT110087;Cedears;;BANCO COMAFI S.A.
CX;C;ARS;CD;X;especial;;False;CEDEARs;ARDEUT110426;Cedears;;BANCO COMAFI S.A.
CXC;CX;cable;CD;C;primary;;True;CEDEARs;ARDEUT112216;Cedears;;BANCO COMAFI S.A.
CXD;CX;MEP;CD;D;primary;;True;CEDEARs;ARDEUT112216;Cedears;;BANCO COMAFI S.A.
DAL;DAL;ARS;CD;L;primary;;True;CEDEARs;AR0051689021;Cedears;;BANCO COMAFI S.A.
DALC;DAL;cable;CD;C;primary;;True;CEDEARs;AR0051689021;Cedears;;BANCO COMAFI S.A.
DALD;DAL;MEP;CD;D;primary;;True;CEDEARs;AR0051689021;Cedears;;BANCO COMAFI S.A.
DD;DD;ARS;CD;D;primary;;True;CEDEARs;ARDEUT110145;Cedears;;BANCO COMAFI S.A.
DDC;DD;cable;CD;C;primary;;True;CEDEARs;ARDEUT110145;Cedears;;BANCO COMAFI S.A.
DDD;DD;MEP;CD;D;primary;;True;CEDEARs;ARDEUT110145;Cedears;;BANCO COMAFI S.A.
DE;DE;ARS;CD;E;primary;;True;CEDEARs;ARDEUT110905;Cedears;;BANCO COMAFI S.A.
DEB;DE;ARS;CD;B;otro;;False;CEDEARs;ARDEUT110905;Cedears;;BANCO COMAFI S.A.
DEC;DE;cable;CD;C;primary;;True;CEDEARs;ARDEUT110905;Cedears;;BANCO COMAFI S.A.
DECK;DECK;ARS;CD;K;primary;;True;CEDEARs;AR0571828273;Cedears;;BANCO COMAFI S.A.
DECKC;DECK;cable;CD;C;primary;;True;CEDEARs;AR0571828273;Cedears;;BANCO COMAFI S.A.
DECKD;DECK;MEP;CD;D;primary;;True;CEDEARs;AR0571828273;Cedears;;BANCO COMAFI S.A.
DED;DE;MEP;CD;D;primary;;True;CEDEARs;ARDEUT110905;Cedears;;BANCO COMAFI S.A.
DEO;DEO;ARS;CD;O;primary;;True;CEDEARs;ARDEUT112505;Cedears;;BANCO COMAFI S.A.
DEOC;DEO;cable;CD;C;primary;;True;CEDEARs;ARDEUT112505;Cedears;;BANCO COMAFI S.A.
DEOD;DEO;MEP;CD;D;primary;;True;CEDEARs;ARDEUT112505;Cedears;;BANCO COMAFI S.A.
DHR;DHR;ARS;CD;R;primary;;True;CEDEARs;AR0002457668;Cedears;;BANCO COMAFI S.A.
DHRC;DHR;cable;CD;C;primary;;True;CEDEARs;AR0002457668;Cedears;;BANCO COMAFI S.A.
DHRD;DHR;MEP;CD;D;primary;;True;CEDEARs;AR0002457668;Cedears;;BANCO COMAFI S.A.
DIA;DIA;ARS;CD;A;primary;;True;CEDEARs;ARCAVA460107;Cedears;;Caja de Valores S.A.
DIAB;DIA;ARS;CD;B;otro;;False;CEDEARs;ARCAVA460107;Cedears;;Caja de Valores S.A.
DIAC;DIA;cable;CD;C;primary;;True;CEDEARs;ARCAVA460107;Cedears;;Caja de Valores S.A.
DIACB;DIACB;cable;CD;B;otro;;False;CEDEARs;ARCAVA460107;Cedears;;Caja de Valores S.A.
DIAD;DIA;MEP;CD;D;primary;;True;CEDEARs;ARCAVA460107;Cedears;;Caja de Valores S.A.
DIADB;DIADB;MEP;CD;B;otro;;False;CEDEARs;ARCAVA460107;Cedears;;Caja de Valores S.A.
DISN;DISN;ARS;CD;N;primary;;True;CEDEARs;ARDEUT110137;Cedears;;BANCO COMAFI S.A.
DISNB;DISN;ARS;CD;B;otro;;False;CEDEARs;ARDEUT110137;Cedears;;BANCO COMAFI S.A.
DISNC;DISN;cable;CD;C;primary;;True;CEDEARs;ARDEUT110137;Cedears;;BANCO COMAFI S.A.
DISND;DISN;MEP;CD;D;primary;;True;CEDEARs;ARDEUT110137;Cedears;;BANCO COMAFI S.A.
DJN3B;DJN3B;ARS;CD;B;primary;;True;CEDEARs;ARDEUT112687;Cedears;;BANCO COMAFI S.A.
DJN3C;DJN3;cable;CD;C;primary;;True;CEDEARs;ARDEUT112687;Cedears;;BANCO COMAFI S.A.
DJN3D;DJN3;MEP;CD;D;primary;;True;CEDEARs;ARDEUT112687;Cedears;;BANCO COMAFI S.A.
DJNJ3;DJNJ3;ARS;CD;3;primary;;True;CEDEARs;ARDEUT112687;Cedears;;BANCO COMAFI S.A.
DOCU;DOCU;ARS;CD;U;primary;;True;CEDEARs;ARBCOM4603H9;Cedears;;BANCO COMAFI S.A.
DOCUC;DOCU;cable;CD;C;primary;;True;CEDEARs;ARBCOM4603H9;Cedears;;BANCO COMAFI S.A.
DOCUD;DOCU;MEP;CD;D;primary;;True;CEDEARs;ARBCOM4603H9;Cedears;;BANCO COMAFI S.A.
DOW;DOW;ARS;CD;W;primary;;True;CEDEARs;ARBCOM460416;Cedears;;BANCO COMAFI S.A.
DOWB;DOW;ARS;CD;B;otro;;False;CEDEARs;ARBCOM460416;Cedears;;BANCO COMAFI S.A.
DOWC;DOW;cable;CD;C;primary;;True;CEDEARs;ARBCOM460416;Cedears;;BANCO COMAFI S.A.
DOWD;DOW;MEP;CD;D;primary;;True;CEDEARs;ARBCOM460416;Cedears;;BANCO COMAFI S.A.
DTEA;DTEA;ARS;CD;A;primary;;True;CEDEARs;ARDEUT111838;Cedears;;BANCO COMAFI S.A.
DTEAC;DTEA;cable;CD;C;primary;;True;CEDEARs;ARDEUT111838;Cedears;;BANCO COMAFI S.A.
DTEAD;DTEA;MEP;CD;D;primary;;True;CEDEARs;ARDEUT111838;Cedears;;BANCO COMAFI S.A.
E;E;ARS;CD;E;primary;;True;CEDEARs;ARDEUT112612;Cedears;;BANCO COMAFI S.A.
EA;EA;ARS;CD;A;primary;;True;CEDEARs;ARBCOM4603Y4;Cedears;;BANCO COMAFI S.A.
EAC;EA;cable;CD;C;primary;;True;CEDEARs;ARBCOM4603Y4;Cedears;;BANCO COMAFI S.A.
EAD;EA;MEP;CD;D;primary;;True;CEDEARs;ARBCOM4603Y4;Cedears;;BANCO COMAFI S.A.
EBAY;EBAY;ARS;CD;Y;primary;;True;CEDEARs;ARDEUT116167;Cedears;;BANCO COMAFI S.A.
EBAYC;EBAY;cable;CD;C;primary;;True;CEDEARs;ARDEUT116167;Cedears;;BANCO COMAFI S.A.
EBAYD;EBAY;MEP;CD;D;primary;;True;CEDEARs;ARDEUT116167;Cedears;;BANCO COMAFI S.A.
EC;EC;MEP;CD;C;otro;;False;CEDEARs;ARDEUT112612;Cedears;;BANCO COMAFI S.A.
ECL;ECL;ARS;CD;L;primary;;True;CEDEARs;AR0866277863;Cedears;;BANCO COMAFI S.A.
ECLC;ECL;cable;CD;C;primary;;True;CEDEARs;AR0866277863;Cedears;;BANCO COMAFI S.A.
ECLD;ECL;MEP;CD;D;primary;;True;CEDEARs;AR0866277863;Cedears;;BANCO COMAFI S.A.
EEM;EEM;ARS;CD;M;primary;;True;CEDEARs;ARCAVA4600X4;Cedears;;Caja de Valores S.A.
EEMB;EEM;ARS;CD;B;otro;;False;CEDEARs;ARCAVA4600X4;Cedears;;Caja de Valores S.A.
EEMC;EEM;cable;CD;C;primary;;True;CEDEARs;ARCAVA4600X4;Cedears;;Caja de Valores S.A.
EEMD;EEM;MEP;CD;D;primary;;True;CEDEARs;ARCAVA4600X4;Cedears;;Caja de Valores S.A.
EFA;EFA;ARS;CD;A;primary;;True;CEDEARs;AR0406299526;Cedears;;BANCO COMAFI S.A.
EFAC;EFA;cable;CD;C;primary;;True;CEDEARs;AR0406299526;Cedears;;BANCO COMAFI S.A.
EFAD;EFA;MEP;CD;D;primary;;True;CEDEARs;AR0406299526;Cedears;;BANCO COMAFI S.A.
EFX;EF;ARS;CD;X;especial;;False;CEDEARs;ARBCOM460325;Cedears;;BANCO COMAFI S.A.
EFXC;EFX;cable;CD;C;primary;;True;CEDEARs;ARBCOM460325;Cedears;;BANCO COMAFI S.A.
EFXD;EFX;MEP;CD;D;primary;;True;CEDEARs;ARBCOM460325;Cedears;;BANCO COMAFI S.A.
ELPC;ELP;cable;CD;C;primary;;True;CEDEARs;ARBCOM460283;Cedears;;BANCO COMAFI S.A.
ELPCC;ELPC;cable;CD;C;primary;;True;CEDEARs;ARBCOM460283;Cedears;;BANCO COMAFI S.A.
EMBJ;EMBJ;ARS;CD;J;primary;;True;CEDEARs;ARBCOM460291;Cedears;;BANCO COMAFI S.A.
EMBJD;EMBJ;MEP;CD;D;primary;;True;CEDEARs;ARBCOM460291;Cedears;;BANCO COMAFI S.A.
EOAN;EOAN;ARS;CD;N;primary;;True;CEDEARs;ARDEUT112109;Cedears;;BANCO COMAFI S.A.
EOANB;EOAN;ARS;CD;B;otro;;False;CEDEARs;ARDEUT112109;Cedears;;BANCO COMAFI S.A.
EOANC;EOANC;MEP;CD;C;otro;;False;CEDEARs;ARDEUT112109;Cedears;;BANCO COMAFI S.A.
EQNR;EQNR;ARS;CD;R;primary;;True;CEDEARs;AR0626892837;Cedears;;BANCO COMAFI S.A.
ERIC;ERIC;ARS;CD;C;primary;;True;CEDEARs;ARDEUT110525;Cedears;;BANCO COMAFI S.A.
ERICC;ERIC;cable;CD;C;primary;;True;CEDEARs;ARDEUT110525;Cedears;;BANCO COMAFI S.A.
ERICD;ERIC;MEP;CD;D;primary;;True;CEDEARs;ARDEUT110525;Cedears;;BANCO COMAFI S.A.
ESGU;ESGU;ARS;CD;U;primary;;True;CEDEARs;AR0572847066;Cedears;;BANCO COMAFI S.A.
ESGUC;ESGU;cable;CD;C;primary;;True;CEDEARs;AR0572847066;Cedears;;BANCO COMAFI S.A.
ESGUD;ESGU;MEP;CD;D;primary;;True;CEDEARs;AR0572847066;Cedears;;BANCO COMAFI S.A.
ETHA;ETHA;ARS;CD;A;primary;;True;CEDEARs;AR0904623763;Cedears;;Caja de Valores S.A.
ETHAB;ETHA;ARS;CD;B;otro;;False;CEDEARs;AR0904623763;Cedears;;Caja de Valores S.A.
ETHAC;ETHA;cable;CD;C;primary;;True;CEDEARs;AR0904623763;Cedears;;Caja de Valores S.A.
ETHAD;ETHA;MEP;CD;D;primary;;True;CEDEARs;AR0904623763;Cedears;;Caja de Valores S.A.
ETHCB;ETHCB;cable;CD;B;otro;;False;CEDEARs;AR0904623763;Cedears;;Caja de Valores S.A.
ETHDB;ETHDB;MEP;CD;B;otro;;False;CEDEARs;AR0904623763;Cedears;;Caja de Valores S.A.
ETSY;ETSY;ARS;CD;Y;primary;;True;CEDEARs;ARBCOM4603G1;Cedears;;BANCO COMAFI S.A.
ETSYB;ETSY;ARS;CD;B;otro;;False;CEDEARs;ARBCOM4603G1;Cedears;;BANCO COMAFI S.A.
ETSYC;ETSY;cable;CD;C;primary;;True;CEDEARs;ARBCOM4603G1;Cedears;;BANCO COMAFI S.A.
ETSYD;ETSY;MEP;CD;D;primary;;True;CEDEARs;ARBCOM4603G1;Cedears;;BANCO COMAFI S.A.
EWJ;EWJ;ARS;CD;J;primary;;True;CEDEARs;AR0582556699;Cedears;;BANCO COMAFI S.A.
EWJC;EWJ;cable;CD;C;primary;;True;CEDEARs;AR0582556699;Cedears;;BANCO COMAFI S.A.
EWJD;EWJ;MEP;CD;D;primary;;True;CEDEARs;AR0582556699;Cedears;;BANCO COMAFI S.A.
EWY;EWY;ARS;CD;Y;primary;;True;CEDEARs;AR0757236192;Cedears;;Caja de Valores S.A.
EWYC;EWY;cable;CD;C;primary;;True;CEDEARs;AR0757236192;Cedears;;Caja de Valores S.A.
EWYD;EWY;MEP;CD;D;primary;;True;CEDEARs;AR0757236192;Cedears;;Caja de Valores S.A.
EWZ;EWZ;ARS;CD;Z;primary;;True;CEDEARs;ARCAVA460115;Cedears;;Caja de Valores S.A.
EWZB;EWZ;ARS;CD;B;otro;;False;CEDEARs;ARCAVA460115;Cedears;;Caja de Valores S.A.
EWZC;EWZ;cable;CD;C;primary;;True;CEDEARs;ARCAVA460115;Cedears;;Caja de Valores S.A.
EWZCB;EWZCB;cable;CD;B;otro;;False;CEDEARs;ARCAVA460115;Cedears;;Caja de Valores S.A.
EWZD;EWZ;MEP;CD;D;primary;;True;CEDEARs;ARCAVA460115;Cedears;;Caja de Valores S.A.
EWZDB;EWZDB;MEP;CD;B;otro;;False;CEDEARs;ARCAVA460115;Cedears;;Caja de Valores S.A.
F.B;F;ARS;CD;F;otro;B;False;CEDEARs;ARCAVA460149;Cedears;;Caja de Valores S.A.
F;F;ARS;CD;F;primary;;True;CEDEARs;ARCAVA460149;Cedears;;Caja de Valores S.A.
FC;F;cable;CD;C;primary;;True;CEDEARs;ARCAVA460149;Cedears;;Caja de Valores S.A.
FCX;FC;ARS;CD;X;especial;;False;CEDEARs;ARDEUT116076;Cedears;;BANCO COMAFI S.A.
FCXB;FCX;ARS;CD;B;otro;;False;CEDEARs;ARDEUT116076;Cedears;;BANCO COMAFI S.A.
FCXC;FCXC;MEP;CD;C;otro;;False;CEDEARs;ARDEUT116076;Cedears;;BANCO COMAFI S.A.
FCXD;FCX;MEP;CD;D;primary;;True;CEDEARs;ARDEUT116076;Cedears;;BANCO COMAFI S.A.
FD;F;MEP;CD;D;primary;;True;CEDEARs;ARCAVA460149;Cedears;;Caja de Valores S.A.
FDX;FD;ARS;CD;X;especial;;False;CEDEARs;ARDEUT110962;Cedears;;BANCO COMAFI S.A.
FDXB;FDX;ARS;CD;B;otro;;False;CEDEARs;ARDEUT110962;Cedears;;BANCO COMAFI S.A.
FDXC;FDX;cable;CD;C;primary;;True;CEDEARs;ARDEUT110962;Cedears;;BANCO COMAFI S.A.
FDXD;FDX;MEP;CD;D;primary;;True;CEDEARs;ARDEUT110962;Cedears;;BANCO COMAFI S.A.
FISV;FISV;ARS;CD;V;primary;;True;CEDEARs;AR0997854325;Cedears;;BANCO COMAFI S.A.
FISVD;FISV;MEP;CD;D;primary;;True;CEDEARs;AR0997854325;Cedears;;BANCO COMAFI S.A.
FMCC;FMCC;ARS;CD;C;primary;;True;CEDEARs;ARDEUT112323;Cedears;;BANCO COMAFI S.A.
FMX.B;FM;ARS;CD;X;otro;B;False;CEDEARs;ARDEUT111853;Cedears;;BANCO COMAFI S.A.
FMX;FM;ARS;CD;X;especial;;False;CEDEARs;ARDEUT111853;Cedears;;BANCO COMAFI S.A.
FMXC;FMX;cable;CD;C;primary;;True;CEDEARs;ARDEUT111853;Cedears;;BANCO COMAFI S.A.
FMXD;FMX;MEP;CD;D;primary;;True;CEDEARs;ARDEUT111853;Cedears;;BANCO COMAFI S.A.
FNMA;FNMA;ARS;CD;A;primary;;True;CEDEARs;ARDEUT110970;Cedears;;BANCO COMAFI S.A.
FSLR;FSLR;ARS;CD;R;primary;;True;CEDEARs;ARDEUT116126;Cedears;;BANCO COMAFI S.A.
FSLRB;FSLR;ARS;CD;B;otro;;False;CEDEARs;ARDEUT116126;Cedears;;BANCO COMAFI S.A.
FSLRC;FSLR;cable;CD;C;primary;;True;CEDEARs;ARDEUT116126;Cedears;;BANCO COMAFI S.A.
FSLRD;FSLR;MEP;CD;D;primary;;True;CEDEARs;ARDEUT116126;Cedears;;BANCO COMAFI S.A.
FXI;FXI;ARS;CD;I;primary;;True;CEDEARs;AR0033445195;Cedears;;BANCO COMAFI S.A.
FXIC;FXI;cable;CD;C;primary;;True;CEDEARs;AR0033445195;Cedears;;BANCO COMAFI S.A.
FXID;FXI;MEP;CD;D;primary;;True;CEDEARs;AR0033445195;Cedears;;BANCO COMAFI S.A.
GDX;GD;ARS;CD;X;especial;;False;CEDEARs;AR0727034941;Cedears;;BANCO COMAFI S.A.
GDXC;GDX;cable;CD;C;primary;;True;CEDEARs;AR0727034941;Cedears;;BANCO COMAFI S.A.
GDXD;GDX;MEP;CD;D;primary;;True;CEDEARs;AR0727034941;Cedears;;BANCO COMAFI S.A.
GE..B;GE;ARS;CD;E;otro;.B;False;CEDEARs;ARDEUT110160;Cedears;;BANCO COMAFI S.A.
GE;GE;ARS;CD;E;primary;;True;CEDEARs;ARDEUT110160;Cedears;;BANCO COMAFI S.A.
GEC;GE;cable;CD;C;primary;;True;CEDEARs;ARDEUT110160;Cedears;;BANCO COMAFI S.A.
GED;GE;MEP;CD;D;primary;;True;CEDEARs;ARDEUT110160;Cedears;;BANCO COMAFI S.A.
GFI;GFI;ARS;CD;I;primary;;True;CEDEARs;ARDEUT115425;Cedears;;BANCO COMAFI S.A.
GGB;GGB;ARS;CD;B;primary;;True;CEDEARs;ARBCOM460200;Cedears;;BANCO COMAFI S.A.
GGBC;GGB;cable;CD;C;primary;;True;CEDEARs;ARBCOM460200;Cedears;;BANCO COMAFI S.A.
GGBD;GGB;MEP;CD;D;primary;;True;CEDEARs;ARBCOM460200;Cedears;;BANCO COMAFI S.A.
GILD;GILD;ARS;CD;D;primary;;True;CEDEARs;ARBCOM4601C4;Cedears;;BANCO COMAFI S.A.
GILDB;GILD;ARS;CD;B;otro;;False;CEDEARs;ARBCOM4601C4;Cedears;;BANCO COMAFI S.A.
GILDC;GILD;cable;CD;C;primary;;True;CEDEARs;ARBCOM4601C4;Cedears;;BANCO COMAFI S.A.
GILDD;GILD;MEP;CD;D;primary;;True;CEDEARs;ARBCOM4601C4;Cedears;;BANCO COMAFI S.A.
GLD;GLD;ARS;CD;D;primary;;True;CEDEARs;AR0082060689;Cedears;;Caja de Valores S.A.
GLDB;GLD;ARS;CD;B;otro;;False;CEDEARs;AR0082060689;Cedears;;Caja de Valores S.A.
GLDC;GLD;cable;CD;C;primary;;True;CEDEARs;AR0082060689;Cedears;;Caja de Valores S.A.
GLDCB;GLDCB;cable;CD;B;otro;;False;CEDEARs;AR0082060689;Cedears;;Caja de Valores S.A.
GLDD;GLD;MEP;CD;D;primary;;True;CEDEARs;AR0082060689;Cedears;;Caja de Valores S.A.
GLDDB;GLDDB;MEP;CD;B;otro;;False;CEDEARs;AR0082060689;Cedears;;Caja de Valores S.A.
GLNG;GLNG;ARS;CD;G;primary;;True;CEDEARs;AR0051097142;Cedears;;BANCO COMAFI S.A.
GLNGC;GLNG;cable;CD;C;primary;;True;CEDEARs;AR0051097142;Cedears;;BANCO COMAFI S.A.
GLNGD;GLNG;MEP;CD;D;primary;;True;CEDEARs;AR0051097142;Cedears;;BANCO COMAFI S.A.
GLOB;GLOB;ARS;CD;B;primary;;True;CEDEARs;ARBCOM460150;Cedears;;BANCO COMAFI S.A.
GLOBB;GLOB;ARS;CD;B;otro;;False;CEDEARs;ARBCOM460150;Cedears;;BANCO COMAFI S.A.
GLOBC;GLOB;cable;CD;C;primary;;True;CEDEARs;ARBCOM460150;Cedears;;BANCO COMAFI S.A.
GLOBD;GLOB;MEP;CD;D;primary;;True;CEDEARs;ARBCOM460150;Cedears;;BANCO COMAFI S.A.
GLW;GLW;ARS;CD;W;primary;;True;CEDEARs;ARDEUT111002;Cedears;;BANCO COMAFI S.A.
GLWC;GLW;cable;CD;C;primary;;True;CEDEARs;ARDEUT111002;Cedears;;BANCO COMAFI S.A.
GLWD;GLW;MEP;CD;D;primary;;True;CEDEARs;ARDEUT111002;Cedears;;BANCO COMAFI S.A.
GM;GM;ARS;CD;M;primary;;True;CEDEARs;ARBCOM460408;Cedears;;BANCO COMAFI S.A.
GMC;GM;cable;CD;C;primary;;True;CEDEARs;ARBCOM460408;Cedears;;BANCO COMAFI S.A.
GMD;GM;MEP;CD;D;primary;;True;CEDEARs;ARBCOM460408;Cedears;;BANCO COMAFI S.A.
GOGLB;GOGLB;ARS;CD;B;primary;;True;CEDEARs;ARDEUT116159;Cedears;;BANCO COMAFI S.A.
GOGLC;GOGL;cable;CD;C;primary;;True;CEDEARs;ARDEUT116159;Cedears;;BANCO COMAFI S.A.
GOGLD;GOGL;MEP;CD;D;primary;;True;CEDEARs;ARDEUT116159;Cedears;;BANCO COMAFI S.A.
GOOGL;GOOGL;ARS;CD;L;primary;;True;CEDEARs;ARDEUT116159;Cedears;;BANCO COMAFI S.A.
GPRK;GPRK;ARS;CD;K;primary;;True;CEDEARs;ARBCOM4603F3;Cedears;;BANCO COMAFI S.A.
GPRKB;GPRK;ARS;CD;B;otro;;False;CEDEARs;ARBCOM4603F3;Cedears;;BANCO COMAFI S.A.
GPRKC;GPRK;cable;CD;C;primary;;True;CEDEARs;ARBCOM4603F3;Cedears;;BANCO COMAFI S.A.
GPRKD;GPRK;MEP;CD;D;primary;;True;CEDEARs;ARBCOM4603F3;Cedears;;BANCO COMAFI S.A.
GRMN;GRMN;ARS;CD;N;primary;;True;CEDEARs;ARBCOM4601G5;Cedears;;BANCO COMAFI S.A.
GRMNC;GRMN;cable;CD;C;primary;;True;CEDEARs;ARBCOM4601G5;Cedears;;BANCO COMAFI S.A.
GRMND;GRMN;MEP;CD;D;primary;;True;CEDEARs;ARBCOM4601G5;Cedears;;BANCO COMAFI S.A.
GS;GS;ARS;CD;S;primary;;True;CEDEARs;ARBCOM460119;Cedears;;BANCO COMAFI S.A.
GSB;GS;ARS;CD;B;otro;;False;CEDEARs;ARBCOM460119;Cedears;;BANCO COMAFI S.A.
GSC;GS;cable;CD;C;primary;;True;CEDEARs;ARBCOM460119;Cedears;;BANCO COMAFI S.A.
GSD;GS;MEP;CD;D;primary;;True;CEDEARs;ARBCOM460119;Cedears;;BANCO COMAFI S.A.
GSDB;GSDB;MEP;CD;B;otro;;False;CEDEARs;ARBCOM460119;Cedears;;BANCO COMAFI S.A.
GSK;GSK;ARS;CD;K;primary;;True;CEDEARs;ARDEUT110483;Cedears;;BANCO COMAFI S.A.
GSKC;GSK;cable;CD;C;primary;;True;CEDEARs;ARDEUT110483;Cedears;;BANCO COMAFI S.A.
GSKD;GSK;MEP;CD;D;primary;;True;CEDEARs;ARDEUT110483;Cedears;;BANCO COMAFI S.A.
GT;GT;ARS;CD;T;primary;;True;CEDEARs;AR0539172129;Cedears;;BANCO COMAFI S.A.
GTC;GT;cable;CD;C;primary;;True;CEDEARs;AR0539172129;Cedears;;BANCO COMAFI S.A.
GTD;GT;MEP;CD;D;primary;;True;CEDEARs;AR0539172129;Cedears;;BANCO COMAFI S.A.
HAL;HAL;ARS;CD;L;primary;;True;CEDEARs;ARBCOM4603E6;Cedears;;BANCO COMAFI S.A.
HALB;HAL;ARS;CD;B;otro;;False;CEDEARs;ARBCOM4603E6;Cedears;;BANCO COMAFI S.A.
HALC;HAL;cable;CD;C;primary;;True;CEDEARs;ARBCOM4603E6;Cedears;;BANCO COMAFI S.A.
HALD;HAL;MEP;CD;D;primary;;True;CEDEARs;ARBCOM4603E6;Cedears;;BANCO COMAFI S.A.
HAP3C;HAP3;cable;CD;C;primary;;True;CEDEARs;ARCAVA460206;Cedears;;Caja de Valores S.A.
HAP3D;HAP3;MEP;CD;D;primary;;True;CEDEARs;ARCAVA460206;Cedears;;Caja de Valores S.A.
HAPV3;HAPV3;ARS;CD;3;primary;;True;CEDEARs;ARCAVA460206;Cedears;;Caja de Valores S.A.
HD..B;HD;ARS;CD;D;otro;.B;False;CEDEARs;ARDEUT111705;Cedears;;BANCO COMAFI S.A.
HD;HD;ARS;CD;D;primary;;True;CEDEARs;ARDEUT111705;Cedears;;BANCO COMAFI S.A.
HDB;HD;ARS;CD;B;otro;;False;CEDEARs;ARDEUT111705;Cedears;;BANCO COMAFI S.A.
HDBC;HDB;cable;CD;C;primary;;True;CEDEARs;ARDEUT114022;Cedears;;BANCO COMAFI S.A.
HDC;HD;cable;CD;C;primary;;True;CEDEARs;ARDEUT111705;Cedears;;BANCO COMAFI S.A.
HDD;HD;MEP;CD;D;primary;;True;CEDEARs;ARDEUT111705;Cedears;;BANCO COMAFI S.A.
HHPD;HHPD;ARS;CD;D;primary;;True;CEDEARs;ARDEUT115342;Cedears;;BANCO COMAFI S.A.
HIMS;HIMS;ARS;CD;S;primary;;True;CEDEARs;AR0162508391;Cedears;;BANCO COMAFI S.A.
HIMSC;HIMS;cable;CD;C;primary;;True;CEDEARs;AR0162508391;Cedears;;BANCO COMAFI S.A.
HIMSD;HIMS;MEP;CD;D;primary;;True;CEDEARs;AR0162508391;Cedears;;BANCO COMAFI S.A.
HL;HL;ARS;CD;L;primary;;True;CEDEARs;ARDEUT115417;Cedears;;BANCO COMAFI S.A.
HLC;HL;cable;CD;C;primary;;True;CEDEARs;ARDEUT115417;Cedears;;BANCO COMAFI S.A.
HLD;HL;MEP;CD;D;primary;;True;CEDEARs;ARDEUT115417;Cedears;;BANCO COMAFI S.A.
HMC.C;HM;cable;CD;C;otro;C;False;CEDEARs;ARDEUT112950;Cedears;;BANCO COMAFI S.A.
HMC.D;HMC;MEP;CD;C;otro;D;False;CEDEARs;ARDEUT112950;Cedears;;BANCO COMAFI S.A.
HMC;HMC;ARS;CD;C;primary;;True;CEDEARs;ARDEUT112950;Cedears;;BANCO COMAFI S.A.
HMY.B;HMY;ARS;CD;Y;otro;B;False;CEDEARs;ARDEUT115433;Cedears;;BANCO COMAFI S.A.
HMY;HMY;ARS;CD;Y;primary;;True;CEDEARs;ARDEUT115433;Cedears;;BANCO COMAFI S.A.
HMYC;HMY;cable;CD;C;primary;;True;CEDEARs;ARDEUT115433;Cedears;;BANCO COMAFI S.A.
HMYD;HMY;MEP;CD;D;primary;;True;CEDEARs;ARDEUT115433;Cedears;;BANCO COMAFI S.A.
HOG;HOG;ARS;CD;G;primary;;True;CEDEARs;ARDEUT111069;Cedears;;BANCO COMAFI S.A.
HON.B;HON;ARS;CD;N;otro;B;False;CEDEARs;ARDEUT110038;Cedears;;BANCO COMAFI S.A.
HON;HON;ARS;CD;N;primary;;True;CEDEARs;ARDEUT110038;Cedears;;BANCO COMAFI S.A.
HONC;HON;cable;CD;C;primary;;True;CEDEARs;ARDEUT110038;Cedears;;BANCO COMAFI S.A.
HOND;HON;MEP;CD;D;primary;;True;CEDEARs;ARDEUT110038;Cedears;;BANCO COMAFI S.A.
HOOD;HOOD;ARS;CD;D;primary;;True;CEDEARs;AR0780848096;Cedears;;BANCO COMAFI S.A.
HOODC;HOOD;cable;CD;C;primary;;True;CEDEARs;AR0780848096;Cedears;;BANCO COMAFI S.A.
HOODD;HOOD;MEP;CD;D;primary;;True;CEDEARs;AR0780848096;Cedears;;BANCO COMAFI S.A.
HPQ;HPQ;ARS;CD;Q;primary;;True;CEDEARs;ARDEUT110194;Cedears;;BANCO COMAFI S.A.
HPQB;HPQ;ARS;CD;B;otro;;False;CEDEARs;ARDEUT110194;Cedears;;BANCO COMAFI S.A.
HPQC;HPQ;cable;CD;C;primary;;True;CEDEARs;ARDEUT110194;Cedears;;BANCO COMAFI S.A.
HPQD;HPQ;MEP;CD;D;primary;;True;CEDEARs;ARDEUT110194;Cedears;;BANCO COMAFI S.A.
HSBC;HSBC;ARS;CD;C;primary;;True;CEDEARs;ARDEUT112257;Cedears;;BANCO COMAFI S.A.
HSBCC;HSBC;cable;CD;C;primary;;True;CEDEARs;ARDEUT112257;Cedears;;BANCO COMAFI S.A.
HSY;HSY;ARS;CD;Y;primary;;True;CEDEARs;ARDEUT111127;Cedears;;BANCO COMAFI S.A.
HSYB;HSY;ARS;CD;B;otro;;False;CEDEARs;ARDEUT111127;Cedears;;BANCO COMAFI S.A.
HSYC;HSY;cable;CD;C;primary;;True;CEDEARs;ARDEUT111127;Cedears;;BANCO COMAFI S.A.
HSYD;HSY;MEP;CD;D;primary;;True;CEDEARs;ARDEUT111127;Cedears;;BANCO COMAFI S.A.
HUT;HUT;ARS;CD;T;primary;;True;CEDEARs;ARCAVA4601H5;Cedears;;Caja de Valores S.A.
HUTB;HUT;ARS;CD;B;otro;;False;CEDEARs;ARCAVA4601H5;Cedears;;Caja de Valores S.A.
HUTC;HUT;cable;CD;C;primary;;True;CEDEARs;ARCAVA4601H5;Cedears;;Caja de Valores S.A.
HUTD;HUT;MEP;CD;D;primary;;True;CEDEARs;ARCAVA4601H5;Cedears;;Caja de Valores S.A.
HWM;HWM;ARS;CD;M;primary;;True;CEDEARs;ARDEUT110020;Cedears;;BANCO COMAFI S.A.
HWMC;HWM;cable;CD;C;primary;;True;CEDEARs;ARDEUT110020;Cedears;;BANCO COMAFI S.A.
HWMD;HWM;MEP;CD;D;primary;;True;CEDEARs;ARDEUT110020;Cedears;;BANCO COMAFI S.A.
IBB;IBB;ARS;CD;B;primary;;True;CEDEARs;AR0377480402;Cedears;;BANCO COMAFI S.A.
IBBC;IBB;cable;CD;C;primary;;True;CEDEARs;AR0377480402;Cedears;;BANCO COMAFI S.A.
IBBD;IBB;MEP;CD;D;primary;;True;CEDEARs;AR0377480402;Cedears;;BANCO COMAFI S.A.
IBICB;IBICB;cable;CD;B;otro;;False;CEDEARs;AR0626566167;Cedears;;BANCO COMAFI S.A.
IBIDB;IBIDB;MEP;CD;B;otro;;False;CEDEARs;AR0626566167;Cedears;;BANCO COMAFI S.A.
IBIT;IBIT;ARS;CD;T;primary;;True;CEDEARs;AR0626566167;Cedears;;BANCO COMAFI S.A.
IBITB;IBIT;ARS;CD;B;otro;;False;CEDEARs;AR0626566167;Cedears;;BANCO COMAFI S.A.
IBITC;IBIT;cable;CD;C;primary;;True;CEDEARs;AR0626566167;Cedears;;BANCO COMAFI S.A.
IBITD;IBIT;MEP;CD;D;primary;;True;CEDEARs;AR0626566167;Cedears;;BANCO COMAFI S.A.
IBM.B;IBM;ARS;CD;M;otro;B;False;CEDEARs;ARDEUT110202;Cedears;;BANCO COMAFI S.A.
IBM;IBM;ARS;CD;M;primary;;True;CEDEARs;ARDEUT110202;Cedears;;BANCO COMAFI S.A.
IBMC;IBM;cable;CD;C;primary;;True;CEDEARs;ARDEUT110202;Cedears;;BANCO COMAFI S.A.
IBMD;IBM;MEP;CD;D;primary;;True;CEDEARs;ARDEUT110202;Cedears;;BANCO COMAFI S.A.
IBN;IBN;ARS;CD;N;primary;;True;CEDEARs;ARDEUT114048;Cedears;;BANCO COMAFI S.A.
IBNC;IBN;cable;CD;C;primary;;True;CEDEARs;ARDEUT114048;Cedears;;BANCO COMAFI S.A.
ICLN;ICLN;ARS;CD;N;primary;;True;CEDEARs;AR0342969240;Cedears;;Caja de Valores S.A.
ICLNC;ICLN;cable;CD;C;primary;;True;CEDEARs;AR0342969240;Cedears;;Caja de Valores S.A.
ICLND;ICLN;MEP;CD;D;primary;;True;CEDEARs;AR0342969240;Cedears;;Caja de Valores S.A.
IEMG;IEMG;ARS;CD;G;primary;;True;CEDEARs;AR0787089710;Cedears;;BANCO COMAFI S.A.
IEMGC;IEMG;cable;CD;C;primary;;True;CEDEARs;AR0787089710;Cedears;;BANCO COMAFI S.A.
IEMGD;IEMG;MEP;CD;D;primary;;True;CEDEARs;AR0787089710;Cedears;;BANCO COMAFI S.A.
IEUR;IEUR;ARS;CD;R;primary;;True;CEDEARs;AR0405465953;Cedears;;BANCO COMAFI S.A.
IEURC;IEUR;cable;CD;C;primary;;True;CEDEARs;AR0405465953;Cedears;;BANCO COMAFI S.A.
IEURD;IEUR;MEP;CD;D;primary;;True;CEDEARs;AR0405465953;Cedears;;BANCO COMAFI S.A.
IFF;IFF;ARS;CD;F;primary;;True;CEDEARs;ARDEUT111135;Cedears;;BANCO COMAFI S.A.
IFFC;IFF;cable;CD;C;primary;;True;CEDEARs;ARDEUT111135;Cedears;;BANCO COMAFI S.A.
IFFD;IFF;MEP;CD;D;primary;;True;CEDEARs;ARDEUT111135;Cedears;;BANCO COMAFI S.A.
IJH;IJH;ARS;CD;H;primary;;True;CEDEARs;AR0425509392;Cedears;;BANCO COMAFI S.A.
IJHC;IJH;cable;CD;C;primary;;True;CEDEARs;AR0425509392;Cedears;;BANCO COMAFI S.A.
IJHD;IJH;MEP;CD;D;primary;;True;CEDEARs;AR0425509392;Cedears;;BANCO COMAFI S.A.
ILF;ILF;ARS;CD;F;primary;;True;CEDEARs;AR0872435588;Cedears;;BANCO COMAFI S.A.
ILFC;ILF;cable;CD;C;primary;;True;CEDEARs;AR0872435588;Cedears;;BANCO COMAFI S.A.
ILFD;ILF;MEP;CD;D;primary;;True;CEDEARs;AR0872435588;Cedears;;BANCO COMAFI S.A.
INFY;INFY;ARS;CD;Y;primary;;True;CEDEARs;ARDEUT113941;Cedears;;BANCO COMAFI S.A.
INFYC;INFY;cable;CD;C;primary;;True;CEDEARs;ARDEUT113941;Cedears;;BANCO COMAFI S.A.
ING;ING;ARS;CD;G;primary;;True;CEDEARs;ARDEUT111937;Cedears;;BANCO COMAFI S.A.
INGC;INGC;MEP;CD;C;otro;;False;CEDEARs;ARDEUT111937;Cedears;;BANCO COMAFI S.A.
INGD;ING;MEP;CD;D;primary;;True;CEDEARs;ARDEUT111937;Cedears;;BANCO COMAFI S.A.
INTC;INTC;ARS;CD;C;primary;;True;CEDEARs;ARDEUT110210;Cedears;;BANCO COMAFI S.A.
INTCB;INTC;ARS;CD;B;otro;;False;CEDEARs;ARDEUT110210;Cedears;;BANCO COMAFI S.A.
INTCC;INTC;cable;CD;C;primary;;True;CEDEARs;ARDEUT110210;Cedears;;BANCO COMAFI S.A.
INTCD;INTC;MEP;CD;D;primary;;True;CEDEARs;ARDEUT110210;Cedears;;BANCO COMAFI S.A.
IP;IP;ARS;CD;P;primary;;True;CEDEARs;ARDEUT110228;Cedears;;BANCO COMAFI S.A.
IPC;IP;cable;CD;C;primary;;True;CEDEARs;ARDEUT110228;Cedears;;BANCO COMAFI S.A.
IPD;IP;MEP;CD;D;primary;;True;CEDEARs;ARDEUT110228;Cedears;;BANCO COMAFI S.A.
IREN;IREN;ARS;CD;N;primary;;True;CEDEARs;AR0862704266;Cedears;;BANCO COMAFI S.A.
IRENC;IREN;cable;CD;C;primary;;True;CEDEARs;AR0862704266;Cedears;;BANCO COMAFI S.A.
IREND;IREN;MEP;CD;D;primary;;True;CEDEARs;AR0862704266;Cedears;;BANCO COMAFI S.A.
ISRG;ISRG;ARS;CD;G;primary;;True;CEDEARs;AR0902369476;Cedears;;BANCO COMAFI S.A.
ITA;ITA;ARS;CD;A;primary;;True;CEDEARs;AR0674108979;Cedears;;Caja de Valores S.A.
ITAC;ITA;cable;CD;C;primary;;True;CEDEARs;AR0674108979;Cedears;;Caja de Valores S.A.
ITAD;ITA;MEP;CD;D;primary;;True;CEDEARs;AR0674108979;Cedears;;Caja de Valores S.A.
ITU3C;ITU3;cable;CD;C;primary;;True;CEDEARs;ARCAVA4601O1;Cedears;;Caja de Valores S.A.
ITUB;ITUB;ARS;CD;B;primary;;True;CEDEARs;ARBCOM460267;Cedears;;BANCO COMAFI S.A.
ITUB3;ITUB3;ARS;CD;3;primary;;True;CEDEARs;ARCAVA4601O1;Cedears;;Caja de Valores S.A.
ITUBC;ITUB;cable;CD;C;primary;;True;CEDEARs;ARBCOM460267;Cedears;;BANCO COMAFI S.A.
ITUBD;ITUB;MEP;CD;D;primary;;True;CEDEARs;ARBCOM460267;Cedears;;BANCO COMAFI S.A.
IVE;IVE;ARS;CD;E;primary;;True;CEDEARs;AR0864733115;Cedears;;BANCO COMAFI S.A.
IVEC;IVE;cable;CD;C;primary;;True;CEDEARs;AR0864733115;Cedears;;BANCO COMAFI S.A.
IVED;IVE;MEP;CD;D;primary;;True;CEDEARs;AR0864733115;Cedears;;BANCO COMAFI S.A.
IVV;IVV;ARS;CD;V;primary;;True;CEDEARs;AR0218736103;Cedears;;BANCO COMAFI S.A.
IVVC;IVV;cable;CD;C;primary;;True;CEDEARs;AR0218736103;Cedears;;BANCO COMAFI S.A.
IVVD;IVV;MEP;CD;D;primary;;True;CEDEARs;AR0218736103;Cedears;;BANCO COMAFI S.A.
IVW;IVW;ARS;CD;W;primary;;True;CEDEARs;AR0344353757;Cedears;;BANCO COMAFI S.A.
IVWC;IVW;cable;CD;C;primary;;True;CEDEARs;AR0344353757;Cedears;;BANCO COMAFI S.A.
IVWD;IVW;MEP;CD;D;primary;;True;CEDEARs;AR0344353757;Cedears;;BANCO COMAFI S.A.
IWDA;IWDA;ARS;CD;A;primary;;True;CEDEARs;AR0352918277;Cedears;;BANCO COMAFI S.A.
IWDAC;IWDA;cable;CD;C;primary;;True;CEDEARs;AR0352918277;Cedears;;BANCO COMAFI S.A.
IWDAD;IWDA;MEP;CD;D;primary;;True;CEDEARs;AR0352918277;Cedears;;BANCO COMAFI S.A.
IWM;IWM;ARS;CD;M;primary;;True;CEDEARs;ARCAVA4600W6;Cedears;;Caja de Valores S.A.
IWMB;IWM;ARS;CD;B;otro;;False;CEDEARs;ARCAVA4600W6;Cedears;;Caja de Valores S.A.
IWMC;IWM;cable;CD;C;primary;;True;CEDEARs;ARCAVA4600W6;Cedears;;Caja de Valores S.A.
IWMD;IWM;MEP;CD;D;primary;;True;CEDEARs;ARCAVA4600W6;Cedears;;Caja de Valores S.A.
JCI;JCI;ARS;CD;I;primary;;True;CEDEARs;ARDEUT111630;Cedears;;BANCO COMAFI S.A.
JCIC;JCI;cable;CD;C;primary;;True;CEDEARs;ARDEUT111630;Cedears;;BANCO COMAFI S.A.
JD;JD;ARS;CD;D;primary;;True;CEDEARs;ARBCOM4601Y8;Cedears;;BANCO COMAFI S.A.
JDB;JD;ARS;CD;B;otro;;False;CEDEARs;ARBCOM4601Y8;Cedears;;BANCO COMAFI S.A.
JDC;JD;cable;CD;C;primary;;True;CEDEARs;ARBCOM4601Y8;Cedears;;BANCO COMAFI S.A.
JDD;JD;MEP;CD;D;primary;;True;CEDEARs;ARBCOM4601Y8;Cedears;;BANCO COMAFI S.A.
JMIA;JMIA;ARS;CD;A;primary;;True;CEDEARs;ARCAVA4601J1;Cedears;;Caja de Valores S.A.
JMIAB;JMIA;ARS;CD;B;otro;;False;CEDEARs;ARCAVA4601J1;Cedears;;Caja de Valores S.A.
JMIAC;JMIA;cable;CD;C;primary;;True;CEDEARs;ARCAVA4601J1;Cedears;;Caja de Valores S.A.
JMIAD;JMIA;MEP;CD;D;primary;;True;CEDEARs;ARCAVA4601J1;Cedears;;Caja de Valores S.A.
JNJ.B;JNJ;ARS;CD;J;otro;B;False;CEDEARs;ARDEUT110236;Cedears;;BANCO COMAFI S.A.
JNJ;JNJ;ARS;CD;J;primary;;True;CEDEARs;ARDEUT110236;Cedears;;BANCO COMAFI S.A.
JNJC;JNJ;cable;CD;C;primary;;True;CEDEARs;ARDEUT110236;Cedears;;BANCO COMAFI S.A.
JNJD;JNJ;MEP;CD;D;primary;;True;CEDEARs;ARDEUT110236;Cedears;;BANCO COMAFI S.A.
JOYY;JOYY;ARS;CD;Y;primary;;True;CEDEARs;ARBCOM460242;Cedears;;BANCO COMAFI S.A.
JOYYC;JOYY;cable;CD;C;primary;;True;CEDEARs;ARBCOM460242;Cedears;;BANCO COMAFI S.A.
JOYYD;JOYY;MEP;CD;D;primary;;True;CEDEARs;ARBCOM460242;Cedears;;BANCO COMAFI S.A.
JPM;JPM;ARS;CD;M;primary;;True;CEDEARs;ARDEUT110244;Cedears;;BANCO COMAFI S.A.
JPMB;JPM;ARS;CD;B;otro;;False;CEDEARs;ARDEUT110244;Cedears;;BANCO COMAFI S.A.
JPMC;JPM;cable;CD;C;primary;;True;CEDEARs;ARDEUT110244;Cedears;;BANCO COMAFI S.A.
JPMD;JPM;MEP;CD;D;primary;;True;CEDEARs;ARDEUT110244;Cedears;;BANCO COMAFI S.A.
KB;KB;ARS;CD;B;primary;;True;CEDEARs;ARDEUT115268;Cedears;;BANCO COMAFI S.A.
KBD;KB;MEP;CD;D;primary;;True;CEDEARs;ARDEUT115268;Cedears;;BANCO COMAFI S.A.
KEEL;KEEL;ARS;CD;L;primary;;True;CEDEARs;ARCAVA4601G7;Cedears;;Caja de Valores S.A.
KEELC;KEEL;cable;CD;C;primary;;True;CEDEARs;ARCAVA4601G7;Cedears;;Caja de Valores S.A.
KEELD;KEEL;MEP;CD;D;primary;;True;CEDEARs;ARCAVA4601G7;Cedears;;Caja de Valores S.A.
KEP;KEP;ARS;CD;P;primary;;True;CEDEARs;ARDEUT115250;Cedears;;BANCO COMAFI S.A.
KGC;KGC;ARS;CD;C;primary;;True;CEDEARs;ARDEUT115391;Cedears;;BANCO COMAFI S.A.
KGCC;KGC;cable;CD;C;primary;;True;CEDEARs;ARDEUT115391;Cedears;;BANCO COMAFI S.A.
KGCD;KGC;MEP;CD;D;primary;;True;CEDEARs;ARDEUT115391;Cedears;;BANCO COMAFI S.A.
KMB;KMB;ARS;CD;B;primary;;True;CEDEARs;ARDEUT111176;Cedears;;BANCO COMAFI S.A.
KMBC;KMB;cable;CD;C;primary;;True;CEDEARs;ARDEUT111176;Cedears;;BANCO COMAFI S.A.
KMBD;KMB;MEP;CD;D;primary;;True;CEDEARs;ARDEUT111176;Cedears;;BANCO COMAFI S.A.
KO..B;KO;ARS;CD;O;otro;.B;False;CEDEARs;ARDEUT110111;Cedears;;BANCO COMAFI S.A.
KO;KO;ARS;CD;O;primary;;True;CEDEARs;ARDEUT110111;Cedears;;BANCO COMAFI S.A.
KOC.B;KO;cable;CD;C;otro;B;False;CEDEARs;ARDEUT110111;Cedears;;BANCO COMAFI S.A.
KOC;KO;cable;CD;C;primary;;True;CEDEARs;ARDEUT110111;Cedears;;BANCO COMAFI S.A.
KOD.B;KO;MEP;CD;D;otro;B;False;CEDEARs;ARDEUT110111;Cedears;;BANCO COMAFI S.A.
KOD;KO;MEP;CD;D;primary;;True;CEDEARs;ARDEUT110111;Cedears;;BANCO COMAFI S.A.
KOFM;KOFM;ARS;CD;M;primary;;True;CEDEARs;ARDEUT115201;Cedears;;BANCO COMAFI S.A.
LAC;LAC;ARS;CD;C;primary;;True;CEDEARs;AR0925694561;Cedears;;BANCO COMAFI S.A.
LACD;LAC;MEP;CD;D;primary;;True;CEDEARs;AR0925694561;Cedears;;BANCO COMAFI S.A.
LAR;LAR;ARS;CD;R;primary;;True;CEDEARs;AR0527954207;Cedears;;BANCO COMAFI S.A.
LARC;LAR;cable;CD;C;primary;;True;CEDEARs;AR0527954207;Cedears;;BANCO COMAFI S.A.
LARD;LAR;MEP;CD;D;primary;;True;CEDEARs;AR0527954207;Cedears;;BANCO COMAFI S.A.
LLY;LLY;ARS;CD;Y;primary;;True;CEDEARs;ARDEUT111192;Cedears;;BANCO COMAFI S.A.
LLYB;LLY;ARS;CD;B;otro;;False;CEDEARs;ARDEUT111192;Cedears;;BANCO COMAFI S.A.
LLYC;LLY;cable;CD;C;primary;;True;CEDEARs;ARDEUT111192;Cedears;;BANCO COMAFI S.A.
LLYD;LLY;MEP;CD;D;primary;;True;CEDEARs;ARDEUT111192;Cedears;;BANCO COMAFI S.A.
LMT.B;LMT;ARS;CD;T;otro;B;False;CEDEARs;ARDEUT111200;Cedears;;BANCO COMAFI S.A.
LMT;LMT;ARS;CD;T;primary;;True;CEDEARs;ARDEUT111200;Cedears;;BANCO COMAFI S.A.
LMTC;LMT;cable;CD;C;primary;;True;CEDEARs;ARDEUT111200;Cedears;;BANCO COMAFI S.A.
LMTD;LMT;MEP;CD;D;primary;;True;CEDEARs;ARDEUT111200;Cedears;;BANCO COMAFI S.A.
LND;LND;ARS;CD;D;primary;;True;CEDEARs;AR0315369394;Cedears;;BANCO COMAFI S.A.
LRCX;LRC;ARS;CD;X;especial;;False;CEDEARs;ARBCOM4603X6;Cedears;;BANCO COMAFI S.A.
LRCXC;LRCX;cable;CD;C;primary;;True;CEDEARs;ARBCOM4603X6;Cedears;;BANCO COMAFI S.A.
LRCXD;LRCX;MEP;CD;D;primary;;True;CEDEARs;ARBCOM4603X6;Cedears;;BANCO COMAFI S.A.
LRE3C;LRE3;cable;CD;C;primary;;True;CEDEARs;ARCAVA4601Q6;Cedears;;Caja de Valores S.A.
LREN3;LREN3;ARS;CD;3;primary;;True;CEDEARs;ARCAVA4601Q6;Cedears;;Caja de Valores S.A.
LVS;LVS;ARS;CD;S;primary;;True;CEDEARs;ARDEUT116092;Cedears;;BANCO COMAFI S.A.
LYG;LYG;ARS;CD;G;primary;;True;CEDEARs;ARDEUT112513;Cedears;;BANCO COMAFI S.A.
LYGC;LYGC;MEP;CD;C;otro;;False;CEDEARs;ARDEUT112513;Cedears;;BANCO COMAFI S.A.
MA;MA;ARS;CD;A;primary;;True;CEDEARs;ARBCOM4603D8;Cedears;;BANCO COMAFI S.A.
MAB;MA;ARS;CD;B;otro;;False;CEDEARs;ARBCOM4603D8;Cedears;;BANCO COMAFI S.A.
MAC;MA;cable;CD;C;primary;;True;CEDEARs;ARBCOM4603D8;Cedears;;BANCO COMAFI S.A.
MAD;MA;MEP;CD;D;primary;;True;CEDEARs;ARBCOM4603D8;Cedears;;BANCO COMAFI S.A.
MBG;MBG;ARS;CD;G;primary;;True;CEDEARs;ARDEUT111820;Cedears;;BANCO COMAFI S.A.
MBGB;MBG;ARS;CD;B;otro;;False;CEDEARs;ARDEUT111820;Cedears;;BANCO COMAFI S.A.
MBGC;MBG;cable;CD;C;primary;;True;CEDEARs;ARDEUT111820;Cedears;;BANCO COMAFI S.A.
MCD.B;MCD;ARS;CD;D;otro;B;False;CEDEARs;ARDEUT110269;Cedears;;BANCO COMAFI S.A.
MCD;MCD;ARS;CD;D;primary;;True;CEDEARs;ARDEUT110269;Cedears;;BANCO COMAFI S.A.
MCDC;MCD;cable;CD;C;primary;;True;CEDEARs;ARDEUT110269;Cedears;;BANCO COMAFI S.A.
MCDD;MCD;MEP;CD;D;primary;;True;CEDEARs;ARDEUT110269;Cedears;;BANCO COMAFI S.A.
MDLZ;MDLZ;ARS;CD;Z;primary;;True;CEDEARs;AR0774942129;Cedears;;BANCO COMAFI S.A.
MDLZC;MDLZ;cable;CD;C;primary;;True;CEDEARs;AR0774942129;Cedears;;BANCO COMAFI S.A.
MDLZD;MDLZ;MEP;CD;D;primary;;True;CEDEARs;AR0774942129;Cedears;;BANCO COMAFI S.A.
MDT;MDT;ARS;CD;T;primary;;True;CEDEARs;ARDEUT111283;Cedears;;BANCO COMAFI S.A.
MDTB;MDT;ARS;CD;B;otro;;False;CEDEARs;ARDEUT111283;Cedears;;BANCO COMAFI S.A.
MDTC;MDT;cable;CD;C;primary;;True;CEDEARs;ARDEUT111283;Cedears;;BANCO COMAFI S.A.
MDTD;MDT;MEP;CD;D;primary;;True;CEDEARs;ARDEUT111283;Cedears;;BANCO COMAFI S.A.
MELCB;MELCB;cable;CD;B;otro;;False;CEDEARs;ARDEUT116175;Cedears;;BANCO COMAFI S.A.
MELDB;MELDB;MEP;CD;B;otro;;False;CEDEARs;ARDEUT116175;Cedears;;BANCO COMAFI S.A.
MELI;MELI;ARS;CD;I;primary;;True;CEDEARs;ARDEUT116175;Cedears;;BANCO COMAFI S.A.
MELIB;MELI;ARS;CD;B;otro;;False;CEDEARs;ARDEUT116175;Cedears;;BANCO COMAFI S.A.
MELIC;MELI;cable;CD;C;primary;;True;CEDEARs;ARDEUT116175;Cedears;;BANCO COMAFI S.A.
MELID;MELI;MEP;CD;D;primary;;True;CEDEARs;ARDEUT116175;Cedears;;BANCO COMAFI S.A.
META;META;ARS;CD;A;primary;;True;CEDEARs;ARBCOM460168;Cedears;;BANCO COMAFI S.A.
METAB;META;ARS;CD;B;otro;;False;CEDEARs;ARBCOM460168;Cedears;;BANCO COMAFI S.A.
METAC;META;cable;CD;C;primary;;True;CEDEARs;ARBCOM460168;Cedears;;BANCO COMAFI S.A.
METAD;META;MEP;CD;D;primary;;True;CEDEARs;ARBCOM460168;Cedears;;BANCO COMAFI S.A.
MFG;MFG;ARS;CD;G;primary;;True;CEDEARs;ARDEUT114733;Cedears;;BANCO COMAFI S.A.
MFGC;MFG;cable;CD;C;primary;;True;CEDEARs;ARDEUT114733;Cedears;;BANCO COMAFI S.A.
MGL3C;MGL3;cable;CD;C;primary;;True;CEDEARs;ARCAVA4601N3;Cedears;;Caja de Valores S.A.
MGL3D;MGL3;MEP;CD;D;primary;;True;CEDEARs;ARCAVA4601N3;Cedears;;Caja de Valores S.A.
MGLU3;MGLU3;ARS;CD;3;primary;;True;CEDEARs;ARCAVA4601N3;Cedears;;Caja de Valores S.A.
MMM;MMM;ARS;CD;M;primary;;True;CEDEARs;ARDEUT110293;Cedears;;BANCO COMAFI S.A.
MMMB;MMM;ARS;CD;B;otro;;False;CEDEARs;ARDEUT110293;Cedears;;BANCO COMAFI S.A.
MMMC;MMM;cable;CD;C;primary;;True;CEDEARs;ARDEUT110293;Cedears;;BANCO COMAFI S.A.
MMMD;MMM;MEP;CD;D;primary;;True;CEDEARs;ARDEUT110293;Cedears;;BANCO COMAFI S.A.
MO;MO;ARS;CD;O;primary;;True;CEDEARs;ARDEUT110327;Cedears;;BANCO COMAFI S.A.
MOB;MO;ARS;CD;B;otro;;False;CEDEARs;ARDEUT110327;Cedears;;BANCO COMAFI S.A.
MOC;MO;cable;CD;C;primary;;True;CEDEARs;ARDEUT110327;Cedears;;BANCO COMAFI S.A.
MOD;MO;MEP;CD;D;primary;;True;CEDEARs;ARDEUT110327;Cedears;;BANCO COMAFI S.A.
MOS;MOS;ARS;CD;S;primary;;True;CEDEARs;ARCAVA4601D4;Cedears;;Caja de Valores S.A.
MOSB;MOS;ARS;CD;B;otro;;False;CEDEARs;ARCAVA4601D4;Cedears;;Caja de Valores S.A.
MOSC;MOS;cable;CD;C;primary;;True;CEDEARs;ARCAVA4601D4;Cedears;;Caja de Valores S.A.
MOSD;MOS;MEP;CD;D;primary;;True;CEDEARs;ARCAVA4601D4;Cedears;;Caja de Valores S.A.
MP;MP;ARS;CD;P;primary;;True;CEDEARs;AR0290795639;Cedears;;BANCO COMAFI S.A.
MPC;MP;cable;CD;C;primary;;True;CEDEARs;AR0290795639;Cedears;;BANCO COMAFI S.A.
MPD;MP;MEP;CD;D;primary;;True;CEDEARs;AR0290795639;Cedears;;BANCO COMAFI S.A.
MRK.B;MRK;ARS;CD;K;otro;B;False;CEDEARs;ARDEUT110277;Cedears;;BANCO COMAFI S.A.
MRK;MRK;ARS;CD;K;primary;;True;CEDEARs;ARDEUT110277;Cedears;;BANCO COMAFI S.A.
MRKC;MRK;cable;CD;C;primary;;True;CEDEARs;ARDEUT110277;Cedears;;BANCO COMAFI S.A.
MRKD;MRK;MEP;CD;D;primary;;True;CEDEARs;ARDEUT110277;Cedears;;BANCO COMAFI S.A.
MRNA;MRNA;ARS;CD;A;primary;;True;CEDEARs;AR0666228538;Cedears;;BANCO COMAFI S.A.
MRNAC;MRNA;cable;CD;C;primary;;True;CEDEARs;AR0666228538;Cedears;;BANCO COMAFI S.A.
MRNAD;MRNA;MEP;CD;D;primary;;True;CEDEARs;AR0666228538;Cedears;;BANCO COMAFI S.A.
MRSH;MRSH;ARS;CD;H;primary;;True;CEDEARs;ARDEUT111309;Cedears;;BANCO COMAFI S.A.
MRVL;MRVL;ARS;CD;L;primary;;True;CEDEARs;AR0557997514;Cedears;;BANCO COMAFI S.A.
MRVLD;MRVL;MEP;CD;D;primary;;True;CEDEARs;AR0557997514;Cedears;;BANCO COMAFI S.A.
MSFCB;MSFCB;cable;CD;B;otro;;False;CEDEARs;ARDEUT110285;Cedears;;BANCO COMAFI S.A.
MSFDB;MSFDB;MEP;CD;B;otro;;False;CEDEARs;ARDEUT110285;Cedears;;BANCO COMAFI S.A.
MSFT;MSFT;ARS;CD;T;primary;;True;CEDEARs;ARDEUT110285;Cedears;;BANCO COMAFI S.A.
MSFTB;MSFT;ARS;CD;B;otro;;False;CEDEARs;ARDEUT110285;Cedears;;BANCO COMAFI S.A.
MSFTC;MSFT;cable;CD;C;primary;;True;CEDEARs;ARDEUT110285;Cedears;;BANCO COMAFI S.A.
MSFTD;MSFT;MEP;CD;D;primary;;True;CEDEARs;ARDEUT110285;Cedears;;BANCO COMAFI S.A.
MSI;MSI;ARS;CD;I;primary;;True;CEDEARs;ARDEUT110301;Cedears;;BANCO COMAFI S.A.
MSIC;MSI;cable;CD;C;primary;;True;CEDEARs;ARDEUT110301;Cedears;;BANCO COMAFI S.A.
MSTR;MSTR;ARS;CD;R;primary;;True;CEDEARs;ARCAVA4601E2;Cedears;;Caja de Valores S.A.
MSTRB;MSTR;ARS;CD;B;otro;;False;CEDEARs;ARCAVA4601E2;Cedears;;Caja de Valores S.A.
MSTRC;MSTR;cable;CD;C;primary;;True;CEDEARs;ARCAVA4601E2;Cedears;;Caja de Valores S.A.
MSTRD;MSTR;MEP;CD;D;primary;;True;CEDEARs;ARCAVA4601E2;Cedears;;Caja de Valores S.A.
MU;MU;ARS;CD;U;primary;;True;CEDEARs;ARCAVA460180;Cedears;;Caja de Valores S.A.
MUB;MU;ARS;CD;B;otro;;False;CEDEARs;ARCAVA460180;Cedears;;Caja de Valores S.A.
MUC;MU;cable;CD;C;primary;;True;CEDEARs;ARCAVA460180;Cedears;;Caja de Valores S.A.
MUD;MU;MEP;CD;D;primary;;True;CEDEARs;ARCAVA460180;Cedears;;Caja de Valores S.A.
MUFG;MUFG;ARS;CD;G;primary;;True;CEDEARs;ARDEUT111762;Cedears;;BANCO COMAFI S.A.
MUFGC;MUFG;cable;CD;C;primary;;True;CEDEARs;ARDEUT111762;Cedears;;BANCO COMAFI S.A.
MUFGD;MUFG;MEP;CD;D;primary;;True;CEDEARs;ARDEUT111762;Cedears;;BANCO COMAFI S.A.
MUX;MU;ARS;CD;X;especial;;False;CEDEARs;ARCAVA460180;Cedears;;Caja de Valores S.A.
MUXC;MUX;cable;CD;C;primary;;True;CEDEARs;AR0829300257;Cedears;;BANCO COMAFI S.A.
MUXD;MUX;MEP;CD;D;primary;;True;CEDEARs;AR0829300257;Cedears;;BANCO COMAFI S.A.
NAT3D;NAT3;MEP;CD;D;primary;;True;CEDEARs;ARCAVA460271;Cedears;;Caja de Valores S.A.
NATU3;NATU3;ARS;CD;3;primary;;True;CEDEARs;ARCAVA460271;Cedears;;Caja de Valores S.A.
NBIS;NBIS;ARS;CD;S;primary;;True;CEDEARs;AR0321947183;Cedears;;BANCO COMAFI S.A.
NBISD;NBIS;MEP;CD;D;primary;;True;CEDEARs;AR0321947183;Cedears;;BANCO COMAFI S.A.
NEC1;NEC1;ARS;CD;1;primary;;True;CEDEARs;ARDEUT113081;Cedears;;BANCO COMAFI S.A.
NEE;NEE;ARS;CD;E;primary;;True;CEDEARs;AR0204516899;Cedears;;BANCO COMAFI S.A.
NEEC;NEE;cable;CD;C;primary;;True;CEDEARs;AR0204516899;Cedears;;BANCO COMAFI S.A.
NEED;NEE;MEP;CD;D;primary;;True;CEDEARs;AR0204516899;Cedears;;BANCO COMAFI S.A.
NEM;NEM;ARS;CD;M;primary;;True;CEDEARs;ARDEUT112570;Cedears;;BANCO COMAFI S.A.
NEMC;NEM;cable;CD;C;primary;;True;CEDEARs;ARDEUT112570;Cedears;;BANCO COMAFI S.A.
NEMD;NEM;MEP;CD;D;primary;;True;CEDEARs;ARDEUT112570;Cedears;;BANCO COMAFI S.A.
NFLX;NFL;ARS;CD;X;especial;;False;CEDEARs;ARBCOM4601D2;Cedears;;BANCO COMAFI S.A.
NFLXC;NFLX;cable;CD;C;primary;;True;CEDEARs;ARBCOM4601D2;Cedears;;BANCO COMAFI S.A.
NFLXD;NFLX;MEP;CD;D;primary;;True;CEDEARs;ARBCOM4601D2;Cedears;;BANCO COMAFI S.A.
NG;NG;ARS;CD;G;primary;;True;CEDEARs;ARBCOM4601N1;Cedears;;BANCO COMAFI S.A.
NGC;NG;cable;CD;C;primary;;True;CEDEARs;ARBCOM4601N1;Cedears;;BANCO COMAFI S.A.
NGD;NG;MEP;CD;D;primary;;True;CEDEARs;ARBCOM4601N1;Cedears;;BANCO COMAFI S.A.
NGG;NGG;ARS;CD;G;primary;;True;CEDEARs;ARDEUT112620;Cedears;;BANCO COMAFI S.A.
NIO;NIO;ARS;CD;O;primary;;True;CEDEARs;ARBCOM4603R8;Cedears;;BANCO COMAFI S.A.
NIOB;NIO;ARS;CD;B;otro;;False;CEDEARs;ARBCOM4603R8;Cedears;;BANCO COMAFI S.A.
NIOC;NIO;cable;CD;C;primary;;True;CEDEARs;ARBCOM4603R8;Cedears;;BANCO COMAFI S.A.
NIOD;NIO;MEP;CD;D;primary;;True;CEDEARs;ARBCOM4603R8;Cedears;;BANCO COMAFI S.A.
NKE;NKE;ARS;CD;E;primary;;True;CEDEARs;ARDEUT111341;Cedears;;BANCO COMAFI S.A.
NKEB;NKE;ARS;CD;B;otro;;False;CEDEARs;ARDEUT111341;Cedears;;BANCO COMAFI S.A.
NKEC;NKE;cable;CD;C;primary;;True;CEDEARs;ARDEUT111341;Cedears;;BANCO COMAFI S.A.
NKED;NKE;MEP;CD;D;primary;;True;CEDEARs;ARDEUT111341;Cedears;;BANCO COMAFI S.A.
NKEDB;NKEDB;MEP;CD;B;otro;;False;CEDEARs;ARDEUT111341;Cedears;;BANCO COMAFI S.A.
NMR;NMR;ARS;CD;R;primary;;True;CEDEARs;ARDEUT113024;Cedears;;BANCO COMAFI S.A.
NMRC;NMR;cable;CD;C;primary;;True;CEDEARs;ARDEUT113024;Cedears;;BANCO COMAFI S.A.
NOKA;NOKA;ARS;CD;A;primary;;True;CEDEARs;ARDEUT110533;Cedears;;BANCO COMAFI S.A.
NOKAC;NOKA;cable;CD;C;primary;;True;CEDEARs;ARDEUT110533;Cedears;;BANCO COMAFI S.A.
NOW;NOW;ARS;CD;W;primary;;True;CEDEARs;AR0253474594;Cedears;;BANCO COMAFI S.A.
NOWC;NOW;cable;CD;C;primary;;True;CEDEARs;AR0253474594;Cedears;;BANCO COMAFI S.A.
NOWD;NOW;MEP;CD;D;primary;;True;CEDEARs;AR0253474594;Cedears;;BANCO COMAFI S.A.
NSAN;NSAN;ARS;CD;N;primary;;True;CEDEARs;ARDEUT113032;Cedears;;BANCO COMAFI S.A.
NSANC;NSAN;cable;CD;C;primary;;True;CEDEARs;ARDEUT113032;Cedears;;BANCO COMAFI S.A.
NTES;NTES;ARS;CD;S;primary;;True;CEDEARs;ARBCOM4601Z5;Cedears;;BANCO COMAFI S.A.
NTESC;NTES;cable;CD;C;primary;;True;CEDEARs;ARBCOM4601Z5;Cedears;;BANCO COMAFI S.A.
NTESD;NTES;MEP;CD;D;primary;;True;CEDEARs;ARBCOM4601Z5;Cedears;;BANCO COMAFI S.A.
NU;NU;ARS;CD;U;primary;;True;CEDEARs;AR0512295764;Cedears;;BANCO COMAFI S.A.
NUB;NU;ARS;CD;B;otro;;False;CEDEARs;AR0512295764;Cedears;;BANCO COMAFI S.A.
NUC;NU;cable;CD;C;primary;;True;CEDEARs;AR0512295764;Cedears;;BANCO COMAFI S.A.
NUD;NU;MEP;CD;D;primary;;True;CEDEARs;AR0512295764;Cedears;;BANCO COMAFI S.A.
NUE;NUE;ARS;CD;E;primary;;True;CEDEARs;ARDEUT111358;Cedears;;BANCO COMAFI S.A.
NUEC;NUE;cable;CD;C;primary;;True;CEDEARs;ARDEUT111358;Cedears;;BANCO COMAFI S.A.
NVADB;NVADB;MEP;CD;B;otro;;False;CEDEARs;ARBCOM460184;Cedears;;BANCO COMAFI S.A.
NVDA;NVDA;ARS;CD;A;primary;;True;CEDEARs;ARBCOM460184;Cedears;;BANCO COMAFI S.A.
NVDAB;NVDA;ARS;CD;B;otro;;False;CEDEARs;ARBCOM460184;Cedears;;BANCO COMAFI S.A.
NVDAC;NVDA;cable;CD;C;primary;;True;CEDEARs;ARBCOM460184;Cedears;;BANCO COMAFI S.A.
NVDAD;NVDA;MEP;CD;D;primary;;True;CEDEARs;ARBCOM460184;Cedears;;BANCO COMAFI S.A.
NVO;NVO;ARS;CD;O;primary;;True;CEDEARs;AR0229808610;Cedears;;BANCO COMAFI S.A.
NVOC;NVO;cable;CD;C;primary;;True;CEDEARs;AR0229808610;Cedears;;BANCO COMAFI S.A.
NVOD;NVO;MEP;CD;D;primary;;True;CEDEARs;AR0229808610;Cedears;;BANCO COMAFI S.A.
NVS;NVS;ARS;CD;S;primary;;True;CEDEARs;ARDEUT112521;Cedears;;BANCO COMAFI S.A.
NVSB;NVS;ARS;CD;B;otro;;False;CEDEARs;ARDEUT112521;Cedears;;BANCO COMAFI S.A.
NVSC;NVS;cable;CD;C;primary;;True;CEDEARs;ARDEUT112521;Cedears;;BANCO COMAFI S.A.
NVSD;NVS;MEP;CD;D;primary;;True;CEDEARs;ARDEUT112521;Cedears;;BANCO COMAFI S.A.
NXE;NXE;ARS;CD;E;primary;;True;CEDEARs;AR0220648593;Cedears;;BANCO COMAFI S.A.
NXEC;NXE;cable;CD;C;primary;;True;CEDEARs;AR0220648593;Cedears;;BANCO COMAFI S.A.
NXED;NXE;MEP;CD;D;primary;;True;CEDEARs;AR0220648593;Cedears;;BANCO COMAFI S.A.
O;O;ARS;CD;O;primary;;True;CEDEARs;AR0245808040;Cedears;;BANCO COMAFI S.A.
OC;O;cable;CD;C;primary;;True;CEDEARs;AR0245808040;Cedears;;BANCO COMAFI S.A.
OD;O;MEP;CD;D;primary;;True;CEDEARs;AR0245808040;Cedears;;BANCO COMAFI S.A.
OKLO;OKLO;ARS;CD;O;primary;;True;CEDEARs;AR0393658452;Cedears;;BANCO COMAFI S.A.
OKLOC;OKLO;cable;CD;C;primary;;True;CEDEARs;AR0393658452;Cedears;;BANCO COMAFI S.A.
OKLOD;OKLO;MEP;CD;D;primary;;True;CEDEARs;AR0393658452;Cedears;;BANCO COMAFI S.A.
ONDS;ONDS;ARS;CD;S;primary;;True;CEDEARs;AR0247723296;Cedears;;BANCO COMAFI S.A.
ONDSC;ONDS;cable;CD;C;primary;;True;CEDEARs;AR0247723296;Cedears;;BANCO COMAFI S.A.
ONDSD;ONDS;MEP;CD;D;primary;;True;CEDEARs;AR0247723296;Cedears;;BANCO COMAFI S.A.
ORCL;ORCL;ARS;CD;L;primary;;True;CEDEARs;ARDEUT111374;Cedears;;BANCO COMAFI S.A.
ORCLB;ORCL;ARS;CD;B;otro;;False;CEDEARs;ARDEUT111374;Cedears;;BANCO COMAFI S.A.
ORCLC;ORCL;cable;CD;C;primary;;True;CEDEARs;ARDEUT111374;Cedears;;BANCO COMAFI S.A.
ORCLD;ORCL;MEP;CD;D;primary;;True;CEDEARs;ARDEUT111374;Cedears;;BANCO COMAFI S.A.
ORLY;ORLY;ARS;CD;Y;primary;;True;CEDEARs;AR0876089472;Cedears;;BANCO COMAFI S.A.
ORLYC;ORLY;cable;CD;C;primary;;True;CEDEARs;AR0876089472;Cedears;;BANCO COMAFI S.A.
ORLYD;ORLY;MEP;CD;D;primary;;True;CEDEARs;AR0876089472;Cedears;;BANCO COMAFI S.A.
OXY;OXY;ARS;CD;Y;primary;;True;CEDEARs;ARCAVA460198;Cedears;;Caja de Valores S.A.
OXYB;OXY;ARS;CD;B;otro;;False;CEDEARs;ARCAVA460198;Cedears;;Caja de Valores S.A.
OXYC;OXY;cable;CD;C;primary;;True;CEDEARs;ARCAVA460198;Cedears;;Caja de Valores S.A.
OXYD;OXY;MEP;CD;D;primary;;True;CEDEARs;ARCAVA460198;Cedears;;Caja de Valores S.A.
OXYDB;OXYDB;MEP;CD;B;otro;;False;CEDEARs;ARCAVA460198;Cedears;;Caja de Valores S.A.
PAAS;PAAS;ARS;CD;S;primary;;True;CEDEARs;ARBCOM4603C0;Cedears;;BANCO COMAFI S.A.
PAASB;PAAS;ARS;CD;B;otro;;False;CEDEARs;ARBCOM4603C0;Cedears;;BANCO COMAFI S.A.
PAASC;PAAS;cable;CD;C;primary;;True;CEDEARs;ARBCOM4603C0;Cedears;;BANCO COMAFI S.A.
PAASD;PAAS;MEP;CD;D;primary;;True;CEDEARs;ARBCOM4603C0;Cedears;;BANCO COMAFI S.A.
PAC;PAC;ARS;CD;C;primary;;True;CEDEARs;ARDEUT115177;Cedears;;BANCO COMAFI S.A.
PAGS;PAGS;ARS;CD;S;primary;;True;CEDEARs;AR0651353770;Cedears;;BANCO COMAFI S.A.
PAGSD;PAGS;MEP;CD;D;primary;;True;CEDEARs;AR0651353770;Cedears;;BANCO COMAFI S.A.
PANW;PANW;ARS;CD;W;primary;;True;CEDEARs;ARCAVA4601C6;Cedears;;Caja de Valores S.A.
PANWB;PANW;ARS;CD;B;otro;;False;CEDEARs;ARCAVA4601C6;Cedears;;Caja de Valores S.A.
PANWC;PANW;cable;CD;C;primary;;True;CEDEARs;ARCAVA4601C6;Cedears;;Caja de Valores S.A.
PANWD;PANW;MEP;CD;D;primary;;True;CEDEARs;ARCAVA4601C6;Cedears;;Caja de Valores S.A.
PATH;PATH;ARS;CD;H;primary;;True;CEDEARs;AR0343130982;Cedears;;BANCO COMAFI S.A.
PATHC;PATH;cable;CD;C;primary;;True;CEDEARs;AR0343130982;Cedears;;BANCO COMAFI S.A.
PATHD;PATH;MEP;CD;D;primary;;True;CEDEARs;AR0343130982;Cedears;;BANCO COMAFI S.A.
PBI;PBI;ARS;CD;I;primary;;True;CEDEARs;ARDEUT111382;Cedears;;BANCO COMAFI S.A.
PBR;PBR;ARS;CD;R;primary;;True;CEDEARs;ARBCOM4602U4;Cedears;;BANCO COMAFI S.A.
PBRB;PBR;ARS;CD;B;otro;;False;CEDEARs;ARBCOM4602U4;Cedears;;BANCO COMAFI S.A.
PBRC;PBR;cable;CD;C;primary;;True;CEDEARs;ARBCOM4602U4;Cedears;;BANCO COMAFI S.A.
PBRD;PBR;MEP;CD;D;primary;;True;CEDEARs;ARBCOM4602U4;Cedears;;BANCO COMAFI S.A.
PBRDB;PBRDB;MEP;CD;B;otro;;False;CEDEARs;ARBCOM4602U4;Cedears;;BANCO COMAFI S.A.
PCAR;PCAR;ARS;CD;R;primary;;True;CEDEARs;ARDEUT111390;Cedears;;BANCO COMAFI S.A.
PCARC;PCAR;cable;CD;C;primary;;True;CEDEARs;ARDEUT111390;Cedears;;BANCO COMAFI S.A.
PCARD;PCAR;MEP;CD;D;primary;;True;CEDEARs;ARDEUT111390;Cedears;;BANCO COMAFI S.A.
PDD;PDD;ARS;CD;D;primary;;True;CEDEARs;AR0101251947;Cedears;;BANCO COMAFI S.A.
PDDC;PDD;cable;CD;C;primary;;True;CEDEARs;AR0101251947;Cedears;;BANCO COMAFI S.A.
PDDD;PDD;MEP;CD;D;primary;;True;CEDEARs;AR0101251947;Cedears;;BANCO COMAFI S.A.
PEP.B;PEP;ARS;CD;P;otro;B;False;CEDEARs;ARDEUT111416;Cedears;;BANCO COMAFI S.A.
PEP;PEP;ARS;CD;P;primary;;True;CEDEARs;ARDEUT111416;Cedears;;BANCO COMAFI S.A.
PEPC;PEP;cable;CD;C;primary;;True;CEDEARs;ARDEUT111416;Cedears;;BANCO COMAFI S.A.
PEPD;PEP;MEP;CD;D;primary;;True;CEDEARs;ARDEUT111416;Cedears;;BANCO COMAFI S.A.
PETR3;PETR3;ARS;CD;3;primary;;True;CEDEARs;ARCAVA4601L7;Cedears;;Caja de Valores S.A.
PETRC;PETR;cable;CD;C;primary;;True;CEDEARs;ARCAVA4601L7;Cedears;;Caja de Valores S.A.
PETRD;PETR;MEP;CD;D;primary;;True;CEDEARs;ARCAVA4601L7;Cedears;;Caja de Valores S.A.
PFE.B;PFE;ARS;CD;E;otro;B;False;CEDEARs;ARDEUT111424;Cedears;;BANCO COMAFI S.A.
PFE;PFE;ARS;CD;E;primary;;True;CEDEARs;ARDEUT111424;Cedears;;BANCO COMAFI S.A.
PFEC;PFE;cable;CD;C;primary;;True;CEDEARs;ARDEUT111424;Cedears;;BANCO COMAFI S.A.
PFED;PFE;MEP;CD;D;primary;;True;CEDEARs;ARDEUT111424;Cedears;;BANCO COMAFI S.A.
PG..B;PG;ARS;CD;G;otro;.B;False;CEDEARs;ARDEUT110335;Cedears;;BANCO COMAFI S.A.
PG;PG;ARS;CD;G;primary;;True;CEDEARs;ARDEUT110335;Cedears;;BANCO COMAFI S.A.
PGC;PG;cable;CD;C;primary;;True;CEDEARs;ARDEUT110335;Cedears;;BANCO COMAFI S.A.
PGD;PG;MEP;CD;D;primary;;True;CEDEARs;ARDEUT110335;Cedears;;BANCO COMAFI S.A.
PHG;PHG;ARS;CD;G;primary;;True;CEDEARs;ARDEUT110558;Cedears;;BANCO COMAFI S.A.
PINS;PINS;ARS;CD;S;primary;;True;CEDEARs;AR0752208279;Cedears;;BANCO COMAFI S.A.
PINSC;PINS;cable;CD;C;primary;;True;CEDEARs;AR0752208279;Cedears;;BANCO COMAFI S.A.
PINSD;PINS;MEP;CD;D;primary;;True;CEDEARs;AR0752208279;Cedears;;BANCO COMAFI S.A.
PKS;PKS;ARS;CD;S;primary;;True;CEDEARs;ARDEUT115276;Cedears;;BANCO COMAFI S.A.
PLTR;PLTR;ARS;CD;R;primary;;True;CEDEARs;AR0132889822;Cedears;;BANCO COMAFI S.A.
PLTRC;PLTR;cable;CD;C;primary;;True;CEDEARs;AR0132889822;Cedears;;BANCO COMAFI S.A.
PLTRD;PLTR;MEP;CD;D;primary;;True;CEDEARs;AR0132889822;Cedears;;BANCO COMAFI S.A.
PM;PM;ARS;CD;M;primary;;True;CEDEARs;AR0361136887;Cedears;;BANCO COMAFI S.A.
PMC;PM;cable;CD;C;primary;;True;CEDEARs;AR0361136887;Cedears;;BANCO COMAFI S.A.
PMD;PM;MEP;CD;D;primary;;True;CEDEARs;AR0361136887;Cedears;;BANCO COMAFI S.A.
PRI3C;PRI3;cable;CD;C;primary;;True;CEDEARs;ARCAVA4601P8;Cedears;;Caja de Valores S.A.
PRIO3;PRIO3;ARS;CD;3;primary;;True;CEDEARs;ARCAVA4601P8;Cedears;;Caja de Valores S.A.
PSO;PSO;ARS;CD;O;primary;;True;CEDEARs;ARDEUT113966;Cedears;;BANCO COMAFI S.A.
PSQ;PSQ;ARS;CD;Q;primary;;True;CEDEARs;AR0734794420;Cedears;;BANCO COMAFI S.A.
PSQC;PSQ;cable;CD;C;primary;;True;CEDEARs;AR0734794420;Cedears;;BANCO COMAFI S.A.
PSQD;PSQ;MEP;CD;D;primary;;True;CEDEARs;AR0734794420;Cedears;;BANCO COMAFI S.A.
PSX;PS;ARS;CD;X;especial;;False;CEDEARs;ARBCOM460333;Cedears;;BANCO COMAFI S.A.
PSXB;PSX;ARS;CD;B;otro;;False;CEDEARs;ARBCOM460333;Cedears;;BANCO COMAFI S.A.
PSXC;PSX;cable;CD;C;primary;;True;CEDEARs;ARBCOM460333;Cedears;;BANCO COMAFI S.A.
PSXD;PSX;MEP;CD;D;primary;;True;CEDEARs;ARBCOM460333;Cedears;;BANCO COMAFI S.A.
PYPL;PYPL;ARS;CD;L;primary;;True;CEDEARs;ARBCOM4601S0;Cedears;;BANCO COMAFI S.A.
PYPLB;PYPL;ARS;CD;B;otro;;False;CEDEARs;ARBCOM4601S0;Cedears;;BANCO COMAFI S.A.
PYPLC;PYPL;cable;CD;C;primary;;True;CEDEARs;ARBCOM4601S0;Cedears;;BANCO COMAFI S.A.
PYPLD;PYPL;MEP;CD;D;primary;;True;CEDEARs;ARBCOM4601S0;Cedears;;BANCO COMAFI S.A.
QCOCB;QCOCB;cable;CD;B;otro;;False;CEDEARs;ARDEUT111457;Cedears;;BANCO COMAFI S.A.
QCOM;QCOM;ARS;CD;M;primary;;True;CEDEARs;ARDEUT111457;Cedears;;BANCO COMAFI S.A.
QCOMB;QCOM;ARS;CD;B;otro;;False;CEDEARs;ARDEUT111457;Cedears;;BANCO COMAFI S.A.
QCOMC;QCOM;cable;CD;C;primary;;True;CEDEARs;ARDEUT111457;Cedears;;BANCO COMAFI S.A.
QCOMD;QCOM;MEP;CD;D;primary;;True;CEDEARs;ARDEUT111457;Cedears;;BANCO COMAFI S.A.
QQQ;QQQ;ARS;CD;Q;primary;;True;CEDEARs;ARCAVA4600V8;Cedears;;Caja de Valores S.A.
QQQB;QQQ;ARS;CD;B;otro;;False;CEDEARs;ARCAVA4600V8;Cedears;;Caja de Valores S.A.
QQQC;QQQ;cable;CD;C;primary;;True;CEDEARs;ARCAVA4600V8;Cedears;;Caja de Valores S.A.
QQQCB;QQQCB;cable;CD;B;otro;;False;CEDEARs;ARCAVA4600V8;Cedears;;Caja de Valores S.A.
QQQD;QQQ;MEP;CD;D;primary;;True;CEDEARs;ARCAVA4600V8;Cedears;;Caja de Valores S.A.
QQQDB;QQQDB;MEP;CD;B;otro;;False;CEDEARs;ARCAVA4600V8;Cedears;;Caja de Valores S.A.
RACE;RACE;ARS;CD;E;primary;;True;CEDEARs;AR0227017768;Cedears;;BANCO COMAFI S.A.
RACEC;RACE;cable;CD;C;primary;;True;CEDEARs;AR0227017768;Cedears;;BANCO COMAFI S.A.
RACED;RACE;MEP;CD;D;primary;;True;CEDEARs;AR0227017768;Cedears;;BANCO COMAFI S.A.
RBLX;RBL;ARS;CD;X;especial;;False;CEDEARs;ARCAVA460156;Cedears;;Caja de Valores S.A.
RBLXB;RBLX;ARS;CD;B;otro;;False;CEDEARs;ARCAVA460156;Cedears;;Caja de Valores S.A.
RBLXC;RBLX;cable;CD;C;primary;;True;CEDEARs;ARCAVA460156;Cedears;;Caja de Valores S.A.
RBLXD;RBLX;MEP;CD;D;primary;;True;CEDEARs;ARCAVA460156;Cedears;;Caja de Valores S.A.
REN3C;REN3;cable;CD;C;primary;;True;CEDEARs;ARCAVA4601S2;Cedears;;Caja de Valores S.A.
RENT3;RENT3;ARS;CD;3;primary;;True;CEDEARs;ARCAVA4601S2;Cedears;;Caja de Valores S.A.
RGTI;RGTI;ARS;CD;I;primary;;True;CEDEARs;AR0662506531;Cedears;;BANCO COMAFI S.A.
RGTIC;RGTI;cable;CD;C;primary;;True;CEDEARs;AR0662506531;Cedears;;BANCO COMAFI S.A.
RGTID;RGTI;MEP;CD;D;primary;;True;CEDEARs;AR0662506531;Cedears;;BANCO COMAFI S.A.
RIO;RIO;ARS;CD;O;primary;;True;CEDEARs;ARDEUT112638;Cedears;;BANCO COMAFI S.A.
RIOB;RIO;ARS;CD;B;otro;;False;CEDEARs;ARDEUT112638;Cedears;;BANCO COMAFI S.A.
RIOC;RIO;cable;CD;C;primary;;True;CEDEARs;ARDEUT112638;Cedears;;BANCO COMAFI S.A.
RIOD;RIO;MEP;CD;D;primary;;True;CEDEARs;ARDEUT112638;Cedears;;BANCO COMAFI S.A.
RIOT;RIOT;ARS;CD;T;primary;;True;CEDEARs;AR0375251839;Cedears;;BANCO COMAFI S.A.
RIOTC;RIOT;cable;CD;C;primary;;True;CEDEARs;AR0375251839;Cedears;;BANCO COMAFI S.A.
RIOTD;RIOT;MEP;CD;D;primary;;True;CEDEARs;AR0375251839;Cedears;;BANCO COMAFI S.A.
RKLB;RKLB;ARS;CD;B;primary;;True;CEDEARs;AR0864768848;Cedears;;BANCO COMAFI S.A.
RKLBC;RKLB;cable;CD;C;primary;;True;CEDEARs;AR0864768848;Cedears;;BANCO COMAFI S.A.
RKLBD;RKLB;MEP;CD;D;primary;;True;CEDEARs;AR0864768848;Cedears;;BANCO COMAFI S.A.
ROKU;ROKU;ARS;CD;U;primary;;True;CEDEARs;AR0187927956;Cedears;;BANCO COMAFI S.A.
ROKUC;ROKU;cable;CD;C;primary;;True;CEDEARs;AR0187927956;Cedears;;BANCO COMAFI S.A.
ROKUD;ROKU;MEP;CD;D;primary;;True;CEDEARs;AR0187927956;Cedears;;BANCO COMAFI S.A.
ROST;ROST;ARS;CD;T;primary;;True;CEDEARs;ARBCOM4600Z7;Cedears;;BANCO COMAFI S.A.
ROSTC;ROST;cable;CD;C;primary;;True;CEDEARs;ARBCOM4600Z7;Cedears;;BANCO COMAFI S.A.
ROSTD;ROST;MEP;CD;D;primary;;True;CEDEARs;ARBCOM4600Z7;Cedears;;BANCO COMAFI S.A.
RSP;RSP;ARS;CD;P;primary;;True;CEDEARs;AR0436041906;Cedears;;Caja de Valores S.A.
RSPC;RSP;cable;CD;C;primary;;True;CEDEARs;AR0436041906;Cedears;;Caja de Valores S.A.
RSPD;RSP;MEP;CD;D;primary;;True;CEDEARs;AR0436041906;Cedears;;Caja de Valores S.A.
RTX;RT;ARS;CD;X;especial;;False;CEDEARs;ARDEUT110384;Cedears;;BANCO COMAFI S.A.
RTXC;RTX;cable;CD;C;primary;;True;CEDEARs;ARDEUT110384;Cedears;;BANCO COMAFI S.A.
RTXD;RTX;MEP;CD;D;primary;;True;CEDEARs;ARDEUT110384;Cedears;;BANCO COMAFI S.A.
SAN;SAN;ARS;CD;N;primary;;True;CEDEARs;ARBCOM4602T6;Cedears;;BANCO COMAFI S.A.
SANC;SAN;cable;CD;C;primary;;True;CEDEARs;ARBCOM4602T6;Cedears;;BANCO COMAFI S.A.
SAND;SAN;MEP;CD;D;primary;;True;CEDEARs;ARBCOM4602T6;Cedears;;BANCO COMAFI S.A.
SAP.B;SAP;ARS;CD;P;otro;B;False;CEDEARs;ARDEUT112034;Cedears;;BANCO COMAFI S.A.
SAP;SAP;ARS;CD;P;primary;;True;CEDEARs;ARDEUT112034;Cedears;;BANCO COMAFI S.A.
SAPC;SAPC;MEP;CD;C;otro;;False;CEDEARs;ARDEUT112034;Cedears;;BANCO COMAFI S.A.
SAPD;SAP;MEP;CD;D;primary;;True;CEDEARs;ARDEUT112034;Cedears;;BANCO COMAFI S.A.
SATL;SATL;ARS;CD;L;primary;;True;CEDEARs;ARCAVA460172;Cedears;;Caja de Valores S.A.
SATLB;SATL;ARS;CD;B;otro;;False;CEDEARs;ARCAVA460172;Cedears;;Caja de Valores S.A.
SATLC;SATL;cable;CD;C;primary;;True;CEDEARs;ARCAVA460172;Cedears;;Caja de Valores S.A.
SATLD;SATL;MEP;CD;D;primary;;True;CEDEARs;ARCAVA460172;Cedears;;Caja de Valores S.A.
SBS;SBS;ARS;CD;S;primary;;True;CEDEARs;ARBCOM4602F5;Cedears;;BANCO COMAFI S.A.
SBSP3;SBSP3;ARS;CD;3;primary;;True;CEDEARs;ARCAVA4601W4;Cedears;;Caja de Valores S.A.
SBUX;SBU;ARS;CD;X;especial;;False;CEDEARs;ARDEUT111481;Cedears;;BANCO COMAFI S.A.
SBUXB;SBUX;ARS;CD;B;otro;;False;CEDEARs;ARDEUT111481;Cedears;;BANCO COMAFI S.A.
SBUXC;SBUX;cable;CD;C;primary;;True;CEDEARs;ARDEUT111481;Cedears;;BANCO COMAFI S.A.
SBUXD;SBUX;MEP;CD;D;primary;;True;CEDEARs;ARDEUT111481;Cedears;;BANCO COMAFI S.A.
SCCO;SCCO;ARS;CD;O;primary;;True;CEDEARs;ARDEUT116084;Cedears;;BANCO COMAFI S.A.
SCCOB;SCCO;ARS;CD;B;otro;;False;CEDEARs;ARDEUT116084;Cedears;;BANCO COMAFI S.A.
SCHW;SCHW;ARS;CD;W;primary;;True;CEDEARs;AR0368313562;Cedears;;BANCO COMAFI S.A.
SCHWC;SCHW;cable;CD;C;primary;;True;CEDEARs;AR0368313562;Cedears;;BANCO COMAFI S.A.
SCHWD;SCHW;MEP;CD;D;primary;;True;CEDEARs;AR0368313562;Cedears;;BANCO COMAFI S.A.
SCOOD;SCOO;MEP;CD;D;primary;;True;CEDEARs;ARDEUT116084;Cedears;;BANCO COMAFI S.A.
SDA;SDA;ARS;CD;A;primary;;True;CEDEARs;AR0097548348;Cedears;;BANCO COMAFI S.A.
SE;SE;ARS;CD;E;primary;;True;CEDEARs;ARBCOM4603S6;Cedears;;BANCO COMAFI S.A.
SEC;SE;cable;CD;C;primary;;True;CEDEARs;ARBCOM4603S6;Cedears;;BANCO COMAFI S.A.
SED;SE;MEP;CD;D;primary;;True;CEDEARs;ARBCOM4603S6;Cedears;;BANCO COMAFI S.A.
SH;SH;ARS;CD;H;primary;;True;CEDEARs;AR0798622483;Cedears;;Caja de Valores S.A.
SHC;SH;cable;CD;C;primary;;True;CEDEARs;AR0798622483;Cedears;;Caja de Valores S.A.
SHD;SH;MEP;CD;D;primary;;True;CEDEARs;AR0798622483;Cedears;;Caja de Valores S.A.
SHEL;SHEL;ARS;CD;L;primary;;True;CEDEARs;ARDEUT112547;Cedears;;BANCO COMAFI S.A.
SHELB;SHEL;ARS;CD;B;otro;;False;CEDEARs;ARDEUT112547;Cedears;;BANCO COMAFI S.A.
SHELC;SHEL;cable;CD;C;primary;;True;CEDEARs;ARDEUT112547;Cedears;;BANCO COMAFI S.A.
SHELD;SHEL;MEP;CD;D;primary;;True;CEDEARs;ARDEUT112547;Cedears;;BANCO COMAFI S.A.
SHOP;SHOP;ARS;CD;P;primary;;True;CEDEARs;ARBCOM460341;Cedears;;BANCO COMAFI S.A.
SHOPC;SHOP;cable;CD;C;primary;;True;CEDEARs;ARBCOM460341;Cedears;;BANCO COMAFI S.A.
SHOPD;SHOP;MEP;CD;D;primary;;True;CEDEARs;ARBCOM460341;Cedears;;BANCO COMAFI S.A.
SID;SID;ARS;CD;D;primary;;True;CEDEARs;ARBCOM4602B4;Cedears;;BANCO COMAFI S.A.
SIDC;SID;cable;CD;C;primary;;True;CEDEARs;ARBCOM4602B4;Cedears;;BANCO COMAFI S.A.
SIDD;SID;MEP;CD;D;primary;;True;CEDEARs;ARBCOM4602B4;Cedears;;BANCO COMAFI S.A.
SIEGC;SIEG;cable;CD;C;primary;;True;CEDEARs;ARDEUT112372;Cedears;;BANCO COMAFI S.A.
SIEGY;SIEGY;ARS;CD;Y;primary;;True;CEDEARs;ARDEUT112372;Cedears;;BANCO COMAFI S.A.
SLB;SLB;ARS;CD;B;primary;;True;CEDEARs;ARDEUT111515;Cedears;;BANCO COMAFI S.A.
SLBC;SLB;cable;CD;C;primary;;True;CEDEARs;ARDEUT111515;Cedears;;BANCO COMAFI S.A.
SLBD;SLB;MEP;CD;D;primary;;True;CEDEARs;ARDEUT111515;Cedears;;BANCO COMAFI S.A.
SLV;SLV;ARS;CD;V;primary;;True;CEDEARs;AR0863747074;Cedears;;BANCO COMAFI S.A.
SLVB;SLV;ARS;CD;B;otro;;False;CEDEARs;AR0863747074;Cedears;;BANCO COMAFI S.A.
SLVC;SLV;cable;CD;C;primary;;True;CEDEARs;AR0863747074;Cedears;;BANCO COMAFI S.A.
SLVD;SLV;MEP;CD;D;primary;;True;CEDEARs;AR0863747074;Cedears;;BANCO COMAFI S.A.
SMH;SMH;ARS;CD;H;primary;;True;CEDEARs;AR0998039140;Cedears;;Caja de Valores S.A.
SMHC;SMH;cable;CD;C;primary;;True;CEDEARs;AR0998039140;Cedears;;Caja de Valores S.A.
SMHD;SMH;MEP;CD;D;primary;;True;CEDEARs;AR0998039140;Cedears;;Caja de Valores S.A.
SMSN;SMSN;ARS;CD;N;primary;;True;CEDEARs;ARDEUT115359;Cedears;;BANCO COMAFI S.A.
SNA;SNA;ARS;CD;A;primary;;True;CEDEARs;ARDEUT111549;Cedears;;BANCO COMAFI S.A.
SNAP;SNAP;ARS;CD;P;primary;;True;CEDEARs;ARBCOM4601H3;Cedears;;BANCO COMAFI S.A.
SNAPD;SNAP;MEP;CD;D;primary;;True;CEDEARs;ARBCOM4601H3;Cedears;;BANCO COMAFI S.A.
SNDK;SNDK;ARS;CD;K;primary;;True;CEDEARs;AR0142846093;Cedears;;BANCO COMAFI S.A.
SNDKD;SNDK;MEP;CD;D;primary;;True;CEDEARs;AR0142846093;Cedears;;BANCO COMAFI S.A.
SNOW;SNOW;ARS;CD;W;primary;;True;CEDEARs;ARBCOM460358;Cedears;;BANCO COMAFI S.A.
SNOWC;SNOW;cable;CD;C;primary;;True;CEDEARs;ARBCOM460358;Cedears;;BANCO COMAFI S.A.
SNOWD;SNOW;MEP;CD;D;primary;;True;CEDEARs;ARBCOM460358;Cedears;;BANCO COMAFI S.A.
SONY;SONY;ARS;CD;Y;primary;;True;CEDEARs;ARDEUT112984;Cedears;;BANCO COMAFI S.A.
SONYC;SONY;cable;CD;C;primary;;True;CEDEARs;ARDEUT112984;Cedears;;BANCO COMAFI S.A.
SONYD;SONY;MEP;CD;D;primary;;True;CEDEARs;ARDEUT112984;Cedears;;BANCO COMAFI S.A.
SPCE;SPCE;ARS;CD;E;primary;;True;CEDEARs;AR0212589896;Cedears;;BANCO COMAFI S.A.
SPCED;SPCE;MEP;CD;D;primary;;True;CEDEARs;AR0212589896;Cedears;;BANCO COMAFI S.A.
SPGI;SPGI;ARS;CD;I;primary;;True;CEDEARs;ARBCOM4603V0;Cedears;;BANCO COMAFI S.A.
SPGIC;SPGI;cable;CD;C;primary;;True;CEDEARs;ARBCOM4603V0;Cedears;;BANCO COMAFI S.A.
SPGID;SPGI;MEP;CD;D;primary;;True;CEDEARs;ARBCOM4603V0;Cedears;;BANCO COMAFI S.A.
SPHQ;SPHQ;ARS;CD;Q;primary;;True;CEDEARs;AR0754647243;Cedears;;BANCO COMAFI S.A.
SPHQC;SPHQ;cable;CD;C;primary;;True;CEDEARs;AR0754647243;Cedears;;BANCO COMAFI S.A.
SPHQD;SPHQ;MEP;CD;D;primary;;True;CEDEARs;AR0754647243;Cedears;;BANCO COMAFI S.A.
SPOT;SPOT;ARS;CD;T;primary;;True;CEDEARs;ARBCOM460366;Cedears;;BANCO COMAFI S.A.
SPOTB;SPOT;ARS;CD;B;otro;;False;CEDEARs;ARBCOM460366;Cedears;;BANCO COMAFI S.A.
SPOTC;SPOT;cable;CD;C;primary;;True;CEDEARs;ARBCOM460366;Cedears;;BANCO COMAFI S.A.
SPOTD;SPOT;MEP;CD;D;primary;;True;CEDEARs;ARBCOM460366;Cedears;;BANCO COMAFI S.A.
SPXL;SPXL;ARS;CD;L;primary;;True;CEDEARs;AR0748859532;Cedears;;Caja de Valores S.A.
SPXLC;SPXL;cable;CD;C;primary;;True;CEDEARs;AR0748859532;Cedears;;Caja de Valores S.A.
SPXLD;SPXL;MEP;CD;D;primary;;True;CEDEARs;AR0748859532;Cedears;;Caja de Valores S.A.
SPY;SPY;ARS;CD;Y;primary;;True;CEDEARs;ARCAVA460131;Cedears;;Caja de Valores S.A.
SPYB;SPY;ARS;CD;B;otro;;False;CEDEARs;ARCAVA460131;Cedears;;Caja de Valores S.A.
SPYC;SPY;cable;CD;C;primary;;True;CEDEARs;ARCAVA460131;Cedears;;Caja de Valores S.A.
SPYCB;SPYCB;cable;CD;B;otro;;False;CEDEARs;ARCAVA460131;Cedears;;Caja de Valores S.A.
SPYD;SPY;MEP;CD;D;primary;;True;CEDEARs;ARCAVA460131;Cedears;;Caja de Valores S.A.
SPYDB;SPYDB;MEP;CD;B;otro;;False;CEDEARs;ARCAVA460131;Cedears;;Caja de Valores S.A.
STLA;STLA;ARS;CD;A;primary;;True;CEDEARs;AR0940941575;Cedears;;BANCO COMAFI S.A.
STLAB;STLA;ARS;CD;B;otro;;False;CEDEARs;AR0940941575;Cedears;;BANCO COMAFI S.A.
STLAC;STLA;cable;CD;C;primary;;True;CEDEARs;AR0940941575;Cedears;;BANCO COMAFI S.A.
STLAD;STLA;MEP;CD;D;primary;;True;CEDEARs;AR0940941575;Cedears;;BANCO COMAFI S.A.
STNE;STNE;ARS;CD;E;primary;;True;CEDEARs;AR0657424591;Cedears;;BANCO COMAFI S.A.
STNEC;STNE;cable;CD;C;primary;;True;CEDEARs;AR0657424591;Cedears;;BANCO COMAFI S.A.
STNED;STNE;MEP;CD;D;primary;;True;CEDEARs;AR0657424591;Cedears;;BANCO COMAFI S.A.
SUZ;SUZ;ARS;CD;Z;primary;;True;CEDEARs;ARBCOM4602E8;Cedears;;BANCO COMAFI S.A.
SUZB3;SUZB3;ARS;CD;3;primary;;True;CEDEARs;ARCAVA4601V6;Cedears;;Caja de Valores S.A.
SUZC;SUZ;cable;CD;C;primary;;True;CEDEARs;ARBCOM4602E8;Cedears;;BANCO COMAFI S.A.
SUZD;SUZ;MEP;CD;D;primary;;True;CEDEARs;ARBCOM4602E8;Cedears;;BANCO COMAFI S.A.
SWKS;SWKS;ARS;CD;S;primary;;True;CEDEARs;AR0061200025;Cedears;;BANCO COMAFI S.A.
SWKSC;SWKS;cable;CD;C;primary;;True;CEDEARs;AR0061200025;Cedears;;BANCO COMAFI S.A.
SWKSD;SWKS;MEP;CD;D;primary;;True;CEDEARs;AR0061200025;Cedears;;BANCO COMAFI S.A.
SYY;SYY;ARS;CD;Y;primary;;True;CEDEARs;ARDEUT111598;Cedears;;BANCO COMAFI S.A.
SYYC;SYY;cable;CD;C;primary;;True;CEDEARs;ARDEUT111598;Cedears;;BANCO COMAFI S.A.
SYYD;SYY;MEP;CD;D;primary;;True;CEDEARs;ARDEUT111598;Cedears;;BANCO COMAFI S.A.
T;T;ARS;CD;T;primary;;True;CEDEARs;ARDEUT111713;Cedears;;BANCO COMAFI S.A.
TB;T;ARS;CD;B;otro;;False;CEDEARs;ARDEUT111713;Cedears;;BANCO COMAFI S.A.
TC;T;cable;CD;C;primary;;True;CEDEARs;ARDEUT111713;Cedears;;BANCO COMAFI S.A.
TCB;TCB;cable;CD;B;otro;;False;CEDEARs;ARDEUT111713;Cedears;;BANCO COMAFI S.A.
TCOM;TCOM;ARS;CD;M;primary;;True;CEDEARs;ARBCOM460226;Cedears;;BANCO COMAFI S.A.
TCOMD;TCOM;MEP;CD;D;primary;;True;CEDEARs;ARBCOM460226;Cedears;;BANCO COMAFI S.A.
TD;T;MEP;CD;D;primary;;True;CEDEARs;ARDEUT111713;Cedears;;BANCO COMAFI S.A.
TDB;TDB;MEP;CD;B;otro;;False;CEDEARs;ARDEUT111713;Cedears;;BANCO COMAFI S.A.
TEAM;TEAM;ARS;CD;M;primary;;True;CEDEARs;AR0234754239;Cedears;;BANCO COMAFI S.A.
TEAMC;TEAM;cable;CD;C;primary;;True;CEDEARs;AR0234754239;Cedears;;BANCO COMAFI S.A.
TEAMD;TEAM;MEP;CD;D;primary;;True;CEDEARs;AR0234754239;Cedears;;BANCO COMAFI S.A.
TEM;TEM;ARS;CD;M;primary;;True;CEDEARs;AR0520934156;Cedears;;BANCO COMAFI S.A.
TEMC;TEM;cable;CD;C;primary;;True;CEDEARs;AR0520934156;Cedears;;BANCO COMAFI S.A.
TEMD;TEM;MEP;CD;D;primary;;True;CEDEARs;AR0520934156;Cedears;;BANCO COMAFI S.A.
TEN;TEN;ARS;CD;N;primary;;True;CEDEARs;ARBCOM4602S8;Cedears;;BANCO COMAFI S.A.
TENB;TEN;ARS;CD;B;otro;;False;CEDEARs;ARBCOM4602S8;Cedears;;BANCO COMAFI S.A.
TENC;TEN;cable;CD;C;primary;;True;CEDEARs;ARBCOM4602S8;Cedears;;BANCO COMAFI S.A.
TEND;TEN;MEP;CD;D;primary;;True;CEDEARs;ARBCOM4602S8;Cedears;;BANCO COMAFI S.A.
TGT;TGT;ARS;CD;T;primary;;True;CEDEARs;ARBCOM460101;Cedears;;BANCO COMAFI S.A.
TGTB;TGT;ARS;CD;B;otro;;False;CEDEARs;ARBCOM460101;Cedears;;BANCO COMAFI S.A.
TGTC;TGT;cable;CD;C;primary;;True;CEDEARs;ARBCOM460101;Cedears;;BANCO COMAFI S.A.
TGTD;TGT;MEP;CD;D;primary;;True;CEDEARs;ARBCOM460101;Cedears;;BANCO COMAFI S.A.
TIIAC;TIIA;cable;CD;C;primary;;True;CEDEARs;ARDEUT112059;Cedears;;BANCO COMAFI S.A.
TIMB;TIMB;ARS;CD;B;primary;;True;CEDEARs;ARBCOM4602A6;Cedears;;BANCO COMAFI S.A.
TIMBC;TIMB;cable;CD;C;primary;;True;CEDEARs;ARBCOM4602A6;Cedears;;BANCO COMAFI S.A.
TIMBD;TIMB;MEP;CD;D;primary;;True;CEDEARs;ARBCOM4602A6;Cedears;;BANCO COMAFI S.A.
TIMS3;TIMS3;ARS;CD;3;primary;;True;CEDEARs;ARCAVA4601Z7;Cedears;;Caja de Valores S.A.
TJX;TJ;ARS;CD;X;especial;;False;CEDEARs;AR0831219149;Cedears;;BANCO COMAFI S.A.
TJXC;TJX;cable;CD;C;primary;;True;CEDEARs;AR0831219149;Cedears;;BANCO COMAFI S.A.
TJXD;TJX;MEP;CD;D;primary;;True;CEDEARs;AR0831219149;Cedears;;BANCO COMAFI S.A.
TM;TM;ARS;CD;M;primary;;True;CEDEARs;ARDEUT112083;Cedears;;BANCO COMAFI S.A.
TMC;TM;cable;CD;C;primary;;True;CEDEARs;ARDEUT112083;Cedears;;BANCO COMAFI S.A.
TMD;TM;MEP;CD;D;primary;;True;CEDEARs;ARDEUT112083;Cedears;;BANCO COMAFI S.A.
TMDB;TMDB;MEP;CD;B;otro;;False;CEDEARs;ARDEUT112083;Cedears;;BANCO COMAFI S.A.
TMO;TMO;ARS;CD;O;primary;;True;CEDEARs;ARBCOM4601F7;Cedears;;BANCO COMAFI S.A.
TMOB;TMO;ARS;CD;B;otro;;False;CEDEARs;ARBCOM4601F7;Cedears;;BANCO COMAFI S.A.
TMOC;TMO;cable;CD;C;primary;;True;CEDEARs;ARBCOM4601F7;Cedears;;BANCO COMAFI S.A.
TMOD;TMO;MEP;CD;D;primary;;True;CEDEARs;ARBCOM4601F7;Cedears;;BANCO COMAFI S.A.
TMUS;TMUS;ARS;CD;S;primary;;True;CEDEARs;AR0964115726;Cedears;;BANCO COMAFI S.A.
TMUSC;TMUS;cable;CD;C;primary;;True;CEDEARs;AR0964115726;Cedears;;BANCO COMAFI S.A.
TMUSD;TMUS;MEP;CD;D;primary;;True;CEDEARs;AR0964115726;Cedears;;BANCO COMAFI S.A.
TQQQ;TQQQ;ARS;CD;Q;primary;;True;CEDEARs;AR0866630731;Cedears;;Caja de Valores S.A.
TQQQC;TQQQ;cable;CD;C;primary;;True;CEDEARs;AR0866630731;Cedears;;Caja de Valores S.A.
TQQQD;TQQQ;MEP;CD;D;primary;;True;CEDEARs;AR0866630731;Cedears;;Caja de Valores S.A.
TRIP;TRIP;ARS;CD;P;primary;;True;CEDEARs;ARBCOM4601O9;Cedears;;BANCO COMAFI S.A.
TRIPC;TRIP;cable;CD;C;primary;;True;CEDEARs;ARBCOM4601O9;Cedears;;BANCO COMAFI S.A.
TRIPD;TRIP;MEP;CD;D;primary;;True;CEDEARs;ARBCOM4601O9;Cedears;;BANCO COMAFI S.A.
TRVCB;TRVCB;cable;CD;B;otro;;False;CEDEARs;ARDEUT116100;Cedears;;BANCO COMAFI S.A.
TRVDB;TRVDB;MEP;CD;B;otro;;False;CEDEARs;ARDEUT116100;Cedears;;BANCO COMAFI S.A.
TRVV;TRVV;ARS;CD;V;primary;;True;CEDEARs;ARDEUT116100;Cedears;;BANCO COMAFI S.A.
TRVVB;TRVV;ARS;CD;B;otro;;False;CEDEARs;ARDEUT116100;Cedears;;BANCO COMAFI S.A.
TRVVC;TRVV;cable;CD;C;primary;;True;CEDEARs;ARDEUT116100;Cedears;;BANCO COMAFI S.A.
TRVVD;TRVV;MEP;CD;D;primary;;True;CEDEARs;ARDEUT116100;Cedears;;BANCO COMAFI S.A.
TSLA;TSLA;ARS;CD;A;primary;;True;CEDEARs;ARBCOM4601K7;Cedears;;BANCO COMAFI S.A.
TSLAB;TSLA;ARS;CD;B;otro;;False;CEDEARs;ARBCOM4601K7;Cedears;;BANCO COMAFI S.A.
TSLAC;TSLA;cable;CD;C;primary;;True;CEDEARs;ARBCOM4601K7;Cedears;;BANCO COMAFI S.A.
TSLAD;TSLA;MEP;CD;D;primary;;True;CEDEARs;ARBCOM4601K7;Cedears;;BANCO COMAFI S.A.
TSLDB;TSLDB;MEP;CD;B;otro;;False;CEDEARs;ARBCOM4601K7;Cedears;;BANCO COMAFI S.A.
TSM;TSM;ARS;CD;M;primary;;True;CEDEARs;ARDEUT113016;Cedears;;BANCO COMAFI S.A.
TSMB;TSM;ARS;CD;B;otro;;False;CEDEARs;ARDEUT113016;Cedears;;BANCO COMAFI S.A.
TSMC;TSM;cable;CD;C;primary;;True;CEDEARs;ARDEUT113016;Cedears;;BANCO COMAFI S.A.
TSMD;TSM;MEP;CD;D;primary;;True;CEDEARs;ARDEUT113016;Cedears;;BANCO COMAFI S.A.
TSMDB;TSMDB;MEP;CD;B;otro;;False;CEDEARs;ARDEUT113016;Cedears;;BANCO COMAFI S.A.
TTE;TTE;ARS;CD;E;primary;;True;CEDEARs;ARDEUT112075;Cedears;;BANCO COMAFI S.A.
TTEC;TTE;cable;CD;C;primary;;True;CEDEARs;ARDEUT112075;Cedears;;BANCO COMAFI S.A.
TTED;TTE;MEP;CD;D;primary;;True;CEDEARs;ARDEUT112075;Cedears;;BANCO COMAFI S.A.
TV;TV;ARS;CD;V;primary;;True;CEDEARs;ARDEUT112133;Cedears;;BANCO COMAFI S.A.
TVC;TV;cable;CD;C;primary;;True;CEDEARs;ARDEUT112133;Cedears;;BANCO COMAFI S.A.
TVD;TV;MEP;CD;D;primary;;True;CEDEARs;ARDEUT112133;Cedears;;BANCO COMAFI S.A.
TWLO;TWLO;ARS;CD;O;primary;;True;CEDEARs;ARBCOM4603T4;Cedears;;BANCO COMAFI S.A.
TWLOC;TWLO;cable;CD;C;primary;;True;CEDEARs;ARBCOM4603T4;Cedears;;BANCO COMAFI S.A.
TWLOD;TWLO;MEP;CD;D;primary;;True;CEDEARs;ARBCOM4603T4;Cedears;;BANCO COMAFI S.A.
TXN;TXN;ARS;CD;N;primary;;True;CEDEARs;ARDEUT111622;Cedears;;BANCO COMAFI S.A.
TXNC;TXN;cable;CD;C;primary;;True;CEDEARs;ARDEUT111622;Cedears;;BANCO COMAFI S.A.
TXND;TXN;MEP;CD;D;primary;;True;CEDEARs;ARDEUT111622;Cedears;;BANCO COMAFI S.A.
TXR;TXR;ARS;CD;R;primary;;True;CEDEARs;ARDEUT116019;Cedears;;BANCO COMAFI S.A.
TXRC;TXRC;MEP;CD;C;otro;;False;CEDEARs;ARDEUT116019;Cedears;;BANCO COMAFI S.A.
TXRD;TXR;MEP;CD;D;primary;;True;CEDEARs;ARDEUT116019;Cedears;;BANCO COMAFI S.A.
UAL;UAL;ARS;CD;L;primary;;True;CEDEARs;ARCAVA460164;Cedears;;Caja de Valores S.A.
UALB;UAL;ARS;CD;B;otro;;False;CEDEARs;ARCAVA460164;Cedears;;Caja de Valores S.A.
UALC;UAL;cable;CD;C;primary;;True;CEDEARs;ARCAVA460164;Cedears;;Caja de Valores S.A.
UALD;UAL;MEP;CD;D;primary;;True;CEDEARs;ARCAVA460164;Cedears;;Caja de Valores S.A.
UBER;UBER;ARS;CD;R;primary;;True;CEDEARs;ARCAVA4601A0;Cedears;;Caja de Valores S.A.
UBERB;UBER;ARS;CD;B;otro;;False;CEDEARs;ARCAVA4601A0;Cedears;;Caja de Valores S.A.
UBERC;UBER;cable;CD;C;primary;;True;CEDEARs;ARCAVA4601A0;Cedears;;Caja de Valores S.A.
UBERD;UBER;MEP;CD;D;primary;;True;CEDEARs;ARCAVA4601A0;Cedears;;Caja de Valores S.A.
UGP;UGP;ARS;CD;P;primary;;True;CEDEARs;ARBCOM4602C2;Cedears;;BANCO COMAFI S.A.
UGPC;UGP;cable;CD;C;primary;;True;CEDEARs;ARBCOM4602C2;Cedears;;BANCO COMAFI S.A.
UGPD;UGP;MEP;CD;D;primary;;True;CEDEARs;ARBCOM4602C2;Cedears;;BANCO COMAFI S.A.
UL;UL;ARS;CD;L;primary;;True;CEDEARs;ARDEUT112091;Cedears;;BANCO COMAFI S.A.
ULC;UL;cable;CD;C;primary;;True;CEDEARs;ARDEUT112091;Cedears;;BANCO COMAFI S.A.
ULD;UL;MEP;CD;D;primary;;True;CEDEARs;ARDEUT112091;Cedears;;BANCO COMAFI S.A.
UNH;UNH;ARS;CD;H;primary;;True;CEDEARs;ARBCOM460390;Cedears;;BANCO COMAFI S.A.
UNHB;UNH;ARS;CD;B;otro;;False;CEDEARs;ARBCOM460390;Cedears;;BANCO COMAFI S.A.
UNHC;UNH;cable;CD;C;primary;;True;CEDEARs;ARBCOM460390;Cedears;;BANCO COMAFI S.A.
UNHD;UNH;MEP;CD;D;primary;;True;CEDEARs;ARBCOM460390;Cedears;;BANCO COMAFI S.A.
UNP;UNP;ARS;CD;P;primary;;True;CEDEARs;ARBCOM460382;Cedears;;BANCO COMAFI S.A.
UNPC;UNP;cable;CD;C;primary;;True;CEDEARs;ARBCOM460382;Cedears;;BANCO COMAFI S.A.
UNPD;UNP;MEP;CD;D;primary;;True;CEDEARs;ARBCOM460382;Cedears;;BANCO COMAFI S.A.
UPST;UPST;ARS;CD;T;primary;;True;CEDEARs;ARCAVA4601B8;Cedears;;Caja de Valores S.A.
UPSTB;UPST;ARS;CD;B;otro;;False;CEDEARs;ARCAVA4601B8;Cedears;;Caja de Valores S.A.
UPSTC;UPST;cable;CD;C;primary;;True;CEDEARs;ARCAVA4601B8;Cedears;;Caja de Valores S.A.
UPSTD;UPST;MEP;CD;D;primary;;True;CEDEARs;ARCAVA4601B8;Cedears;;Caja de Valores S.A.
URA;URA;ARS;CD;A;primary;;True;CEDEARs;AR0460285759;Cedears;;Caja de Valores S.A.
URAC;URA;cable;CD;C;primary;;True;CEDEARs;AR0460285759;Cedears;;Caja de Valores S.A.
URAD;URA;MEP;CD;D;primary;;True;CEDEARs;AR0460285759;Cedears;;Caja de Valores S.A.
URBN;URBN;ARS;CD;N;primary;;True;CEDEARs;ARBCOM4601Q4;Cedears;;BANCO COMAFI S.A.
URBNC;URBN;cable;CD;C;primary;;True;CEDEARs;ARBCOM4601Q4;Cedears;;BANCO COMAFI S.A.
URBND;URBN;MEP;CD;D;primary;;True;CEDEARs;ARBCOM4601Q4;Cedears;;BANCO COMAFI S.A.
USB;USB;ARS;CD;B;primary;;True;CEDEARs;ARDEUT112919;Cedears;;BANCO COMAFI S.A.
USO;USO;ARS;CD;O;primary;;True;CEDEARs;AR0388535277;Cedears;;BANCO COMAFI S.A.
USOD;USO;MEP;CD;D;primary;;True;CEDEARs;AR0388535277;Cedears;;BANCO COMAFI S.A.
V;V;ARS;CD;V;primary;;True;CEDEARs;ARBCOM460127;Cedears;;BANCO COMAFI S.A.
VAL3C;VAL3;cable;CD;C;primary;;True;CEDEARs;ARCAVA4601K9;Cedears;;Caja de Valores S.A.
VAL3D;VAL3;MEP;CD;D;primary;;True;CEDEARs;ARCAVA4601K9;Cedears;;Caja de Valores S.A.
VALE;VALE;ARS;CD;E;primary;;True;CEDEARs;ARDEUT113925;Cedears;;BANCO COMAFI S.A.
VALE3;VALE3;ARS;CD;3;primary;;True;CEDEARs;ARCAVA4601K9;Cedears;;Caja de Valores S.A.
VALEB;VALE;ARS;CD;B;otro;;False;CEDEARs;ARDEUT113925;Cedears;;BANCO COMAFI S.A.
VALEC;VALE;cable;CD;C;primary;;True;CEDEARs;ARDEUT113925;Cedears;;BANCO COMAFI S.A.
VALED;VALE;MEP;CD;D;primary;;True;CEDEARs;ARDEUT113925;Cedears;;BANCO COMAFI S.A.
VB;V;ARS;CD;B;otro;;False;CEDEARs;ARBCOM460127;Cedears;;BANCO COMAFI S.A.
VC;V;cable;CD;C;primary;;True;CEDEARs;ARBCOM460127;Cedears;;BANCO COMAFI S.A.
VD;V;MEP;CD;D;primary;;True;CEDEARs;ARBCOM460127;Cedears;;BANCO COMAFI S.A.
VEA;VEA;ARS;CD;A;primary;;True;CEDEARs;AR0810570678;Cedears;;BANCO COMAFI S.A.
VEAC;VEA;cable;CD;C;primary;;True;CEDEARs;AR0810570678;Cedears;;BANCO COMAFI S.A.
VEAD;VEA;MEP;CD;D;primary;;True;CEDEARs;AR0810570678;Cedears;;BANCO COMAFI S.A.
VIG;VIG;ARS;CD;G;primary;;True;CEDEARs;AR0625060907;Cedears;;BANCO COMAFI S.A.
VIGC;VIG;cable;CD;C;primary;;True;CEDEARs;AR0625060907;Cedears;;BANCO COMAFI S.A.
VIGD;VIG;MEP;CD;D;primary;;True;CEDEARs;AR0625060907;Cedears;;BANCO COMAFI S.A.
VIST;VIST;ARS;CD;T;primary;;True;CEDEARs;ARBCOM4602V2;Cedears;;BANCO COMAFI S.A.
VISTB;VIST;ARS;CD;B;otro;;False;CEDEARs;ARBCOM4602V2;Cedears;;BANCO COMAFI S.A.
VISTC;VIST;cable;CD;C;primary;;True;CEDEARs;ARBCOM4602V2;Cedears;;BANCO COMAFI S.A.
VISTD;VIST;MEP;CD;D;primary;;True;CEDEARs;ARBCOM4602V2;Cedears;;BANCO COMAFI S.A.
VITCB;VITCB;cable;CD;B;otro;;False;CEDEARs;ARBCOM4602V2;Cedears;;BANCO COMAFI S.A.
VITDB;VITDB;MEP;CD;B;otro;;False;CEDEARs;ARBCOM4602V2;Cedears;;BANCO COMAFI S.A.
VIV;VIV;ARS;CD;V;primary;;True;CEDEARs;ARBCOM4601W2;Cedears;;BANCO COMAFI S.A.
VIVC;VIV;cable;CD;C;primary;;True;CEDEARs;ARBCOM4601W2;Cedears;;BANCO COMAFI S.A.
VIVD;VIV;MEP;CD;D;primary;;True;CEDEARs;ARBCOM4601W2;Cedears;;BANCO COMAFI S.A.
VIVT3;VIVT3;ARS;CD;3;primary;;True;CEDEARs;ARCAVA4601X2;Cedears;;Caja de Valores S.A.
VOD;VOD;ARS;CD;D;primary;;True;CEDEARs;ARDEUT110590;Cedears;;BANCO COMAFI S.A.
VODC;VOD;cable;CD;C;primary;;True;CEDEARs;ARDEUT110590;Cedears;;BANCO COMAFI S.A.
VODD;VOD;MEP;CD;D;primary;;True;CEDEARs;ARDEUT110590;Cedears;;BANCO COMAFI S.A.
VRSN;VRSN;ARS;CD;N;primary;;True;CEDEARs;ARBCOM4600U8;Cedears;;BANCO COMAFI S.A.
VRSNB;VRSN;ARS;CD;B;otro;;False;CEDEARs;ARBCOM4600U8;Cedears;;BANCO COMAFI S.A.
VRSNC;VRSN;cable;CD;C;primary;;True;CEDEARs;ARBCOM4600U8;Cedears;;BANCO COMAFI S.A.
VRSND;VRSN;MEP;CD;D;primary;;True;CEDEARs;ARBCOM4600U8;Cedears;;BANCO COMAFI S.A.
VRTX;VRT;ARS;CD;X;especial;;False;CEDEARs;AR0468655268;Cedears;;BANCO COMAFI S.A.
VRTXC;VRTX;cable;CD;C;primary;;True;CEDEARs;AR0468655268;Cedears;;BANCO COMAFI S.A.
VRTXD;VRTX;MEP;CD;D;primary;;True;CEDEARs;AR0468655268;Cedears;;BANCO COMAFI S.A.
VST;VST;ARS;CD;T;primary;;True;CEDEARs;AR0659507682;Cedears;;BANCO COMAFI S.A.
VSTC;VST;cable;CD;C;primary;;True;CEDEARs;AR0659507682;Cedears;;BANCO COMAFI S.A.
VSTD;VST;MEP;CD;D;primary;;True;CEDEARs;AR0659507682;Cedears;;BANCO COMAFI S.A.
VXX;VX;ARS;CD;X;especial;;False;CEDEARs;AR0691521022;Cedears;;Caja de Valores S.A.
VXXC;VXX;cable;CD;C;primary;;True;CEDEARs;AR0691521022;Cedears;;Caja de Valores S.A.
VXXD;VXX;MEP;CD;D;primary;;True;CEDEARs;AR0691521022;Cedears;;Caja de Valores S.A.
VZ;VZ;ARS;CD;Z;primary;;True;CEDEARs;ARDEUT112927;Cedears;;BANCO COMAFI S.A.
VZB;VZ;ARS;CD;B;otro;;False;CEDEARs;ARDEUT112927;Cedears;;BANCO COMAFI S.A.
VZC;VZ;cable;CD;C;primary;;True;CEDEARs;ARDEUT112927;Cedears;;BANCO COMAFI S.A.
VZD;VZ;MEP;CD;D;primary;;True;CEDEARs;ARDEUT112927;Cedears;;BANCO COMAFI S.A.
WBO;WBO;ARS;CD;O;primary;;True;CEDEARs;ARBCOM460259;Cedears;;BANCO COMAFI S.A.
WBOD;WBO;MEP;CD;D;primary;;True;CEDEARs;ARBCOM460259;Cedears;;BANCO COMAFI S.A.
WEGE3;WEGE3;ARS;CD;3;primary;;True;CEDEARs;ARCAVA460289;Cedears;;Caja de Valores S.A.
WFC.B;WFC;ARS;CD;C;otro;B;False;CEDEARs;ARDEUT110434;Cedears;;BANCO COMAFI S.A.
WFC;WFC;ARS;CD;C;primary;;True;CEDEARs;ARDEUT110434;Cedears;;BANCO COMAFI S.A.
WFCC;WFC;cable;CD;C;primary;;True;CEDEARs;ARDEUT110434;Cedears;;BANCO COMAFI S.A.
WFCD;WFC;MEP;CD;D;primary;;True;CEDEARs;ARDEUT110434;Cedears;;BANCO COMAFI S.A.
WMT.B;WMT;ARS;CD;T;otro;B;False;CEDEARs;ARDEUT110400;Cedears;;BANCO COMAFI S.A.
WMT;WMT;ARS;CD;T;primary;;True;CEDEARs;ARDEUT110400;Cedears;;BANCO COMAFI S.A.
WMTC;WMT;cable;CD;C;primary;;True;CEDEARs;ARDEUT110400;Cedears;;BANCO COMAFI S.A.
WMTD;WMT;MEP;CD;D;primary;;True;CEDEARs;ARDEUT110400;Cedears;;BANCO COMAFI S.A.
XLB;XLB;ARS;CD;B;primary;;True;CEDEARs;AR0441163851;Cedears;;BANCO COMAFI S.A.
XLBB;XLB;ARS;CD;B;otro;;False;CEDEARs;AR0441163851;Cedears;;BANCO COMAFI S.A.
XLBC;XLB;cable;CD;C;primary;;True;CEDEARs;AR0441163851;Cedears;;BANCO COMAFI S.A.
XLBD;XLB;MEP;CD;D;primary;;True;CEDEARs;AR0441163851;Cedears;;BANCO COMAFI S.A.
XLC;XLC;ARS;CD;C;primary;;True;CEDEARs;AR0515201439;Cedears;;BANCO COMAFI S.A.
XLCC;XLC;cable;CD;C;primary;;True;CEDEARs;AR0515201439;Cedears;;BANCO COMAFI S.A.
XLCD;XLC;MEP;CD;D;primary;;True;CEDEARs;AR0515201439;Cedears;;BANCO COMAFI S.A.
XLE;XLE;ARS;CD;E;primary;;True;CEDEARs;ARCAVA4600Z9;Cedears;;Caja de Valores S.A.
XLEB;XLE;ARS;CD;B;otro;;False;CEDEARs;ARCAVA4600Z9;Cedears;;Caja de Valores S.A.
XLEC;XLE;cable;CD;C;primary;;True;CEDEARs;ARCAVA4600Z9;Cedears;;Caja de Valores S.A.
XLED;XLE;MEP;CD;D;primary;;True;CEDEARs;ARCAVA4600Z9;Cedears;;Caja de Valores S.A.
XLEDB;XLEDB;MEP;CD;B;otro;;False;CEDEARs;ARCAVA4600Z9;Cedears;;Caja de Valores S.A.
XLF;XLF;ARS;CD;F;primary;;True;CEDEARs;ARCAVA4600Y2;Cedears;;Caja de Valores S.A.
XLFB;XLF;ARS;CD;B;otro;;False;CEDEARs;ARCAVA4600Y2;Cedears;;Caja de Valores S.A.
XLFC;XLF;cable;CD;C;primary;;True;CEDEARs;ARCAVA4600Y2;Cedears;;Caja de Valores S.A.
XLFD;XLF;MEP;CD;D;primary;;True;CEDEARs;ARCAVA4600Y2;Cedears;;Caja de Valores S.A.
XLI;XLI;ARS;CD;I;primary;;True;CEDEARs;AR0595844538;Cedears;;BANCO COMAFI S.A.
XLIC;XLI;cable;CD;C;primary;;True;CEDEARs;AR0595844538;Cedears;;BANCO COMAFI S.A.
XLID;XLI;MEP;CD;D;primary;;True;CEDEARs;AR0595844538;Cedears;;BANCO COMAFI S.A.
XLK;XLK;ARS;CD;K;primary;;True;CEDEARs;AR0824137712;Cedears;;BANCO COMAFI S.A.
XLKC;XLK;cable;CD;C;primary;;True;CEDEARs;AR0824137712;Cedears;;BANCO COMAFI S.A.
XLKD;XLK;MEP;CD;D;primary;;True;CEDEARs;AR0824137712;Cedears;;BANCO COMAFI S.A.
XLP;XLP;ARS;CD;P;primary;;True;CEDEARs;AR0887077425;Cedears;;BANCO COMAFI S.A.
XLPC;XLP;cable;CD;C;primary;;True;CEDEARs;AR0887077425;Cedears;;BANCO COMAFI S.A.
XLPD;XLP;MEP;CD;D;primary;;True;CEDEARs;AR0887077425;Cedears;;BANCO COMAFI S.A.
XLRE;XLRE;ARS;CD;E;primary;;True;CEDEARs;AR0068390027;Cedears;;BANCO COMAFI S.A.
XLREC;XLRE;cable;CD;C;primary;;True;CEDEARs;AR0068390027;Cedears;;BANCO COMAFI S.A.
XLRED;XLRE;MEP;CD;D;primary;;True;CEDEARs;AR0068390027;Cedears;;BANCO COMAFI S.A.
XLU;XLU;ARS;CD;U;primary;;True;CEDEARs;AR0449817581;Cedears;;Caja de Valores S.A.
XLUC;XLU;cable;CD;C;primary;;True;CEDEARs;AR0449817581;Cedears;;Caja de Valores S.A.
XLUD;XLU;MEP;CD;D;primary;;True;CEDEARs;AR0449817581;Cedears;;Caja de Valores S.A.
XLV;XLV;ARS;CD;V;primary;;True;CEDEARs;AR0216856044;Cedears;;BANCO COMAFI S.A.
XLVC;XLV;cable;CD;C;primary;;True;CEDEARs;AR0216856044;Cedears;;BANCO COMAFI S.A.
XLVD;XLV;MEP;CD;D;primary;;True;CEDEARs;AR0216856044;Cedears;;BANCO COMAFI S.A.
XLY;XLY;ARS;CD;Y;primary;;True;CEDEARs;AR0427103855;Cedears;;BANCO COMAFI S.A.
XLYC;XLY;cable;CD;C;primary;;True;CEDEARs;AR0427103855;Cedears;;BANCO COMAFI S.A.
XLYD;XLY;MEP;CD;D;primary;;True;CEDEARs;AR0427103855;Cedears;;BANCO COMAFI S.A.
XME;XME;ARS;CD;E;primary;;True;CEDEARs;AR0235356091;Cedears;;Caja de Valores S.A.
XMEC;XME;cable;CD;C;primary;;True;CEDEARs;AR0235356091;Cedears;;Caja de Valores S.A.
XMED;XME;MEP;CD;D;primary;;True;CEDEARs;AR0235356091;Cedears;;Caja de Valores S.A.
XOM;XOM;ARS;CD;M;primary;;True;CEDEARs;ARDEUT110152;Cedears;;BANCO COMAFI S.A.
XOMB;XOM;ARS;CD;B;otro;;False;CEDEARs;ARDEUT110152;Cedears;;BANCO COMAFI S.A.
XOMC;XOM;cable;CD;C;primary;;True;CEDEARs;ARDEUT110152;Cedears;;BANCO COMAFI S.A.
XOMD;XOM;MEP;CD;D;primary;;True;CEDEARs;ARDEUT110152;Cedears;;BANCO COMAFI S.A.
XOMDB;XOMDB;MEP;CD;B;otro;;False;CEDEARs;ARDEUT110152;Cedears;;BANCO COMAFI S.A.
XP;XP;ARS;CD;P;primary;;True;CEDEARs;ARBCOM4603Z1;Cedears;;BANCO COMAFI S.A.
XPC;XP;cable;CD;C;primary;;True;CEDEARs;ARBCOM4603Z1;Cedears;;BANCO COMAFI S.A.
XPD;XP;MEP;CD;D;primary;;True;CEDEARs;ARBCOM4603Z1;Cedears;;BANCO COMAFI S.A.
XPEV;XPEV;ARS;CD;V;primary;;True;CEDEARs;AR0453271709;Cedears;;BANCO COMAFI S.A.
XPEVC;XPEV;cable;CD;C;primary;;True;CEDEARs;AR0453271709;Cedears;;BANCO COMAFI S.A.
XPEVD;XPEV;MEP;CD;D;primary;;True;CEDEARs;AR0453271709;Cedears;;BANCO COMAFI S.A.
XROX;XRO;ARS;CD;X;especial;;False;CEDEARs;ARBCOM4600W4;Cedears;;BANCO COMAFI S.A.
XROXC;XROX;cable;CD;C;primary;;True;CEDEARs;ARBCOM4600W4;Cedears;;BANCO COMAFI S.A.
XROXD;XROX;MEP;CD;D;primary;;True;CEDEARs;ARBCOM4600W4;Cedears;;BANCO COMAFI S.A.
XYZ;XYZ;ARS;CD;Z;primary;;True;CEDEARs;ARBCOM460374;Cedears;;BANCO COMAFI S.A.
XYZC;XYZ;cable;CD;C;primary;;True;CEDEARs;ARBCOM460374;Cedears;;BANCO COMAFI S.A.
XYZD;XYZ;MEP;CD;D;primary;;True;CEDEARs;ARBCOM460374;Cedears;;BANCO COMAFI S.A.
YELP;YELP;ARS;CD;P;primary;;True;CEDEARs;ARBCOM4600Y0;Cedears;;BANCO COMAFI S.A.
YELPD;YELP;MEP;CD;D;primary;;True;CEDEARs;ARBCOM4600Y0;Cedears;;BANCO COMAFI S.A.
YZCA;YZCA;ARS;CD;A;primary;;True;CEDEARs;ARDEUT114758;Cedears;;BANCO COMAFI S.A.
YZCAC;YZCA;cable;CD;C;primary;;True;CEDEARs;ARDEUT114758;Cedears;;BANCO COMAFI S.A.
YZCAD;YZCA;MEP;CD;D;primary;;True;CEDEARs;ARDEUT114758;Cedears;;BANCO COMAFI S.A.
ZM;ZM;ARS;CD;M;primary;;True;CEDEARs;ARBCOM4603B2;Cedears;;BANCO COMAFI S.A.
ZMC;ZM;cable;CD;C;primary;;True;CEDEARs;ARBCOM4603B2;Cedears;;BANCO COMAFI S.A.
ZMD;ZM;MEP;CD;D;primary;;True;CEDEARs;ARBCOM4603B2;Cedears;;BANCO COMAFI S.A.
AE38;AE38;ARS;GO;8;primary;;True;Titulos Publicos;ARARGE3209U2;Títulos Públicos;BOND;Gobierno Nacional
AE38C;AE38;cable;GO;C;primary;;True;Titulos Publicos;ARARGE3209U2;Títulos Públicos;BOND;Gobierno Nacional
AE38D;AE38;MEP;GO;D;primary;;True;Titulos Publicos;ARARGE3209U2;Títulos Públicos;BOND;Gobierno Nacional
AE38X;AE38;ARS;GO;X;especial;;False;Titulos Publicos;ARARGE3209U2;Títulos Públicos;BOND;Gobierno Nacional
AE38Y;AE38;MEP;GO;Y;especial;;False;Titulos Publicos;ARARGE3209U2;Títulos Públicos;BOND;Gobierno Nacional
AE38Z;AE38;cable;GO;Z;especial;;False;Titulos Publicos;ARARGE3209U2;Títulos Públicos;BOND;Gobierno Nacional
AL03A;AL03A;ARS;GO;A;primary;;True;Titulos Publicos;;;;
AL29;AL29;ARS;GO;9;primary;;True;Titulos Publicos;ARARGE3209Y4;Títulos Públicos;BOND;Gobierno Nacional
AL29C;AL29;cable;GO;C;primary;;True;Titulos Publicos;ARARGE3209Y4;Títulos Públicos;BOND;Gobierno Nacional
AL29D;AL29;MEP;GO;D;primary;;True;Titulos Publicos;ARARGE3209Y4;Títulos Públicos;BOND;Gobierno Nacional
AL29X;AL29;ARS;GO;X;especial;;False;Titulos Publicos;ARARGE3209Y4;Títulos Públicos;BOND;Gobierno Nacional
AL29Y;AL29;MEP;GO;Y;especial;;False;Titulos Publicos;ARARGE3209Y4;Títulos Públicos;BOND;Gobierno Nacional
AL29Z;AL29;cable;GO;Z;especial;;False;Titulos Publicos;ARARGE3209Y4;Títulos Públicos;BOND;Gobierno Nacional
AL30;AL30;ARS;GO;0;primary;;True;Titulos Publicos;ARARGE3209S6;Títulos Públicos;BOND;Gobierno Nacional
AL30C;AL30;cable;GO;C;primary;;True;Titulos Publicos;ARARGE3209S6;Títulos Públicos;BOND;Gobierno Nacional
AL30D;AL30;MEP;GO;D;primary;;True;Titulos Publicos;ARARGE3209S6;Títulos Públicos;BOND;Gobierno Nacional
AL30X;AL30;ARS;GO;X;especial;;False;Titulos Publicos;ARARGE3209S6;Títulos Públicos;BOND;Gobierno Nacional
AL30Y;AL30;MEP;GO;Y;especial;;False;Titulos Publicos;ARARGE3209S6;Títulos Públicos;BOND;Gobierno Nacional
AL30Z;AL30;cable;GO;Z;especial;;False;Titulos Publicos;ARARGE3209S6;Títulos Públicos;BOND;Gobierno Nacional
AL35;AL35;ARS;GO;5;primary;;True;Titulos Publicos;ARARGE3209T4;Títulos Públicos;BOND;Gobierno Nacional
AL35C;AL35;cable;GO;C;primary;;True;Titulos Publicos;ARARGE3209T4;Títulos Públicos;BOND;Gobierno Nacional
AL35D;AL35;MEP;GO;D;primary;;True;Titulos Publicos;ARARGE3209T4;Títulos Públicos;BOND;Gobierno Nacional
AL35X;AL35;ARS;GO;X;especial;;False;Titulos Publicos;ARARGE3209T4;Títulos Públicos;BOND;Gobierno Nacional
AL35Y;AL35;MEP;GO;Y;especial;;False;Titulos Publicos;ARARGE3209T4;Títulos Públicos;BOND;Gobierno Nacional
AL35Z;AL35;cable;GO;Z;especial;;False;Titulos Publicos;ARARGE3209T4;Títulos Públicos;BOND;Gobierno Nacional
AL41;AL41;ARS;GO;1;primary;;True;Titulos Publicos;ARARGE3209V0;Títulos Públicos;BOND;Gobierno Nacional
AL41C;AL41;cable;GO;C;primary;;True;Titulos Publicos;ARARGE3209V0;Títulos Públicos;BOND;Gobierno Nacional
AL41D;AL41;MEP;GO;D;primary;;True;Titulos Publicos;ARARGE3209V0;Títulos Públicos;BOND;Gobierno Nacional
AL41X;AL41;ARS;GO;X;especial;;False;Titulos Publicos;ARARGE3209V0;Títulos Públicos;BOND;Gobierno Nacional
AL41Y;AL41;MEP;GO;Y;especial;;False;Titulos Publicos;ARARGE3209V0;Títulos Públicos;BOND;Gobierno Nacional
AL41Z;AL41;cable;GO;Z;especial;;False;Titulos Publicos;ARARGE3209V0;Títulos Públicos;BOND;Gobierno Nacional
AN29;AN29;ARS;GO;9;primary;;True;Titulos Publicos;AR0963787574;Títulos Públicos;BOND;Gobierno Nacional
AN29C;AN29;cable;GO;C;primary;;True;Titulos Publicos;AR0963787574;Títulos Públicos;BOND;Gobierno Nacional
AN29D;AN29;MEP;GO;D;primary;;True;Titulos Publicos;AR0963787574;Títulos Públicos;BOND;Gobierno Nacional
AN29X;AN29;ARS;GO;X;especial;;False;Titulos Publicos;AR0963787574;Títulos Públicos;BOND;Gobierno Nacional
AN29Y;AN29;MEP;GO;Y;especial;;False;Titulos Publicos;AR0963787574;Títulos Públicos;BOND;Gobierno Nacional
AN29Z;AN29;cable;GO;Z;especial;;False;Titulos Publicos;AR0963787574;Títulos Públicos;BOND;Gobierno Nacional
AO27;AO27;ARS;GO;7;primary;;True;Titulos Publicos;AR0676997536;Títulos Públicos;BOND;Gobierno Nacional
AO27C;AO27;cable;GO;C;primary;;True;Titulos Publicos;AR0676997536;Títulos Públicos;BOND;Gobierno Nacional
AO27D;AO27;MEP;GO;D;primary;;True;Titulos Publicos;AR0676997536;Títulos Públicos;BOND;Gobierno Nacional
AO27X;AO27;ARS;GO;X;especial;;False;Titulos Publicos;AR0676997536;Títulos Públicos;BOND;Gobierno Nacional
AO27Y;AO27;MEP;GO;Y;especial;;False;Titulos Publicos;AR0676997536;Títulos Públicos;BOND;Gobierno Nacional
AO27Z;AO27;cable;GO;Z;especial;;False;Titulos Publicos;AR0676997536;Títulos Públicos;BOND;Gobierno Nacional
AO28;AO28;ARS;GO;8;primary;;True;Titulos Publicos;AR0474258297;Títulos Públicos;BOND;Gobierno Nacional
AO28C;AO28;cable;GO;C;primary;;True;Titulos Publicos;AR0474258297;Títulos Públicos;BOND;Gobierno Nacional
AO28D;AO28;MEP;GO;D;primary;;True;Titulos Publicos;AR0474258297;Títulos Públicos;BOND;Gobierno Nacional
AO28X;AO28;ARS;GO;X;especial;;False;Titulos Publicos;AR0474258297;Títulos Públicos;BOND;Gobierno Nacional
AO28Y;AO28;MEP;GO;Y;especial;;False;Titulos Publicos;AR0474258297;Títulos Públicos;BOND;Gobierno Nacional
AO28Z;AO28;cable;GO;Z;especial;;False;Titulos Publicos;AR0474258297;Títulos Públicos;BOND;Gobierno Nacional
BA37D;BA37D;ARS;GO;D;primary;;True;Titulos Publicos;XS2385150334;Títulos Públicos;BOND;Provincia de Buenos Aires
BA37E;BA37E;ARS;GO;E;primary;;True;Titulos Publicos;;;;
BA7DC;BA7D;cable;GO;C;primary;;True;Titulos Publicos;XS2385150334;Títulos Públicos;BOND;Provincia de Buenos Aires
BA7DD;BA7D;MEP;GO;D;primary;;True;Titulos Publicos;XS2385150334;Títulos Públicos;BOND;Provincia de Buenos Aires
BA7DX;BA7D;ARS;GO;X;especial;;False;Titulos Publicos;XS2385150334;Títulos Públicos;BOND;Provincia de Buenos Aires
BA7DY;BA7D;MEP;GO;Y;especial;;False;Titulos Publicos;XS2385150334;Títulos Públicos;BOND;Provincia de Buenos Aires
BA7DZ;BA7D;cable;GO;Z;especial;;False;Titulos Publicos;XS2385150334;Títulos Públicos;BOND;Provincia de Buenos Aires
BAF27;BAF27;ARS;GO;7;primary;;True;Titulos Publicos;AR0562543014;Títulos Públicos;BOND;Municipalidad de la Ciudad de Córdoba
BAS26;BAS26;ARS;GO;6;primary;;True;Titulos Publicos;AR0180354703;Títulos Públicos;BOND;Municipalidad de la Ciudad de Córdoba
BAS6D;BAS6;MEP;GO;D;primary;;True;Titulos Publicos;AR0180354703;Títulos Públicos;BOND;Municipalidad de la Ciudad de Córdoba
BB37D;BB37D;ARS;GO;D;primary;;True;Titulos Publicos;XS2385151738;Títulos Públicos;BOND;Provincia de Buenos Aires
BB7DC;BB7D;cable;GO;C;primary;;True;Titulos Publicos;XS2385151738;Títulos Públicos;BOND;Provincia de Buenos Aires
BB7DD;BB7D;MEP;GO;D;primary;;True;Titulos Publicos;XS2385151738;Títulos Públicos;BOND;Provincia de Buenos Aires
BB7DX;BB7D;ARS;GO;X;especial;;False;Titulos Publicos;XS2385151738;Títulos Públicos;BOND;Provincia de Buenos Aires
BB7DY;BB7D;MEP;GO;Y;especial;;False;Titulos Publicos;XS2385151738;Títulos Públicos;BOND;Provincia de Buenos Aires
BB7DZ;BB7D;cable;GO;Z;especial;;False;Titulos Publicos;XS2385151738;Títulos Públicos;BOND;Provincia de Buenos Aires
BC28C;BC28;cable;GO;C;primary;;True;Titulos Publicos;ARCBAS3201J5;Títulos Públicos;BOND;Ciudad Autónoma de Buenos Aires
BC28D;BC28;MEP;GO;D;primary;;True;Titulos Publicos;ARCBAS3201J5;Títulos Públicos;BOND;Ciudad Autónoma de Buenos Aires
BC28X;BC28;ARS;GO;X;especial;;False;Titulos Publicos;ARCBAS3201J5;Títulos Públicos;BOND;Ciudad Autónoma de Buenos Aires
BC28Y;BC28;MEP;GO;Y;especial;;False;Titulos Publicos;ARCBAS3201J5;Títulos Públicos;BOND;Ciudad Autónoma de Buenos Aires
BC28Z;BC28;cable;GO;Z;especial;;False;Titulos Publicos;ARCBAS3201J5;Títulos Públicos;BOND;Ciudad Autónoma de Buenos Aires
BC33C;BC33;cable;GO;C;primary;;True;Titulos Publicos;XS3237223311;Títulos Públicos;BOND;Ciudad Autónoma de Buenos Aires
BC33D;BC33;MEP;GO;D;primary;;True;Titulos Publicos;XS3237223311;Títulos Públicos;BOND;Ciudad Autónoma de Buenos Aires
BC36C;BC36;cable;GO;C;primary;;True;Titulos Publicos;USP1911JAE75;Títulos Públicos;BOND;Ciudad Autónoma de Buenos Aires
BC36D;BC36;MEP;GO;D;primary;;True;Titulos Publicos;USP1911JAE75;Títulos Públicos;BOND;Ciudad Autónoma de Buenos Aires
BC36Z;BC36;cable;GO;Z;especial;;False;Titulos Publicos;USP1911JAE75;Títulos Públicos;BOND;Ciudad Autónoma de Buenos Aires
BC37D;BC37D;ARS;GO;D;primary;;True;Titulos Publicos;XS2385150847;Títulos Públicos;BOND;Provincia de Buenos Aires
BC7DC;BC7D;cable;GO;C;primary;;True;Titulos Publicos;XS2385150847;Títulos Públicos;BOND;Provincia de Buenos Aires
BC7DD;BC7D;MEP;GO;D;primary;;True;Titulos Publicos;XS2385150847;Títulos Públicos;BOND;Provincia de Buenos Aires
BCIUO;BCIUO;ARS;GO;O;primary;;True;Titulos Publicos;;;;
BDC28;BDC28;ARS;GO;8;primary;;True;Titulos Publicos;ARCBAS3201J5;Títulos Públicos;BOND;Ciudad Autónoma de Buenos Aires
BDC33;BDC33;ARS;GO;3;primary;;True;Titulos Publicos;XS3237223311;Títulos Públicos;BOND;Ciudad Autónoma de Buenos Aires
BDC36;BDC36;ARS;GO;6;primary;;True;Titulos Publicos;USP1911JAE75;Títulos Públicos;BOND;Ciudad Autónoma de Buenos Aires
BPA7C;BPA7;cable;GO;C;primary;;True;Titulos Publicos;AR0684877571;Títulos Públicos;BOND;Banco Central de la República Argentina
BPA7D;BPA7;MEP;GO;D;primary;;True;Titulos Publicos;AR0684877571;Títulos Públicos;BOND;Banco Central de la República Argentina
BPA7X;BPA7;ARS;GO;X;especial;;False;Titulos Publicos;AR0684877571;Títulos Públicos;BOND;Banco Central de la República Argentina
BPA7Y;BPA7;MEP;GO;Y;especial;;False;Titulos Publicos;AR0684877571;Títulos Públicos;BOND;Banco Central de la República Argentina
BPA7Z;BPA7;cable;GO;Z;especial;;False;Titulos Publicos;AR0684877571;Títulos Públicos;BOND;Banco Central de la República Argentina
BPA8C;BPA8;cable;GO;C;primary;;True;Titulos Publicos;AR0029227748;Títulos Públicos;BOND;Banco Central de la República Argentina
BPA8D;BPA8;MEP;GO;D;primary;;True;Titulos Publicos;AR0029227748;Títulos Públicos;BOND;Banco Central de la República Argentina
BPA8X;BPA8;ARS;GO;X;especial;;False;Titulos Publicos;AR0029227748;Títulos Públicos;BOND;Banco Central de la República Argentina
BPA8Y;BPA8;MEP;GO;Y;especial;;False;Titulos Publicos;AR0029227748;Títulos Públicos;BOND;Banco Central de la República Argentina
BPA8Z;BPA8;cable;GO;Z;especial;;False;Titulos Publicos;AR0029227748;Títulos Públicos;BOND;Banco Central de la República Argentina
BPB7C;BPB7;cable;GO;C;primary;;True;Titulos Publicos;AR0772251226;Títulos Públicos;BOND;Banco Central de la República Argentina
BPB7D;BPB7;MEP;GO;D;primary;;True;Titulos Publicos;AR0772251226;Títulos Públicos;BOND;Banco Central de la República Argentina
BPB7X;BPB7;ARS;GO;X;especial;;False;Titulos Publicos;AR0772251226;Títulos Públicos;BOND;Banco Central de la República Argentina
BPB7Y;BPB7;MEP;GO;Y;especial;;False;Titulos Publicos;AR0772251226;Títulos Públicos;BOND;Banco Central de la República Argentina
BPB7Z;BPB7;cable;GO;Z;especial;;False;Titulos Publicos;AR0772251226;Títulos Públicos;BOND;Banco Central de la República Argentina
BPB8C;BPB8;cable;GO;C;primary;;True;Titulos Publicos;AR0868821510;Títulos Públicos;BOND;Banco Central de la República Argentina
BPB8D;BPB8;MEP;GO;D;primary;;True;Titulos Publicos;AR0868821510;Títulos Públicos;BOND;Banco Central de la República Argentina
BPB8X;BPB8;ARS;GO;X;especial;;False;Titulos Publicos;AR0868821510;Títulos Públicos;BOND;Banco Central de la República Argentina
BPB8Y;BPB8;MEP;GO;Y;especial;;False;Titulos Publicos;AR0868821510;Títulos Públicos;BOND;Banco Central de la República Argentina
BPB8Z;BPB8;cable;GO;Z;especial;;False;Titulos Publicos;AR0868821510;Títulos Públicos;BOND;Banco Central de la República Argentina
BPC7C;BPC7;cable;GO;C;primary;;True;Titulos Publicos;AR0763285209;Títulos Públicos;BOND;Banco Central de la República Argentina
BPC7D;BPC7;MEP;GO;D;primary;;True;Titulos Publicos;AR0763285209;Títulos Públicos;BOND;Banco Central de la República Argentina
BPC7X;BPC7;ARS;GO;X;especial;;False;Titulos Publicos;AR0763285209;Títulos Públicos;BOND;Banco Central de la República Argentina
BPC7Y;BPC7;MEP;GO;Y;especial;;False;Titulos Publicos;AR0763285209;Títulos Públicos;BOND;Banco Central de la República Argentina
BPC7Z;BPC7;cable;GO;Z;especial;;False;Titulos Publicos;AR0763285209;Títulos Públicos;BOND;Banco Central de la República Argentina
BPD7C;BPD7;cable;GO;C;primary;;True;Titulos Publicos;AR0314171247;Títulos Públicos;BOND;Banco Central de la República Argentina
BPD7D;BPD7;MEP;GO;D;primary;;True;Titulos Publicos;AR0314171247;Títulos Públicos;BOND;Banco Central de la República Argentina
BPD7X;BPD7;ARS;GO;X;especial;;False;Titulos Publicos;AR0314171247;Títulos Públicos;BOND;Banco Central de la República Argentina
BPD7Y;BPD7;MEP;GO;Y;especial;;False;Titulos Publicos;AR0314171247;Títulos Públicos;BOND;Banco Central de la República Argentina
BPD7Z;BPD7;cable;GO;Z;especial;;False;Titulos Publicos;AR0314171247;Títulos Públicos;BOND;Banco Central de la República Argentina
BPOA7;BPOA7;ARS;GO;7;primary;;True;Titulos Publicos;AR0684877571;Títulos Públicos;BOND;Banco Central de la República Argentina
BPOA8;BPOA8;ARS;GO;8;primary;;True;Titulos Publicos;AR0029227748;Títulos Públicos;BOND;Banco Central de la República Argentina
BPOB7;BPOB7;ARS;GO;7;primary;;True;Titulos Publicos;AR0772251226;Títulos Públicos;BOND;Banco Central de la República Argentina
BPOB8;BPOB8;ARS;GO;8;primary;;True;Titulos Publicos;AR0868821510;Títulos Públicos;BOND;Banco Central de la República Argentina
BPOC7;BPOC7;ARS;GO;7;primary;;True;Titulos Publicos;AR0763285209;Títulos Públicos;BOND;Banco Central de la República Argentina
BPOD7;BPOD7;ARS;GO;7;primary;;True;Titulos Publicos;AR0314171247;Títulos Públicos;BOND;Banco Central de la República Argentina
C27DC;C27D;cable;GO;C;primary;;True;Titulos Publicos;USP79171AF45;Títulos Públicos;BOND;Provincia de Córdoba
C27DD;C27D;MEP;GO;D;primary;;True;Titulos Publicos;USP79171AF45;Títulos Públicos;BOND;Provincia de Córdoba
C27DX;C27D;ARS;GO;X;especial;;False;Titulos Publicos;USP79171AF45;Títulos Públicos;BOND;Provincia de Córdoba
C27DY;C27D;MEP;GO;Y;especial;;False;Titulos Publicos;USP79171AF45;Títulos Públicos;BOND;Provincia de Córdoba
C27DZ;C27D;cable;GO;Z;especial;;False;Titulos Publicos;USP79171AF45;Títulos Públicos;BOND;Provincia de Córdoba
C2D7X;C2D7;ARS;GO;X;especial;;False;Titulos Publicos;AR0569903542;Títulos Públicos;BOND;Provincia de Córdoba
C3D7X;C3D7;ARS;GO;X;especial;;False;Titulos Publicos;AR0545352251;Títulos Públicos;BOND;Provincia de Córdoba
CARP;CARP;ARS;GO;P;primary;;True;Titulos Publicos;;;;
CCO24;CCO24;cable;GO;4;otro;;False;Titulos Publicos;USP79171AE79;Títulos Públicos;BOND;Provincia de Córdoba
CCO26;CCO26;cable;GO;6;otro;;False;Titulos Publicos;ARPCDB320099;Títulos Públicos;BOND;Provincia de Córdoba
CEDI;CEDI;ARS;GO;I;primary;;True;Titulos Publicos;;;;
CH24D;CH24D;ARS;GO;D;primary;;True;Titulos Publicos;USP2389CAA10;Títulos Públicos;BOND;Provincia del Chaco
CI02Q;CI02Q;ARS;GO;Q;primary;;True;Titulos Publicos;;;;
CO24D;CO24D;ARS;GO;D;primary;;True;Titulos Publicos;USP79171AE79;Títulos Públicos;BOND;Provincia de Córdoba
CO26;CO26;ARS;GO;6;primary;;True;Titulos Publicos;ARPCDB320099;Títulos Públicos;BOND;Provincia de Córdoba
CO26D;CO26;MEP;GO;D;primary;;True;Titulos Publicos;ARPCDB320099;Títulos Públicos;BOND;Provincia de Córdoba
CO26X;CO26;ARS;GO;X;especial;;False;Titulos Publicos;ARPCDB320099;Títulos Públicos;BOND;Provincia de Córdoba
CO26Y;CO26;MEP;GO;Y;especial;;False;Titulos Publicos;ARPCDB320099;Títulos Públicos;BOND;Provincia de Córdoba
CO26Z;CO26;cable;GO;Z;especial;;False;Titulos Publicos;ARPCDB320099;Títulos Públicos;BOND;Provincia de Córdoba
CO27D;CO27D;ARS;GO;D;primary;;True;Titulos Publicos;USP79171AF45;Títulos Públicos;BOND;Provincia de Córdoba
CO2D7;CO2D7;ARS;GO;7;primary;;True;Titulos Publicos;AR0569903542;Títulos Públicos;BOND;Provincia de Córdoba
CO32;CO32;ARS;GO;2;primary;;True;Titulos Publicos;USP79171AG28;Títulos Públicos;BOND;Provincia de Córdoba
CO32C;CO32;cable;GO;C;primary;;True;Titulos Publicos;USP79171AG28;Títulos Públicos;BOND;Provincia de Córdoba
CO32D;CO32;MEP;GO;D;primary;;True;Titulos Publicos;USP79171AG28;Títulos Públicos;BOND;Provincia de Córdoba
CO35;CO35;ARS;GO;5;primary;;True;Titulos Publicos;USP79171AH01;Títulos Públicos;BOND;Provincia de Córdoba
CO35C;CO35;cable;GO;C;primary;;True;Titulos Publicos;USP79171AH01;Títulos Públicos;BOND;Provincia de Córdoba
CO35D;CO35;MEP;GO;D;primary;;True;Titulos Publicos;USP79171AH01;Títulos Públicos;BOND;Provincia de Córdoba
CO35X;CO35;ARS;GO;X;especial;;False;Titulos Publicos;USP79171AH01;Títulos Públicos;BOND;Provincia de Córdoba
CO35Y;CO35;MEP;GO;Y;especial;;False;Titulos Publicos;USP79171AH01;Títulos Públicos;BOND;Provincia de Córdoba
CO35Z;CO35;cable;GO;Z;especial;;False;Titulos Publicos;USP79171AH01;Títulos Públicos;BOND;Provincia de Córdoba
CO3D7;CO3D7;ARS;GO;7;primary;;True;Titulos Publicos;AR0545352251;Títulos Públicos;BOND;Provincia de Córdoba
COD7;COD7;ARS;GO;7;primary;;True;Titulos Publicos;AR0465108931;Títulos Públicos;BOND;Provincia de Córdoba
COD7X;COD7;ARS;GO;X;especial;;False;Titulos Publicos;AR0465108931;Títulos Públicos;BOND;Provincia de Córdoba
COY27;COY27;ARS;GO;7;primary;;True;Titulos Publicos;AR0401732018;Títulos Públicos;BOND;Provincia de Córdoba
CUAP;CUAP;ARS;GO;P;primary;;True;Titulos Publicos;ARARGE03E139;Títulos Públicos;BOND;Gobierno Nacional
CUAPC;CUAP;cable;GO;C;primary;;True;Titulos Publicos;ARARGE03E139;Títulos Públicos;BOND;Gobierno Nacional
CUAPD;CUAP;MEP;GO;D;primary;;True;Titulos Publicos;ARARGE03E139;Títulos Públicos;BOND;Gobierno Nacional
CUAPX;CUAP;ARS;GO;X;especial;;False;Titulos Publicos;ARARGE03E139;Títulos Públicos;BOND;Gobierno Nacional
CUAPY;CUAP;MEP;GO;Y;especial;;False;Titulos Publicos;ARARGE03E139;Títulos Públicos;BOND;Gobierno Nacional
CUAPZ;CUAP;cable;GO;Z;especial;;False;Titulos Publicos;ARARGE03E139;Títulos Públicos;BOND;Gobierno Nacional
CY27X;CY27;ARS;GO;X;especial;;False;Titulos Publicos;AR0401732018;Títulos Públicos;BOND;Provincia de Córdoba
DB01Q;DB01Q;ARS;GO;Q;primary;;True;Titulos Publicos;;;;
DB1QD;DB1Q;MEP;GO;D;primary;;True;Titulos Publicos;;;;
DCO24;DCO24;MEP;GO;4;otro;;False;Titulos Publicos;USP79171AE79;Títulos Públicos;BOND;Provincia de Córdoba
DICP;DICP;ARS;GO;P;primary;;True;Titulos Publicos;ARARGE03E121;Títulos Públicos;BOND;Gobierno Nacional
DICPC;DICP;cable;GO;C;primary;;True;Titulos Publicos;ARARGE03E121;Títulos Públicos;BOND;Gobierno Nacional
DICPD;DICP;MEP;GO;D;primary;;True;Titulos Publicos;ARARGE03E121;Títulos Públicos;BOND;Gobierno Nacional
DICPX;DICP;ARS;GO;X;especial;;False;Titulos Publicos;ARARGE03E121;Títulos Públicos;BOND;Gobierno Nacional
DICPY;DICP;MEP;GO;Y;especial;;False;Titulos Publicos;ARARGE03E121;Títulos Públicos;BOND;Gobierno Nacional
DICPZ;DICP;cable;GO;Z;especial;;False;Titulos Publicos;ARARGE03E121;Títulos Públicos;BOND;Gobierno Nacional
DIP0;DIP0;ARS;GO;0;primary;;True;Titulos Publicos;ARARGE03G696;Títulos Públicos;BOND;Gobierno Nacional
DIP0C;DIP0;cable;GO;C;primary;;True;Titulos Publicos;ARARGE03G696;Títulos Públicos;BOND;Gobierno Nacional
DIP0D;DIP0;MEP;GO;D;primary;;True;Titulos Publicos;ARARGE03G696;Títulos Públicos;BOND;Gobierno Nacional
DL01A;DL01A;ARS;GO;A;primary;;True;Titulos Publicos;;;;
DL01Q;DL01Q;ARS;GO;Q;primary;;True;Titulos Publicos;;;;
EF25C;EF25;cable;GO;C;primary;;True;Titulos Publicos;USP37341AA50;Títulos Públicos;BOND;Provincia de Entre Ríos
EF25D;EF25;MEP;GO;D;primary;;True;Titulos Publicos;USP37341AA50;Títulos Públicos;BOND;Provincia de Entre Ríos
EG01Q;EG01Q;ARS;GO;Q;primary;;True;Titulos Publicos;;;;
EM33C;ERM33;cable;GO;C;primary;;True;Titulos Publicos;USP37341AC17;Títulos Públicos;BOND;Provincia de Entre Ríos
EM33D;ERM33;MEP;GO;D;primary;;True;Titulos Publicos;USP37341AC17;Títulos Públicos;BOND;Provincia de Entre Ríos
ERF25;ERF25;ARS;GO;5;primary;;True;Titulos Publicos;USP37341AA50;Títulos Públicos;BOND;Provincia de Entre Ríos
ERM33;ERM33;ARS;GO;3;primary;;True;Titulos Publicos;USP37341AC17;Títulos Públicos;BOND;Provincia de Entre Ríos
GA01A;GA01A;ARS;GO;A;primary;;True;Titulos Publicos;;;;
GA1AC;GA1A;cable;GO;C;primary;;True;Titulos Publicos;;;;
GD29;GD29;ARS;GO;9;primary;;True;Titulos Publicos;US040114HX11;Títulos Públicos;BOND;Gobierno Nacional
GD29C;GD29;cable;GO;C;primary;;True;Titulos Publicos;US040114HX11;Títulos Públicos;BOND;Gobierno Nacional
GD29D;GD29;MEP;GO;D;primary;;True;Titulos Publicos;US040114HX11;Títulos Públicos;BOND;Gobierno Nacional
GD29X;GD29;ARS;GO;X;especial;;False;Titulos Publicos;US040114HX11;Títulos Públicos;BOND;Gobierno Nacional
GD29Y;GD29;MEP;GO;Y;especial;;False;Titulos Publicos;US040114HX11;Títulos Públicos;BOND;Gobierno Nacional
GD29Z;GD29;cable;GO;Z;especial;;False;Titulos Publicos;US040114HX11;Títulos Públicos;BOND;Gobierno Nacional
GD30;GD30;ARS;GO;0;primary;;True;Titulos Publicos;US040114HS26;Títulos Públicos;BOND;Gobierno Nacional
GD30C;GD30;cable;GO;C;primary;;True;Titulos Publicos;US040114HS26;Títulos Públicos;BOND;Gobierno Nacional
GD30D;GD30;MEP;GO;D;primary;;True;Titulos Publicos;US040114HS26;Títulos Públicos;BOND;Gobierno Nacional
GD30X;GD30;ARS;GO;X;especial;;False;Titulos Publicos;US040114HS26;Títulos Públicos;BOND;Gobierno Nacional
GD30Y;GD30;MEP;GO;Y;especial;;False;Titulos Publicos;US040114HS26;Títulos Públicos;BOND;Gobierno Nacional
GD30Z;GD30;cable;GO;Z;especial;;False;Titulos Publicos;US040114HS26;Títulos Públicos;BOND;Gobierno Nacional
GD35;GD35;ARS;GO;5;primary;;True;Titulos Publicos;US040114HT09;Títulos Públicos;BOND;Gobierno Nacional
GD35C;GD35;cable;GO;C;primary;;True;Titulos Publicos;US040114HT09;Títulos Públicos;BOND;Gobierno Nacional
GD35D;GD35;MEP;GO;D;primary;;True;Titulos Publicos;US040114HT09;Títulos Públicos;BOND;Gobierno Nacional
GD35X;GD35;ARS;GO;X;especial;;False;Titulos Publicos;US040114HT09;Títulos Públicos;BOND;Gobierno Nacional
GD35Y;GD35;MEP;GO;Y;especial;;False;Titulos Publicos;US040114HT09;Títulos Públicos;BOND;Gobierno Nacional
GD35Z;GD35;cable;GO;Z;especial;;False;Titulos Publicos;US040114HT09;Títulos Públicos;BOND;Gobierno Nacional
GD38;GD38;ARS;GO;8;primary;;True;Titulos Publicos;US040114HU71;Títulos Públicos;BOND;Gobierno Nacional
GD38C;GD38;cable;GO;C;primary;;True;Titulos Publicos;US040114HU71;Títulos Públicos;BOND;Gobierno Nacional
GD38D;GD38;MEP;GO;D;primary;;True;Titulos Publicos;US040114HU71;Títulos Públicos;BOND;Gobierno Nacional
GD38X;GD38;ARS;GO;X;especial;;False;Titulos Publicos;US040114HU71;Títulos Públicos;BOND;Gobierno Nacional
GD38Y;GD38;MEP;GO;Y;especial;;False;Titulos Publicos;US040114HU71;Títulos Públicos;BOND;Gobierno Nacional
GD38Z;GD38;cable;GO;Z;especial;;False;Titulos Publicos;US040114HU71;Títulos Públicos;BOND;Gobierno Nacional
GD41;GD41;ARS;GO;1;primary;;True;Titulos Publicos;US040114HV54;Títulos Públicos;BOND;Gobierno Nacional
GD41C;GD41;cable;GO;C;primary;;True;Titulos Publicos;US040114HV54;Títulos Públicos;BOND;Gobierno Nacional
GD41D;GD41;MEP;GO;D;primary;;True;Titulos Publicos;US040114HV54;Títulos Públicos;BOND;Gobierno Nacional
GD41X;GD41;ARS;GO;X;especial;;False;Titulos Publicos;US040114HV54;Títulos Públicos;BOND;Gobierno Nacional
GD41Y;GD41;MEP;GO;Y;especial;;False;Titulos Publicos;US040114HV54;Títulos Públicos;BOND;Gobierno Nacional
GD41Z;GD41;cable;GO;Z;especial;;False;Titulos Publicos;US040114HV54;Títulos Públicos;BOND;Gobierno Nacional
GD46;GD46;ARS;GO;6;primary;;True;Titulos Publicos;US040114HW38;Títulos Públicos;BOND;Gobierno Nacional
GD46C;GD46;cable;GO;C;primary;;True;Titulos Publicos;US040114HW38;Títulos Públicos;BOND;Gobierno Nacional
GD46D;GD46;MEP;GO;D;primary;;True;Titulos Publicos;US040114HW38;Títulos Públicos;BOND;Gobierno Nacional
GD46X;GD46;ARS;GO;X;especial;;False;Titulos Publicos;US040114HW38;Títulos Públicos;BOND;Gobierno Nacional
GD46Y;GD46;MEP;GO;Y;especial;;False;Titulos Publicos;US040114HW38;Títulos Públicos;BOND;Gobierno Nacional
GD46Z;GD46;cable;GO;Z;especial;;False;Titulos Publicos;US040114HW38;Títulos Públicos;BOND;Gobierno Nacional
GE29;GE29;ARS;GO;9;primary;;True;Titulos Publicos;XS2200244072;Títulos Públicos;BOND;Gobierno Nacional
GE29C;GE29;cable;GO;C;primary;;True;Titulos Publicos;XS2200244072;Títulos Públicos;BOND;Gobierno Nacional
GE38D;GE38;MEP;GO;D;primary;;True;Titulos Publicos;XS2177365017;Títulos Públicos;BOND;Gobierno Nacional
GE41C;GE41;cable;GO;C;primary;;True;Titulos Publicos;XS2177365363;Títulos Públicos;BOND;Gobierno Nacional
IB1QD;IB1Q;MEP;GO;D;primary;;True;Titulos Publicos;;;;
IE1QD;IE1Q;MEP;GO;D;primary;;True;Titulos Publicos;;;;
IP01A;IP01A;ARS;GO;A;primary;;True;Titulos Publicos;;;;
IV02Q;IV02Q;ARS;GO;Q;primary;;True;Titulos Publicos;;;;
JUS22;JUS22;ARS;GO;2;primary;;True;Titulos Publicos;XS1686882298;Títulos Públicos;BOND;Provincia de Jujuy
JUS2D;JUS22;MEP;GO;D;primary;;True;Titulos Publicos;XS1686882298;Títulos Públicos;BOND;Provincia de Jujuy
LK01Q;LK01Q;ARS;GO;Q;primary;;True;Titulos Publicos;;;;
LK1QD;LK1Q;MEP;GO;D;primary;;True;Titulos Publicos;;;;
MY41C;MY41C;ARS;GO;C;primary;;True;Titulos Publicos;;;;
MY42C;MY42C;ARS;GO;C;primary;;True;Titulos Publicos;;;;
MY49A;MY49A;ARS;GO;A;primary;;True;Titulos Publicos;;;;
NDT11;NDT11;ARS;GO;1;primary;;True;Titulos Publicos;USP71695AC75;Títulos Públicos;BOND;Provincia del Neuquén
NDT1C;NDT11;cable;GO;C;primary;;True;Titulos Publicos;USP71695AC75;Títulos Públicos;BOND;Provincia del Neuquén
NDT1D;NDT11;MEP;GO;D;primary;;True;Titulos Publicos;USP71695AC75;Títulos Públicos;BOND;Provincia del Neuquén
NDT25;NDT25;ARS;GO;5;primary;;True;Titulos Publicos;USP7169GAA78;Títulos Públicos;BOND;Provincia del Neuquén
NDT5C;NDT25;cable;GO;C;primary;;True;Titulos Publicos;USP7169GAA78;Títulos Públicos;BOND;Provincia del Neuquén
NDT5D;NDT25;MEP;GO;D;primary;;True;Titulos Publicos;USP7169GAA78;Títulos Públicos;BOND;Provincia del Neuquén
NDT5X;NDT25;ARS;GO;X;especial;;False;Titulos Publicos;USP7169GAA78;Títulos Públicos;BOND;Provincia del Neuquén
NDT5Y;NDT25;MEP;GO;Y;especial;;False;Titulos Publicos;USP7169GAA78;Títulos Públicos;BOND;Provincia del Neuquén
NDT5Z;NDT25;cable;GO;Z;especial;;False;Titulos Publicos;USP7169GAA78;Títulos Públicos;BOND;Provincia del Neuquén
NZC1O;NZC1O;ARS;GO;O;primary;;True;Titulos Publicos;;;;
NZC2D;NZC2;MEP;GO;D;primary;;True;Titulos Publicos;;;;
NZC3O;NZC3O;ARS;GO;O;primary;;True;Titulos Publicos;;;;
OC01Q;OC01Q;ARS;GO;Q;primary;;True;Titulos Publicos;;;;
PAE0;PAE0;ARS;GO;0;primary;;True;Titulos Publicos;XS0501195993;Títulos Públicos;BOND;Gobierno Nacional
PAP0;PAP0;ARS;GO;0;primary;;True;Titulos Publicos;ARARGE03G712;Títulos Públicos;BOND;Gobierno Nacional
PARP;PARP;ARS;GO;P;primary;;True;Titulos Publicos;ARARGE03E105;Títulos Públicos;BOND;Gobierno Nacional
PARPC;PARP;cable;GO;C;primary;;True;Titulos Publicos;ARARGE03E105;Títulos Públicos;BOND;Gobierno Nacional
PARPD;PARP;MEP;GO;D;primary;;True;Titulos Publicos;ARARGE03E105;Títulos Públicos;BOND;Gobierno Nacional
PARPX;PARP;ARS;GO;X;especial;;False;Titulos Publicos;ARARGE03E105;Títulos Públicos;BOND;Gobierno Nacional
PARPY;PARP;MEP;GO;Y;especial;;False;Titulos Publicos;ARARGE03E105;Títulos Públicos;BOND;Gobierno Nacional
PARPZ;PARP;cable;GO;Z;especial;;False;Titulos Publicos;ARARGE03E105;Títulos Públicos;BOND;Gobierno Nacional
PAY0;PAY0;ARS;GO;0;primary;;True;Titulos Publicos;XS0501195647;Títulos Públicos;BOND;Gobierno Nacional
PAY0C;PAY0;cable;GO;C;primary;;True;Titulos Publicos;XS0501195647;Títulos Públicos;BOND;Gobierno Nacional
PAY0D;PAY0;MEP;GO;D;primary;;True;Titulos Publicos;XS0501195647;Títulos Públicos;BOND;Gobierno Nacional
PBA27;PBA27;ARS;GO;7;primary;;True;Titulos Publicos;AR0647160248;Títulos Públicos;BOND;Provincia de Buenos Aires
PBG26;PBG26;ARS;GO;6;primary;;True;Titulos Publicos;AR0666157927;Títulos Públicos;BOND;Provincia de Buenos Aires
PBM7X;PBM7;ARS;GO;X;especial;;False;Titulos Publicos;AR0728973071;Títulos Públicos;BOND;Provincia de Buenos Aires
PM29C;PMM29;cable;GO;C;primary;;True;Titulos Publicos;USP6480JAH07;Títulos Públicos;BOND;Provincia de Mendoza
PM29D;PMM29;MEP;GO;D;primary;;True;Titulos Publicos;USP6480JAH07;Títulos Públicos;BOND;Provincia de Mendoza
PM29X;PMM29;ARS;GO;X;especial;;False;Titulos Publicos;USP6480JAH07;Títulos Públicos;BOND;Provincia de Mendoza
PM29Y;PMM29;MEP;GO;Y;especial;;False;Titulos Publicos;USP6480JAH07;Títulos Públicos;BOND;Provincia de Mendoza
PM29Z;PMM29;cable;GO;Z;especial;;False;Titulos Publicos;USP6480JAH07;Títulos Públicos;BOND;Provincia de Mendoza
PMA28;PMA28;ARS;GO;8;primary;;True;Titulos Publicos;AR0289288976;Títulos Públicos;BOND;Provincia de Mendoza
PMA8X;PMA28;ARS;GO;X;especial;;False;Titulos Publicos;AR0289288976;Títulos Públicos;BOND;Provincia de Mendoza
PMA8Y;PMA28;MEP;GO;Y;especial;;False;Titulos Publicos;AR0289288976;Títulos Públicos;BOND;Provincia de Mendoza
PMA8Z;PMA28;cable;GO;Z;especial;;False;Titulos Publicos;AR0289288976;Títulos Públicos;BOND;Provincia de Mendoza
PMD26;PMD26;ARS;GO;6;primary;;True;Titulos Publicos;AR0769321784;Títulos Públicos;BOND;Provincia de Mendoza
PMD6X;PMD26;ARS;GO;X;especial;;False;Titulos Publicos;AR0769321784;Títulos Públicos;BOND;Provincia de Mendoza
PMJ6X;PMJ6;ARS;GO;X;especial;;False;Titulos Publicos;AR0353241208;Títulos Públicos;BOND;Provincia de Mendoza
PMM29;PMM29;ARS;GO;9;primary;;True;Titulos Publicos;USP6480JAH07;Títulos Públicos;BOND;Provincia de Mendoza
PMM7X;PMM7;ARS;GO;X;especial;;False;Titulos Publicos;AR0970492929;Títulos Públicos;BOND;Provincia de Mendoza
PR17;PR17;ARS;GO;7;primary;;True;Titulos Publicos;ARARGE320CT6;Títulos Públicos;BOND;Gobierno Nacional
PR17D;PR17;MEP;GO;D;primary;;True;Titulos Publicos;ARARGE320CT6;Títulos Públicos;BOND;Gobierno Nacional
PR17X;PR17;ARS;GO;X;especial;;False;Titulos Publicos;ARARGE320CT6;Títulos Públicos;BOND;Gobierno Nacional
PR17Y;PR17;MEP;GO;Y;especial;;False;Titulos Publicos;ARARGE320CT6;Títulos Públicos;BOND;Gobierno Nacional
PR17Z;PR17;cable;GO;Z;especial;;False;Titulos Publicos;ARARGE320CT6;Títulos Públicos;BOND;Gobierno Nacional
PU26C;PU26;cable;GO;C;primary;;True;Titulos Publicos;USP25619AB67;Títulos Públicos;BOND;Provincia del Chubut
PU26D;PU26;MEP;GO;D;primary;;True;Titulos Publicos;USP25619AB67;Títulos Públicos;BOND;Provincia del Chubut
PU26X;PU26;ARS;GO;X;especial;;False;Titulos Publicos;USP25619AB67;Títulos Públicos;BOND;Provincia del Chubut
PUA36;PUA36;ARS;GO;6;primary;;True;Titulos Publicos;USP25619AC41;Títulos Públicos;BOND;Provincia del Chubut
PUA6C;PUA36;cable;GO;C;primary;;True;Titulos Publicos;USP25619AC41;Títulos Públicos;BOND;Provincia del Chubut
PUA6D;PUA36;MEP;GO;D;primary;;True;Titulos Publicos;USP25619AC41;Títulos Públicos;BOND;Provincia del Chubut
PUA6X;PUA36;ARS;GO;X;especial;;False;Titulos Publicos;USP25619AC41;Títulos Públicos;BOND;Provincia del Chubut
PUA6Z;PUA36;cable;GO;Z;especial;;False;Titulos Publicos;USP25619AC41;Títulos Públicos;BOND;Provincia del Chubut
PV1QC;PV1Q;cable;GO;C;primary;;True;Titulos Publicos;;;;
PV1QD;PV1Q;MEP;GO;D;primary;;True;Titulos Publicos;;;;
PVC3O;PVC3O;ARS;GO;O;primary;;True;Titulos Publicos;;;;
PVC4O;PVC4O;ARS;GO;O;primary;;True;Titulos Publicos;;;;
PVC6O;PVC6O;ARS;GO;O;primary;;True;Titulos Publicos;;;;
PVR1Q;PVR1Q;ARS;GO;Q;primary;;True;Titulos Publicos;;;;
RM71Q;RM71Q;ARS;GO;Q;primary;;True;Titulos Publicos;;;;
RM72Q;RM72Q;ARS;GO;Q;primary;;True;Titulos Publicos;;;;
S24DC;SA24D;cable;GO;C;primary;;True;Titulos Publicos;USP8388TAB00;Títulos Públicos;BOND;Provincia de Salta
S24DD;SA24D;MEP;GO;D;primary;;True;Titulos Publicos;USP8388TAB00;Títulos Públicos;BOND;Provincia de Salta
S24DX;SA24D;ARS;GO;X;especial;;False;Titulos Publicos;USP8388TAB00;Títulos Públicos;BOND;Provincia de Salta
SA24D;SA24D;ARS;GO;D;primary;;True;Titulos Publicos;USP8388TAB00;Títulos Públicos;BOND;Provincia de Salta
SFD34;SFD34;ARS;GO;4;primary;;True;Titulos Publicos;USP84641AD49;Títulos Públicos;BOND;Provincia de Santa Fe
SFD4C;SFD34;cable;GO;C;primary;;True;Titulos Publicos;USP84641AD49;Títulos Públicos;BOND;Provincia de Santa Fe
SFD4D;SFD34;MEP;GO;D;primary;;True;Titulos Publicos;USP84641AD49;Títulos Públicos;BOND;Provincia de Santa Fe
SFD4X;SFD34;ARS;GO;X;especial;;False;Titulos Publicos;USP84641AD49;Títulos Públicos;BOND;Provincia de Santa Fe
SFD4Y;SFD34;MEP;GO;Y;especial;;False;Titulos Publicos;USP84641AD49;Títulos Públicos;BOND;Provincia de Santa Fe
SFD4Z;SFD34;cable;GO;Z;especial;;False;Titulos Publicos;USP84641AD49;Títulos Públicos;BOND;Provincia de Santa Fe
SFN7X;SFN7;ARS;GO;X;especial;;False;Titulos Publicos;AR0810026069;Títulos Públicos;BOND;Provincia de Santa Fe
T15E7;T15E7;ARS;GO;7;primary;;True;Titulos Publicos;AR0350916307;Títulos Públicos;BOND;Gobierno Nacional
T30A7;T30A7;ARS;GO;7;primary;;True;Titulos Publicos;AR0224546884;Títulos Públicos;BOND;Gobierno Nacional
T30J6;T30J6;ARS;GO;6;primary;;True;Titulos Publicos;AR0071678673;Títulos Públicos;BOND;Gobierno Nacional
T30J7;T30J7;ARS;GO;7;primary;;True;Titulos Publicos;AR0987861058;Títulos Públicos;BOND;Gobierno Nacional
T31Y7;T31Y7;ARS;GO;7;primary;;True;Titulos Publicos;AR0571277315;Títulos Públicos;BOND;Gobierno Nacional
TA7C;T30A7;cable;GO;C;primary;;True;Titulos Publicos;AR0224546884;Títulos Públicos;BOND;Gobierno Nacional
TA7D;T30A7;MEP;GO;D;primary;;True;Titulos Publicos;AR0224546884;Títulos Públicos;BOND;Gobierno Nacional
TA7X;T30A7;ARS;GO;X;especial;;False;Titulos Publicos;AR0224546884;Títulos Públicos;BOND;Gobierno Nacional
TA7Y;T30A7;MEP;GO;Y;especial;;False;Titulos Publicos;AR0224546884;Títulos Públicos;BOND;Gobierno Nacional
TA7Z;T30A7;cable;GO;Z;especial;;False;Titulos Publicos;AR0224546884;Títulos Públicos;BOND;Gobierno Nacional
TB27;TB27;ARS;GO;7;primary;;True;Titulos Publicos;ARARGE320D33;Títulos Públicos;BOND;Gobierno Nacional
TE7D;T15E7;MEP;GO;D;primary;;True;Titulos Publicos;AR0350916307;Títulos Públicos;BOND;Gobierno Nacional
TE7X;T15E7;ARS;GO;X;especial;;False;Titulos Publicos;AR0350916307;Títulos Públicos;BOND;Gobierno Nacional
TE7Y;T15E7;MEP;GO;Y;especial;;False;Titulos Publicos;AR0350916307;Títulos Públicos;BOND;Gobierno Nacional
TE7Z;T15E7;cable;GO;Z;especial;;False;Titulos Publicos;AR0350916307;Títulos Públicos;BOND;Gobierno Nacional
TFU27;TFU27;ARS;GO;7;primary;;True;Titulos Publicos;USP91528AA03;Títulos Públicos;BOND;Provincia de Tierra del Fuego, Antártida e Islas del Atlántico Sur
TJ6D;T30J6;MEP;GO;D;primary;;True;Titulos Publicos;AR0071678673;Títulos Públicos;BOND;Gobierno Nacional
TJ6X;T30J6;ARS;GO;X;especial;;False;Titulos Publicos;AR0071678673;Títulos Públicos;BOND;Gobierno Nacional
TJ6Y;T30J6;MEP;GO;Y;especial;;False;Titulos Publicos;AR0071678673;Títulos Públicos;BOND;Gobierno Nacional
TJ6Z;T30J6;cable;GO;Z;especial;;False;Titulos Publicos;AR0071678673;Títulos Públicos;BOND;Gobierno Nacional
TJ7D;T30J7;MEP;GO;D;primary;;True;Titulos Publicos;AR0987861058;Títulos Públicos;BOND;Gobierno Nacional
TJ7X;T30J7;ARS;GO;X;especial;;False;Titulos Publicos;AR0987861058;Títulos Públicos;BOND;Gobierno Nacional
TJ7Y;T30J7;MEP;GO;Y;especial;;False;Titulos Publicos;AR0987861058;Títulos Públicos;BOND;Gobierno Nacional
TJ7Z;T30J7;cable;GO;Z;especial;;False;Titulos Publicos;AR0987861058;Títulos Públicos;BOND;Gobierno Nacional
TMF27;TMF27;ARS;GO;7;primary;;True;Titulos Publicos;AR0466764872;Títulos Públicos;BOND;Gobierno Nacional
TMF28;TMF28;ARS;GO;8;primary;;True;Titulos Publicos;AR0895380514;Títulos Públicos;BOND;Gobierno Nacional
TMF7X;TMF27;ARS;GO;X;especial;;False;Titulos Publicos;AR0466764872;Títulos Públicos;BOND;Gobierno Nacional
TMF7Y;TMF27;MEP;GO;Y;especial;;False;Titulos Publicos;AR0466764872;Títulos Públicos;BOND;Gobierno Nacional
TMF7Z;TMF27;cable;GO;Z;especial;;False;Titulos Publicos;AR0466764872;Títulos Públicos;BOND;Gobierno Nacional
TMF8X;TMF28;ARS;GO;X;especial;;False;Titulos Publicos;AR0895380514;Títulos Públicos;BOND;Gobierno Nacional
TMF8Z;TMF28;cable;GO;Z;especial;;False;Titulos Publicos;AR0895380514;Títulos Públicos;BOND;Gobierno Nacional
TMG27;TMG27;ARS;GO;7;primary;;True;Titulos Publicos;AR0845182473;Títulos Públicos;BOND;Gobierno Nacional
TMG28;TMG28;ARS;GO;8;primary;;True;Titulos Publicos;AR0175438917;Títulos Públicos;BOND;Gobierno Nacional
TMG8D;TMG28;MEP;GO;D;primary;;True;Titulos Publicos;AR0175438917;Títulos Públicos;BOND;Gobierno Nacional
TMG8X;TMG28;ARS;GO;X;especial;;False;Titulos Publicos;AR0175438917;Títulos Públicos;BOND;Gobierno Nacional
TO26;TO26;ARS;GO;6;primary;;True;Titulos Publicos;ARARGE4502K0;Títulos Públicos;BOND;Gobierno Nacional
TO26D;TO26;MEP;GO;D;primary;;True;Titulos Publicos;ARARGE4502K0;Títulos Públicos;BOND;Gobierno Nacional
TO26X;TO26;ARS;GO;X;especial;;False;Titulos Publicos;ARARGE4502K0;Títulos Públicos;BOND;Gobierno Nacional
TO26Y;TO26;MEP;GO;Y;especial;;False;Titulos Publicos;ARARGE4502K0;Títulos Públicos;BOND;Gobierno Nacional
TO26Z;TO26;cable;GO;Z;especial;;False;Titulos Publicos;ARARGE4502K0;Títulos Públicos;BOND;Gobierno Nacional
TTD26;TTD26;ARS;GO;6;primary;;True;Titulos Publicos;AR0021930364;Títulos Públicos;BOND;Gobierno Nacional
TTD6C;TTD26;cable;GO;C;primary;;True;Titulos Publicos;AR0021930364;Títulos Públicos;BOND;Gobierno Nacional
TTD6D;TTD26;MEP;GO;D;primary;;True;Titulos Publicos;AR0021930364;Títulos Públicos;BOND;Gobierno Nacional
TTD6X;TTD26;ARS;GO;X;especial;;False;Titulos Publicos;AR0021930364;Títulos Públicos;BOND;Gobierno Nacional
TTD6Y;TTD26;MEP;GO;Y;especial;;False;Titulos Publicos;AR0021930364;Títulos Públicos;BOND;Gobierno Nacional
TTD6Z;TTD26;cable;GO;Z;especial;;False;Titulos Publicos;AR0021930364;Títulos Públicos;BOND;Gobierno Nacional
TTJ26;TTJ26;ARS;GO;6;primary;;True;Titulos Publicos;AR0726170605;Títulos Públicos;BOND;Gobierno Nacional
TTJ6C;TTJ26;cable;GO;C;primary;;True;Titulos Publicos;AR0726170605;Títulos Públicos;BOND;Gobierno Nacional
TTJ6D;TTJ26;MEP;GO;D;primary;;True;Titulos Publicos;AR0726170605;Títulos Públicos;BOND;Gobierno Nacional
TTJ6X;TTJ26;ARS;GO;X;especial;;False;Titulos Publicos;AR0726170605;Títulos Públicos;BOND;Gobierno Nacional
TTJ6Y;TTJ26;MEP;GO;Y;especial;;False;Titulos Publicos;AR0726170605;Títulos Públicos;BOND;Gobierno Nacional
TTJ6Z;TTJ26;cable;GO;Z;especial;;False;Titulos Publicos;AR0726170605;Títulos Públicos;BOND;Gobierno Nacional
TTS26;TTS26;ARS;GO;6;primary;;True;Titulos Publicos;AR0227219554;Títulos Públicos;BOND;Gobierno Nacional
TTS6C;TTS26;cable;GO;C;primary;;True;Titulos Publicos;AR0227219554;Títulos Públicos;BOND;Gobierno Nacional
TTS6D;TTS26;MEP;GO;D;primary;;True;Titulos Publicos;AR0227219554;Títulos Públicos;BOND;Gobierno Nacional
TTS6X;TTS26;ARS;GO;X;especial;;False;Titulos Publicos;AR0227219554;Títulos Públicos;BOND;Gobierno Nacional
TTS6Y;TTS26;MEP;GO;Y;especial;;False;Titulos Publicos;AR0227219554;Títulos Públicos;BOND;Gobierno Nacional
TTS6Z;TTS26;cable;GO;Z;especial;;False;Titulos Publicos;AR0227219554;Títulos Públicos;BOND;Gobierno Nacional
TU27C;TFU27;cable;GO;C;primary;;True;Titulos Publicos;USP91528AA03;Títulos Públicos;BOND;Provincia de Tierra del Fuego, Antártida e Islas del Atlántico Sur
TU27D;TFU27;MEP;GO;D;primary;;True;Titulos Publicos;USP91528AA03;Títulos Públicos;BOND;Provincia de Tierra del Fuego, Antártida e Islas del Atlántico Sur
TU27Y;TFU27;MEP;GO;Y;especial;;False;Titulos Publicos;USP91528AA03;Títulos Públicos;BOND;Provincia de Tierra del Fuego, Antártida e Islas del Atlántico Sur
TVPA;TVPA;ARS;GO;A;primary;;True;Titulos Publicos;ARARGE03E154;Títulos Públicos;BOND;Gobierno Nacional
TVPAC;TVPA;cable;GO;C;primary;;True;Titulos Publicos;ARARGE03E154;Títulos Públicos;BOND;Gobierno Nacional
TVPAD;TVPA;MEP;GO;D;primary;;True;Titulos Publicos;ARARGE03E154;Títulos Públicos;BOND;Gobierno Nacional
TVPAX;TVPA;ARS;GO;X;especial;;False;Titulos Publicos;ARARGE03E154;Títulos Públicos;BOND;Gobierno Nacional
TVPAY;TVPA;MEP;GO;Y;especial;;False;Titulos Publicos;ARARGE03E154;Títulos Públicos;BOND;Gobierno Nacional
TVPAZ;TVPA;cable;GO;Z;especial;;False;Titulos Publicos;ARARGE03E154;Títulos Públicos;BOND;Gobierno Nacional
TVPE;TVPE;ARS;GO;E;primary;;True;Titulos Publicos;;;;
TVPEC;TVPE;cable;GO;C;primary;;True;Titulos Publicos;;;;
TVPED;TVPE;MEP;GO;D;primary;;True;Titulos Publicos;;;;
TVPP;TVPP;ARS;GO;P;primary;;True;Titulos Publicos;ARARGE03E147;Títulos Públicos;BOND;Gobierno Nacional
TVPPC;TVPP;cable;GO;C;primary;;True;Titulos Publicos;ARARGE03E147;Títulos Públicos;BOND;Gobierno Nacional
TVPPD;TVPP;MEP;GO;D;primary;;True;Titulos Publicos;ARARGE03E147;Títulos Públicos;BOND;Gobierno Nacional
TVPPX;TVPP;ARS;GO;X;especial;;False;Titulos Publicos;ARARGE03E147;Títulos Públicos;BOND;Gobierno Nacional
TVPPY;TVPP;MEP;GO;Y;especial;;False;Titulos Publicos;ARARGE03E147;Títulos Públicos;BOND;Gobierno Nacional
TVPPZ;TVPP;cable;GO;Z;especial;;False;Titulos Publicos;ARARGE03E147;Títulos Públicos;BOND;Gobierno Nacional
TVPY;TVPY;ARS;GO;Y;primary;;True;Titulos Publicos;US040114GM64;Títulos Públicos;BOND;Gobierno Nacional
TVPYC;TVPY;cable;GO;C;primary;;True;Titulos Publicos;US040114GM64;Títulos Públicos;BOND;Gobierno Nacional
TVPYD;TVPY;MEP;GO;D;primary;;True;Titulos Publicos;US040114GM64;Títulos Públicos;BOND;Gobierno Nacional
TVPYX;TVPY;ARS;GO;X;especial;;False;Titulos Publicos;US040114GM64;Títulos Públicos;BOND;Gobierno Nacional
TVPYY;TVPY;MEP;GO;Y;especial;;False;Titulos Publicos;US040114GM64;Títulos Públicos;BOND;Gobierno Nacional
TVPYZ;TVPY;cable;GO;Z;especial;;False;Titulos Publicos;US040114GM64;Títulos Públicos;BOND;Gobierno Nacional
TVY0;TVY0;ARS;GO;0;primary;;True;Titulos Publicos;XS0501197262;Títulos Públicos;BOND;Gobierno Nacional
TVY0C;TVY0;cable;GO;C;primary;;True;Titulos Publicos;XS0501197262;Títulos Públicos;BOND;Gobierno Nacional
TVY0D;TVY0;MEP;GO;D;primary;;True;Titulos Publicos;XS0501197262;Títulos Públicos;BOND;Gobierno Nacional
TVY0X;TVY0;ARS;GO;X;especial;;False;Titulos Publicos;XS0501197262;Títulos Públicos;BOND;Gobierno Nacional
TVY0Z;TVY0;cable;GO;Z;especial;;False;Titulos Publicos;XS0501197262;Títulos Públicos;BOND;Gobierno Nacional
TX26;TX26;ARS;GO;6;primary;;True;Titulos Publicos;ARARGE3209W8;Títulos Públicos;BOND;Gobierno Nacional
TX26C;TX26;cable;GO;C;primary;;True;Titulos Publicos;ARARGE3209W8;Títulos Públicos;BOND;Gobierno Nacional
TX26D;TX26;MEP;GO;D;primary;;True;Titulos Publicos;ARARGE3209W8;Títulos Públicos;BOND;Gobierno Nacional
TX26X;TX26;ARS;GO;X;especial;;False;Titulos Publicos;ARARGE3209W8;Títulos Públicos;BOND;Gobierno Nacional
TX26Y;TX26;MEP;GO;Y;especial;;False;Titulos Publicos;ARARGE3209W8;Títulos Públicos;BOND;Gobierno Nacional
TX26Z;TX26;cable;GO;Z;especial;;False;Titulos Publicos;ARARGE3209W8;Títulos Públicos;BOND;Gobierno Nacional
TX28;TX28;ARS;GO;8;primary;;True;Titulos Publicos;ARARGE3209X6;Títulos Públicos;BOND;Gobierno Nacional
TX28C;TX28;cable;GO;C;primary;;True;Titulos Publicos;ARARGE3209X6;Títulos Públicos;BOND;Gobierno Nacional
TX28D;TX28;MEP;GO;D;primary;;True;Titulos Publicos;ARARGE3209X6;Títulos Públicos;BOND;Gobierno Nacional
TX28X;TX28;ARS;GO;X;especial;;False;Titulos Publicos;ARARGE3209X6;Títulos Públicos;BOND;Gobierno Nacional
TX28Y;TX28;MEP;GO;Y;especial;;False;Titulos Publicos;ARARGE3209X6;Títulos Públicos;BOND;Gobierno Nacional
TX28Z;TX28;cable;GO;Z;especial;;False;Titulos Publicos;ARARGE3209X6;Títulos Públicos;BOND;Gobierno Nacional
TX31;TX31;ARS;GO;1;primary;;True;Titulos Publicos;ARARGE320CX8;Títulos Públicos;BOND;Gobierno Nacional
TX31C;TX31;cable;GO;C;primary;;True;Titulos Publicos;ARARGE320CX8;Títulos Públicos;BOND;Gobierno Nacional
TX31D;TX31;MEP;GO;D;primary;;True;Titulos Publicos;ARARGE320CX8;Títulos Públicos;BOND;Gobierno Nacional
TX31X;TX31;ARS;GO;X;especial;;False;Titulos Publicos;ARARGE320CX8;Títulos Públicos;BOND;Gobierno Nacional
TXA7D;TZXA7;MEP;GO;D;primary;;True;Titulos Publicos;AR0320223842;Títulos Públicos;BOND;Gobierno Nacional
TXA7X;TZXA7;ARS;GO;X;especial;;False;Titulos Publicos;AR0320223842;Títulos Públicos;BOND;Gobierno Nacional
TXA7Y;TZXA7;MEP;GO;Y;especial;;False;Titulos Publicos;AR0320223842;Títulos Públicos;BOND;Gobierno Nacional
TXA7Z;TZXA7;cable;GO;Z;especial;;False;Titulos Publicos;AR0320223842;Títulos Públicos;BOND;Gobierno Nacional
TXD6C;TZXD6;cable;GO;C;primary;;True;Titulos Publicos;AR0465304779;Títulos Públicos;BOND;Gobierno Nacional
TXD6D;TZXD6;MEP;GO;D;primary;;True;Titulos Publicos;AR0465304779;Títulos Públicos;BOND;Gobierno Nacional
TXD6X;TZXD6;ARS;GO;X;especial;;False;Titulos Publicos;AR0465304779;Títulos Públicos;BOND;Gobierno Nacional
TXD6Y;TZXD6;MEP;GO;Y;especial;;False;Titulos Publicos;AR0465304779;Títulos Públicos;BOND;Gobierno Nacional
TXD6Z;TZXD6;cable;GO;Z;especial;;False;Titulos Publicos;AR0465304779;Títulos Públicos;BOND;Gobierno Nacional
TXD7C;TZXD7;cable;GO;C;primary;;True;Titulos Publicos;AR0611949808;Títulos Públicos;BOND;Gobierno Nacional
TXD7D;TZXD7;MEP;GO;D;primary;;True;Titulos Publicos;AR0611949808;Títulos Públicos;BOND;Gobierno Nacional
TXD7X;TZXD7;ARS;GO;X;especial;;False;Titulos Publicos;AR0611949808;Títulos Públicos;BOND;Gobierno Nacional
TXD7Y;TZXD7;MEP;GO;Y;especial;;False;Titulos Publicos;AR0611949808;Títulos Públicos;BOND;Gobierno Nacional
TXD7Z;TZXD7;cable;GO;Z;especial;;False;Titulos Publicos;AR0611949808;Títulos Públicos;BOND;Gobierno Nacional
TXJ8C;TXMJ8;cable;GO;C;primary;;True;Titulos Publicos;AR0603123321;Títulos Públicos;BOND;Gobierno Nacional
TXJ8D;TXMJ8;MEP;GO;D;primary;;True;Titulos Publicos;AR0603123321;Títulos Públicos;BOND;Gobierno Nacional
TXJ8X;TXMJ8;ARS;GO;X;especial;;False;Titulos Publicos;AR0603123321;Títulos Públicos;BOND;Gobierno Nacional
TXJ8Y;TXMJ8;MEP;GO;Y;especial;;False;Titulos Publicos;AR0603123321;Títulos Públicos;BOND;Gobierno Nacional
TXJ8Z;TXMJ8;cable;GO;Z;especial;;False;Titulos Publicos;AR0603123321;Títulos Públicos;BOND;Gobierno Nacional
TXJ9D;TXMJ9;MEP;GO;D;primary;;True;Titulos Publicos;AR0585812156;Títulos Públicos;BOND;Gobierno Nacional
TXJ9X;TXMJ9;ARS;GO;X;especial;;False;Titulos Publicos;AR0585812156;Títulos Públicos;BOND;Gobierno Nacional
TXJ9Y;TXMJ9;MEP;GO;Y;especial;;False;Titulos Publicos;AR0585812156;Títulos Públicos;BOND;Gobierno Nacional
TXJ9Z;TXMJ9;cable;GO;Z;especial;;False;Titulos Publicos;AR0585812156;Títulos Públicos;BOND;Gobierno Nacional
TXM7C;TZXM7;cable;GO;C;primary;;True;Titulos Publicos;AR0465885959;Títulos Públicos;BOND;Gobierno Nacional
TXM7D;TZXM7;MEP;GO;D;primary;;True;Titulos Publicos;AR0465885959;Títulos Públicos;BOND;Gobierno Nacional
TXM7X;TZXM7;ARS;GO;X;especial;;False;Titulos Publicos;AR0465885959;Títulos Públicos;BOND;Gobierno Nacional
TXM7Y;TZXM7;MEP;GO;Y;especial;;False;Titulos Publicos;AR0465885959;Títulos Públicos;BOND;Gobierno Nacional
TXM7Z;TZXM7;cable;GO;Z;especial;;False;Titulos Publicos;AR0465885959;Títulos Públicos;BOND;Gobierno Nacional
TXM9X;TZXM9;ARS;GO;X;especial;;False;Titulos Publicos;AR0624565625;Títulos Públicos;BOND;Gobierno Nacional
TXM9Y;TZXM9;MEP;GO;Y;especial;;False;Titulos Publicos;AR0624565625;Títulos Públicos;BOND;Gobierno Nacional
TXM9Z;TZXM9;cable;GO;Z;especial;;False;Titulos Publicos;AR0624565625;Títulos Públicos;BOND;Gobierno Nacional
TXMJ8;TXMJ8;ARS;GO;8;primary;;True;Titulos Publicos;AR0603123321;Títulos Públicos;BOND;Gobierno Nacional
TXMJ9;TXMJ9;ARS;GO;9;primary;;True;Titulos Publicos;AR0585812156;Títulos Públicos;BOND;Gobierno Nacional
TXO6C;TZXO6;cable;GO;C;primary;;True;Titulos Publicos;AR0881212424;Títulos Públicos;BOND;Gobierno Nacional
TXO6D;TZXO6;MEP;GO;D;primary;;True;Titulos Publicos;AR0881212424;Títulos Públicos;BOND;Gobierno Nacional
TXO6X;TZXO6;ARS;GO;X;especial;;False;Titulos Publicos;AR0881212424;Títulos Públicos;BOND;Gobierno Nacional
TXO6Y;TZXO6;MEP;GO;Y;especial;;False;Titulos Publicos;AR0881212424;Títulos Públicos;BOND;Gobierno Nacional
TXO6Z;TZXO6;cable;GO;Z;especial;;False;Titulos Publicos;AR0881212424;Títulos Públicos;BOND;Gobierno Nacional
TXS7D;TZXS7;MEP;GO;D;primary;;True;Titulos Publicos;AR0612098712;Títulos Públicos;BOND;Gobierno Nacional
TXS7X;TZXS7;ARS;GO;X;especial;;False;Titulos Publicos;AR0612098712;Títulos Públicos;BOND;Gobierno Nacional
TXS7Y;TZXS7;MEP;GO;Y;especial;;False;Titulos Publicos;AR0612098712;Títulos Públicos;BOND;Gobierno Nacional
TXS7Z;TZXS7;cable;GO;Z;especial;;False;Titulos Publicos;AR0612098712;Títulos Públicos;BOND;Gobierno Nacional
TXS8D;TZXS8;MEP;GO;D;primary;;True;Titulos Publicos;AR0667778010;Títulos Públicos;BOND;Gobierno Nacional
TXS8X;TZXS8;ARS;GO;X;especial;;False;Titulos Publicos;AR0667778010;Títulos Públicos;BOND;Gobierno Nacional
TXS8Y;TZXS8;MEP;GO;Y;especial;;False;Titulos Publicos;AR0667778010;Títulos Públicos;BOND;Gobierno Nacional
TXS8Z;TZXS8;cable;GO;Z;especial;;False;Titulos Publicos;AR0667778010;Títulos Públicos;BOND;Gobierno Nacional
TXY7D;TZXY7;MEP;GO;D;primary;;True;Titulos Publicos;AR0286465007;Títulos Públicos;BOND;Gobierno Nacional
TXY7X;TZXY7;ARS;GO;X;especial;;False;Titulos Publicos;AR0286465007;Títulos Públicos;BOND;Gobierno Nacional
TY27P;TY27P;ARS;GO;P;primary;;True;Titulos Publicos;ARARGE320C91;Títulos Públicos;BOND;Gobierno Nacional
TY30C;TY30P;cable;GO;C;primary;;True;Titulos Publicos;AR0193433734;Títulos Públicos;BOND;Gobierno Nacional
TY30D;TY30P;MEP;GO;D;primary;;True;Titulos Publicos;AR0193433734;Títulos Públicos;BOND;Gobierno Nacional
TY30P;TY30P;ARS;GO;P;primary;;True;Titulos Publicos;AR0193433734;Títulos Públicos;BOND;Gobierno Nacional
TY30X;TY30P;ARS;GO;X;especial;;False;Titulos Publicos;AR0193433734;Títulos Públicos;BOND;Gobierno Nacional
TY30Y;TY30P;MEP;GO;Y;especial;;False;Titulos Publicos;AR0193433734;Títulos Públicos;BOND;Gobierno Nacional
TY30Z;TY30P;cable;GO;Z;especial;;False;Titulos Publicos;AR0193433734;Títulos Públicos;BOND;Gobierno Nacional
TY7D;T31Y7;MEP;GO;D;primary;;True;Titulos Publicos;AR0571277315;Títulos Públicos;BOND;Gobierno Nacional
TY7X;T31Y7;ARS;GO;X;especial;;False;Titulos Publicos;AR0571277315;Títulos Públicos;BOND;Gobierno Nacional
TY7Y;T31Y7;MEP;GO;Y;especial;;False;Titulos Publicos;AR0571277315;Títulos Públicos;BOND;Gobierno Nacional
TY7Z;T31Y7;cable;GO;Z;especial;;False;Titulos Publicos;AR0571277315;Títulos Públicos;BOND;Gobierno Nacional
TZV26;TZV26;ARS;GO;6;primary;;True;Titulos Publicos;AR0788694542;Títulos Públicos;BOND;Gobierno Nacional
TZV27;TZV27;ARS;GO;7;primary;;True;Titulos Publicos;AR0668642587;Títulos Públicos;BOND;Gobierno Nacional
TZV28;TZV28;ARS;GO;8;primary;;True;Titulos Publicos;AR0691226150;Títulos Públicos;BOND;Gobierno Nacional
TZV6C;TZV26;cable;GO;C;primary;;True;Titulos Publicos;AR0788694542;Títulos Públicos;BOND;Gobierno Nacional
TZV6D;TZV26;MEP;GO;D;primary;;True;Titulos Publicos;AR0788694542;Títulos Públicos;BOND;Gobierno Nacional
TZV6X;TZV26;ARS;GO;X;especial;;False;Titulos Publicos;AR0788694542;Títulos Públicos;BOND;Gobierno Nacional
TZV6Y;TZV26;MEP;GO;Y;especial;;False;Titulos Publicos;AR0788694542;Títulos Públicos;BOND;Gobierno Nacional
TZV6Z;TZV26;cable;GO;Z;especial;;False;Titulos Publicos;AR0788694542;Títulos Públicos;BOND;Gobierno Nacional
TZV7D;TZV27;MEP;GO;D;primary;;True;Titulos Publicos;AR0668642587;Títulos Públicos;BOND;Gobierno Nacional
TZV7X;TZV27;ARS;GO;X;especial;;False;Titulos Publicos;AR0668642587;Títulos Públicos;BOND;Gobierno Nacional
TZV7Z;TZV27;cable;GO;Z;especial;;False;Titulos Publicos;AR0668642587;Títulos Públicos;BOND;Gobierno Nacional
TZV8D;TZV28;MEP;GO;D;primary;;True;Titulos Publicos;AR0691226150;Títulos Públicos;BOND;Gobierno Nacional
TZV8X;TZV28;ARS;GO;X;especial;;False;Titulos Publicos;AR0691226150;Títulos Públicos;BOND;Gobierno Nacional
TZV8Z;TZV28;cable;GO;Z;especial;;False;Titulos Publicos;AR0691226150;Títulos Públicos;BOND;Gobierno Nacional
TZX26;TZX26;ARS;GO;6;primary;;True;Titulos Publicos;AR0643350728;Títulos Públicos;BOND;Gobierno Nacional
TZX27;TZX27;ARS;GO;7;primary;;True;Titulos Publicos;AR0487777218;Títulos Públicos;BOND;Gobierno Nacional
TZX28;TZX28;ARS;GO;8;primary;;True;Titulos Publicos;AR0404416296;Títulos Públicos;BOND;Gobierno Nacional
TZX6C;TZX26;cable;GO;C;primary;;True;Titulos Publicos;AR0643350728;Títulos Públicos;BOND;Gobierno Nacional
TZX6D;TZX26;MEP;GO;D;primary;;True;Titulos Publicos;AR0643350728;Títulos Públicos;BOND;Gobierno Nacional
TZX6X;TZX26;ARS;GO;X;especial;;False;Titulos Publicos;AR0643350728;Títulos Públicos;BOND;Gobierno Nacional
TZX6Y;TZX26;MEP;GO;Y;especial;;False;Titulos Publicos;AR0643350728;Títulos Públicos;BOND;Gobierno Nacional
TZX6Z;TZX26;cable;GO;Z;especial;;False;Titulos Publicos;AR0643350728;Títulos Públicos;BOND;Gobierno Nacional
TZX7C;TZX27;cable;GO;C;primary;;True;Titulos Publicos;AR0487777218;Títulos Públicos;BOND;Gobierno Nacional
TZX7D;TZX27;MEP;GO;D;primary;;True;Titulos Publicos;AR0487777218;Títulos Públicos;BOND;Gobierno Nacional
TZX7X;TZX27;ARS;GO;X;especial;;False;Titulos Publicos;AR0487777218;Títulos Públicos;BOND;Gobierno Nacional
TZX7Y;TZX27;MEP;GO;Y;especial;;False;Titulos Publicos;AR0487777218;Títulos Públicos;BOND;Gobierno Nacional
TZX7Z;TZX27;cable;GO;Z;especial;;False;Titulos Publicos;AR0487777218;Títulos Públicos;BOND;Gobierno Nacional
TZX8C;TZX28;cable;GO;C;primary;;True;Titulos Publicos;AR0404416296;Títulos Públicos;BOND;Gobierno Nacional
TZX8D;TZX28;MEP;GO;D;primary;;True;Titulos Publicos;AR0404416296;Títulos Públicos;BOND;Gobierno Nacional
TZX8X;TZX28;ARS;GO;X;especial;;False;Titulos Publicos;AR0404416296;Títulos Públicos;BOND;Gobierno Nacional
TZX8Y;TZX28;MEP;GO;Y;especial;;False;Titulos Publicos;AR0404416296;Títulos Públicos;BOND;Gobierno Nacional
TZX8Z;TZX28;cable;GO;Z;especial;;False;Titulos Publicos;AR0404416296;Títulos Públicos;BOND;Gobierno Nacional
TZXA7;TZXA7;ARS;GO;7;primary;;True;Titulos Publicos;AR0320223842;Títulos Públicos;BOND;Gobierno Nacional
TZXD6;TZXD6;ARS;GO;6;primary;;True;Titulos Publicos;AR0465304779;Títulos Públicos;BOND;Gobierno Nacional
TZXD7;TZXD7;ARS;GO;7;primary;;True;Titulos Publicos;AR0611949808;Títulos Públicos;BOND;Gobierno Nacional
TZXM7;TZXM7;ARS;GO;7;primary;;True;Titulos Publicos;AR0465885959;Títulos Públicos;BOND;Gobierno Nacional
TZXM8;TZXM8;ARS;GO;8;primary;;True;Titulos Publicos;AR0721284450;Títulos Públicos;BOND;Gobierno Nacional
TZXM9;TZXM9;ARS;GO;9;primary;;True;Titulos Publicos;AR0624565625;Títulos Públicos;BOND;Gobierno Nacional
TZXO6;TZXO6;ARS;GO;6;primary;;True;Titulos Publicos;AR0881212424;Títulos Públicos;BOND;Gobierno Nacional
TZXS7;TZXS7;ARS;GO;7;primary;;True;Titulos Publicos;AR0612098712;Títulos Públicos;BOND;Gobierno Nacional
TZXS8;TZXS8;ARS;GO;8;primary;;True;Titulos Publicos;AR0667778010;Títulos Públicos;BOND;Gobierno Nacional
TZXY7;TZXY7;ARS;GO;7;primary;;True;Titulos Publicos;AR0286465007;Títulos Públicos;BOND;Gobierno Nacional
WM11A;WM11A;ARS;GO;A;primary;;True;Titulos Publicos;;;;
B3S6C;BU3S6;cable;GO;C;primary;;True;Letras;AR0360789090;Títulos Públicos;BOND;Provincia del Chubut
B3S6D;BU3S6;MEP;GO;D;primary;;True;Letras;AR0360789090;Títulos Públicos;BOND;Provincia del Chubut
B3S6X;BU3S6;ARS;GO;X;especial;;False;Letras;AR0360789090;Títulos Públicos;BOND;Provincia del Chubut
B4J6C;BU4J6;cable;GO;C;primary;;True;Letras;AR0109035797;Títulos Públicos;BOND;Provincia del Chubut
B4J6D;BU4J6;MEP;GO;D;primary;;True;Letras;AR0109035797;Títulos Públicos;BOND;Provincia del Chubut
BBG26;BBG26;ARS;GO;6;primary;;True;Letras;AR0743022458;Títulos Públicos;BOND;Provincia de Buenos Aires
BBG6C;BBG26;cable;GO;C;primary;;True;Letras;AR0743022458;Títulos Públicos;BOND;Provincia de Buenos Aires
BBG6D;BBG26;MEP;GO;D;primary;;True;Letras;AR0743022458;Títulos Públicos;BOND;Provincia de Buenos Aires
BBJ26;BBJ26;ARS;GO;6;primary;;True;Letras;AR0831818676;Títulos Públicos;BOND;Provincia de Buenos Aires
BBJ6C;BBJ26;cable;GO;C;primary;;True;Letras;AR0831818676;Títulos Públicos;BOND;Provincia de Buenos Aires
BBJ6D;BBJ26;MEP;GO;D;primary;;True;Letras;AR0831818676;Títulos Públicos;BOND;Provincia de Buenos Aires
BBL26;BBL26;ARS;GO;6;primary;;True;Letras;AR0642072463;Títulos Públicos;BOND;Provincia de Buenos Aires
BBL6C;BBL26;cable;GO;C;primary;;True;Letras;AR0642072463;Títulos Públicos;BOND;Provincia de Buenos Aires
BBL6D;BBL26;MEP;GO;D;primary;;True;Letras;AR0642072463;Títulos Públicos;BOND;Provincia de Buenos Aires
BGD26;BGD26;ARS;GO;6;primary;;True;Letras;AR0876435451;Títulos Públicos;BOND;Provincia de Río Negro
BGD6C;BGD26;cable;GO;C;primary;;True;Letras;AR0876435451;Títulos Públicos;BOND;Provincia de Río Negro
BGD6D;BGD26;MEP;GO;D;primary;;True;Letras;AR0876435451;Títulos Públicos;BOND;Provincia de Río Negro
BGD6X;BGD26;ARS;GO;X;especial;;False;Letras;AR0876435451;Títulos Públicos;BOND;Provincia de Río Negro
BGD6Y;BGD26;MEP;GO;Y;especial;;False;Letras;AR0876435451;Títulos Públicos;BOND;Provincia de Río Negro
BL2G6;BL2G6;ARS;GO;6;primary;;True;Letras;AR0189930933;Títulos Públicos;BOND;Provincia del Chaco
BL2J6;BL2J6;ARS;GO;6;primary;;True;Letras;AR0093228168;Títulos Públicos;BOND;Provincia del Chaco
BLJ26;BLJ26;ARS;GO;6;primary;;True;Letras;AR0126153722;Títulos Públicos;BOND;Provincia del Chaco
BRA27;BRA27;ARS;GO;7;primary;;True;Letras;AR0810506698;Títulos Públicos;BOND;Municipalidad de Río Cuarto
BRA7C;BRA27;cable;GO;C;primary;;True;Letras;AR0810506698;Títulos Públicos;BOND;Municipalidad de Río Cuarto
BRA7D;BRA27;MEP;GO;D;primary;;True;Letras;AR0810506698;Títulos Públicos;BOND;Municipalidad de Río Cuarto
BRJ26;BRJ26;ARS;GO;6;primary;;True;Letras;AR0239684167;Títulos Públicos;BOND;Municipalidad de Río Cuarto
BRJ6C;BRJ26;cable;GO;C;primary;;True;Letras;AR0239684167;Títulos Públicos;BOND;Municipalidad de Río Cuarto
BRJ6D;BRJ26;MEP;GO;D;primary;;True;Letras;AR0239684167;Títulos Públicos;BOND;Municipalidad de Río Cuarto
BU3S6;BU3S6;ARS;GO;6;primary;;True;Letras;AR0360789090;Títulos Públicos;BOND;Provincia del Chubut
BU4J6;BU4J6;ARS;GO;6;primary;;True;Letras;AR0109035797;Títulos Públicos;BOND;Provincia del Chubut
BUG26;BUG26;ARS;GO;6;primary;;True;Letras;AR0344273757;Títulos Públicos;BOND;Provincia del Chubut
BUO26;BUO26;ARS;GO;6;primary;;True;Letras;AR0722076434;Títulos Públicos;BOND;Provincia del Chubut
BUO6C;BUO26;cable;GO;C;primary;;True;Letras;AR0722076434;Títulos Públicos;BOND;Provincia del Chubut
BUO6D;BUO26;MEP;GO;D;primary;;True;Letras;AR0722076434;Títulos Públicos;BOND;Provincia del Chubut
BUS26;BUS26;ARS;GO;6;primary;;True;Letras;AR0102048797;Títulos Públicos;BOND;Provincia del Chubut
BUS6C;BUS26;cable;GO;C;primary;;True;Letras;AR0102048797;Títulos Públicos;BOND;Provincia del Chubut
BUS6D;BUS26;MEP;GO;D;primary;;True;Letras;AR0102048797;Títulos Públicos;BOND;Provincia del Chubut
D30S6;D30S6;ARS;GO;6;primary;;True;Letras;;;;
D31L6;D31L6;ARS;GO;6;primary;;True;Letras;AR0769584159;Títulos Públicos;BOND;Gobierno Nacional
D31M7;D31M7;ARS;GO;7;primary;;True;Letras;AR0637963668;Títulos Públicos;BOND;Gobierno Nacional
DL6C;D31L6;cable;GO;C;primary;;True;Letras;AR0769584159;Títulos Públicos;BOND;Gobierno Nacional
DL6D;D31L6;MEP;GO;D;primary;;True;Letras;AR0769584159;Títulos Públicos;BOND;Gobierno Nacional
DL6X;D31L6;ARS;GO;X;especial;;False;Letras;AR0769584159;Títulos Públicos;BOND;Gobierno Nacional
DL6Y;D31L6;MEP;GO;Y;especial;;False;Letras;AR0769584159;Títulos Públicos;BOND;Gobierno Nacional
DL6Z;D31L6;cable;GO;Z;especial;;False;Letras;AR0769584159;Títulos Públicos;BOND;Gobierno Nacional
DM7C;D31M7;cable;GO;C;primary;;True;Letras;AR0637963668;Títulos Públicos;BOND;Gobierno Nacional
DM7D;D31M7;MEP;GO;D;primary;;True;Letras;AR0637963668;Títulos Públicos;BOND;Gobierno Nacional
DM7X;D31M7;ARS;GO;X;especial;;False;Letras;AR0637963668;Títulos Públicos;BOND;Gobierno Nacional
DM7Y;D31M7;MEP;GO;Y;especial;;False;Letras;AR0637963668;Títulos Públicos;BOND;Gobierno Nacional
DM7Z;D31M7;cable;GO;Z;especial;;False;Letras;AR0637963668;Títulos Públicos;BOND;Gobierno Nacional
DS6C;DS6;cable;GO;C;primary;;True;Letras;;;;
DS6D;DS6;MEP;GO;D;primary;;True;Letras;;;;
DS6X;DS6;ARS;GO;X;especial;;False;Letras;;;;
DS6Y;DS6;MEP;GO;Y;especial;;False;Letras;;;;
DS6Z;DS6;cable;GO;Z;especial;;False;Letras;;;;
LBJ26;LBJ26;ARS;GO;6;primary;;True;Letras;AR0505694445;Títulos Públicos;BOND;Provincia de Buenos Aires
LBJ6C;LBJ26;cable;GO;C;primary;;True;Letras;AR0505694445;Títulos Públicos;BOND;Provincia de Buenos Aires
LBJ6D;LBJ26;MEP;GO;D;primary;;True;Letras;AR0505694445;Títulos Públicos;BOND;Provincia de Buenos Aires
LBJ6X;LBJ26;ARS;GO;X;especial;;False;Letras;AR0505694445;Títulos Públicos;BOND;Provincia de Buenos Aires
LBL26;LBL26;ARS;GO;6;primary;;True;Letras;AR0847813174;Títulos Públicos;BOND;Provincia de Buenos Aires
LBL6C;LBL26;cable;GO;C;primary;;True;Letras;AR0847813174;Títulos Públicos;BOND;Provincia de Buenos Aires
LBL6D;LBL26;MEP;GO;D;primary;;True;Letras;AR0847813174;Títulos Públicos;BOND;Provincia de Buenos Aires
LBO26;LBO26;ARS;GO;6;primary;;True;Letras;AR0842826908;Títulos Públicos;BOND;Provincia de Buenos Aires
LBO6C;LBO26;cable;GO;C;primary;;True;Letras;AR0842826908;Títulos Públicos;BOND;Provincia de Buenos Aires
LBO6D;LBO26;MEP;GO;D;primary;;True;Letras;AR0842826908;Títulos Públicos;BOND;Provincia de Buenos Aires
M31G6;M31G6;ARS;GO;6;primary;;True;Letras;AR0593866319;Títulos Públicos;BOND;Gobierno Nacional
MG6C;M31G6;cable;GO;C;primary;;True;Letras;AR0593866319;Títulos Públicos;BOND;Gobierno Nacional
MG6D;M31G6;MEP;GO;D;primary;;True;Letras;AR0593866319;Títulos Públicos;BOND;Gobierno Nacional
MG6X;M31G6;ARS;GO;X;especial;;False;Letras;AR0593866319;Títulos Públicos;BOND;Gobierno Nacional
MG6Y;M31G6;MEP;GO;Y;especial;;False;Letras;AR0593866319;Títulos Públicos;BOND;Gobierno Nacional
MG6Z;M31G6;cable;GO;Z;especial;;False;Letras;AR0593866319;Títulos Públicos;BOND;Gobierno Nacional
S12J6;S12J6;ARS;GO;6;primary;;True;Letras;AR0675961715;Títulos Públicos;BOND;Gobierno Nacional
S14G6;S14G6;ARS;GO;6;primary;;True;Letras;AR0077601562;Títulos Públicos;BOND;Gobierno Nacional
S15S6;S15S6;ARS;GO;6;primary;;True;Letras;AR0614758420;Títulos Públicos;BOND;Gobierno Nacional
S17L6;S17L6;ARS;GO;6;primary;;True;Letras;AR0184448337;Títulos Públicos;BOND;Gobierno Nacional
S2G6C;S14G6;cable;GO;C;primary;;True;Letras;AR0077601562;Títulos Públicos;BOND;Gobierno Nacional
S2G6D;S14G6;MEP;GO;D;primary;;True;Letras;AR0077601562;Títulos Públicos;BOND;Gobierno Nacional
S2G6X;S14G6;ARS;GO;X;especial;;False;Letras;AR0077601562;Títulos Públicos;BOND;Gobierno Nacional
S2G6Y;S14G6;MEP;GO;Y;especial;;False;Letras;AR0077601562;Títulos Públicos;BOND;Gobierno Nacional
S2G6Z;S14G6;cable;GO;Z;especial;;False;Letras;AR0077601562;Títulos Públicos;BOND;Gobierno Nacional
S2L6C;S17L6;cable;GO;C;primary;;True;Letras;AR0184448337;Títulos Públicos;BOND;Gobierno Nacional
S2L6D;S17L6;MEP;GO;D;primary;;True;Letras;AR0184448337;Títulos Públicos;BOND;Gobierno Nacional
S2L6X;S17L6;ARS;GO;X;especial;;False;Letras;AR0184448337;Títulos Públicos;BOND;Gobierno Nacional
S2L6Y;S17L6;MEP;GO;Y;especial;;False;Letras;AR0184448337;Títulos Públicos;BOND;Gobierno Nacional
S2L6Z;S17L6;cable;GO;Z;especial;;False;Letras;AR0184448337;Títulos Públicos;BOND;Gobierno Nacional
S2S6C;S15S6;cable;GO;C;primary;;True;Letras;AR0614758420;Títulos Públicos;BOND;Gobierno Nacional
S2S6D;S15S6;MEP;GO;D;primary;;True;Letras;AR0614758420;Títulos Públicos;BOND;Gobierno Nacional
S2S6X;S15S6;ARS;GO;X;especial;;False;Letras;AR0614758420;Títulos Públicos;BOND;Gobierno Nacional
S2S6Y;S15S6;MEP;GO;Y;especial;;False;Letras;AR0614758420;Títulos Públicos;BOND;Gobierno Nacional
S2S6Z;S15S6;cable;GO;Z;especial;;False;Letras;AR0614758420;Títulos Públicos;BOND;Gobierno Nacional
S30N6;S30N6;ARS;GO;6;primary;;True;Letras;AR0451031345;Títulos Públicos;BOND;Gobierno Nacional
S30O6;S30O6;ARS;GO;6;primary;;True;Letras;AR0475783251;Títulos Públicos;BOND;Gobierno Nacional
S30S6;S30S6;ARS;GO;6;primary;;True;Letras;AR0379015875;Títulos Públicos;BOND;Gobierno Nacional
S31G6;S31G6;ARS;GO;6;primary;;True;Letras;AR0960697990;Títulos Públicos;BOND;Gobierno Nacional
S31L6;S31L6;ARS;GO;6;primary;;True;Letras;AR0377625857;Títulos Públicos;BOND;Gobierno Nacional
SG6C;S31G6;cable;GO;C;primary;;True;Letras;AR0960697990;Títulos Públicos;BOND;Gobierno Nacional
SG6D;S31G6;MEP;GO;D;primary;;True;Letras;AR0960697990;Títulos Públicos;BOND;Gobierno Nacional
SG6X;S31G6;ARS;GO;X;especial;;False;Letras;AR0960697990;Títulos Públicos;BOND;Gobierno Nacional
SG6Y;S31G6;MEP;GO;Y;especial;;False;Letras;AR0960697990;Títulos Públicos;BOND;Gobierno Nacional
SG6Z;S31G6;cable;GO;Z;especial;;False;Letras;AR0960697990;Títulos Públicos;BOND;Gobierno Nacional
SJ6C;S12J6;cable;GO;C;primary;;True;Letras;AR0675961715;Títulos Públicos;BOND;Gobierno Nacional
SJ6D;S12J6;MEP;GO;D;primary;;True;Letras;AR0675961715;Títulos Públicos;BOND;Gobierno Nacional
SJ6X;S12J6;ARS;GO;X;especial;;False;Letras;AR0675961715;Títulos Públicos;BOND;Gobierno Nacional
SJ6Y;S12J6;MEP;GO;Y;especial;;False;Letras;AR0675961715;Títulos Públicos;BOND;Gobierno Nacional
SJ6Z;S12J6;cable;GO;Z;especial;;False;Letras;AR0675961715;Títulos Públicos;BOND;Gobierno Nacional
SL6C;S31L6;cable;GO;C;primary;;True;Letras;AR0377625857;Títulos Públicos;BOND;Gobierno Nacional
SL6D;S31L6;MEP;GO;D;primary;;True;Letras;AR0377625857;Títulos Públicos;BOND;Gobierno Nacional
SL6X;S31L6;ARS;GO;X;especial;;False;Letras;AR0377625857;Títulos Públicos;BOND;Gobierno Nacional
SL6Y;S31L6;MEP;GO;Y;especial;;False;Letras;AR0377625857;Títulos Públicos;BOND;Gobierno Nacional
SL6Z;S31L6;cable;GO;Z;especial;;False;Letras;AR0377625857;Títulos Públicos;BOND;Gobierno Nacional
SN6C;S30N6;cable;GO;C;primary;;True;Letras;AR0451031345;Títulos Públicos;BOND;Gobierno Nacional
SN6X;S30N6;ARS;GO;X;especial;;False;Letras;AR0451031345;Títulos Públicos;BOND;Gobierno Nacional
SN6Y;S30N6;MEP;GO;Y;especial;;False;Letras;AR0451031345;Títulos Públicos;BOND;Gobierno Nacional
SN6Z;S30N6;cable;GO;Z;especial;;False;Letras;AR0451031345;Títulos Públicos;BOND;Gobierno Nacional
SO6C;S30O6;cable;GO;C;primary;;True;Letras;AR0475783251;Títulos Públicos;BOND;Gobierno Nacional
SO6D;S30O6;MEP;GO;D;primary;;True;Letras;AR0475783251;Títulos Públicos;BOND;Gobierno Nacional
SO6X;S30O6;ARS;GO;X;especial;;False;Letras;AR0475783251;Títulos Públicos;BOND;Gobierno Nacional
SO6Y;S30O6;MEP;GO;Y;especial;;False;Letras;AR0475783251;Títulos Públicos;BOND;Gobierno Nacional
SO6Z;S30O6;cable;GO;Z;especial;;False;Letras;AR0475783251;Títulos Públicos;BOND;Gobierno Nacional
SS6C;S30S6;cable;GO;C;primary;;True;Letras;AR0379015875;Títulos Públicos;BOND;Gobierno Nacional
SS6D;S30S6;MEP;GO;D;primary;;True;Letras;AR0379015875;Títulos Públicos;BOND;Gobierno Nacional
SS6X;S30S6;ARS;GO;X;especial;;False;Letras;AR0379015875;Títulos Públicos;BOND;Gobierno Nacional
SS6Y;S30S6;MEP;GO;Y;especial;;False;Letras;AR0379015875;Títulos Públicos;BOND;Gobierno Nacional
SS6Z;S30S6;cable;GO;Z;especial;;False;Letras;AR0379015875;Títulos Públicos;BOND;Gobierno Nacional
X30N6;X30N6;ARS;GO;6;primary;;True;Letras;AR0933792183;Títulos Públicos;BOND;Gobierno Nacional
X30S6;X30S6;ARS;GO;6;primary;;True;Letras;AR0362438175;Títulos Públicos;BOND;Gobierno Nacional
X31L6;X31L6;ARS;GO;6;primary;;True;Letras;AR0189940411;Títulos Públicos;BOND;Gobierno Nacional
XBN26;XBN26;ARS;GO;6;primary;;True;Letras;AR0883778745;Títulos Públicos;BOND;Provincia de Buenos Aires
XBN6C;XBN26;cable;GO;C;primary;;True;Letras;AR0883778745;Títulos Públicos;BOND;Provincia de Buenos Aires
XBN6D;XBN26;MEP;GO;D;primary;;True;Letras;AR0883778745;Títulos Públicos;BOND;Provincia de Buenos Aires
XBO26;XBO26;ARS;GO;6;primary;;True;Letras;AR0985380945;Títulos Públicos;BOND;Provincia de Buenos Aires
XBO6C;XBO26;cable;GO;C;primary;;True;Letras;AR0985380945;Títulos Públicos;BOND;Provincia de Buenos Aires
XBO6D;XBO26;MEP;GO;D;primary;;True;Letras;AR0985380945;Títulos Públicos;BOND;Provincia de Buenos Aires
XBS26;XBS26;ARS;GO;6;primary;;True;Letras;AR0001156386;Títulos Públicos;BOND;Provincia de Buenos Aires
XBS6C;XBS26;cable;GO;C;primary;;True;Letras;AR0001156386;Títulos Públicos;BOND;Provincia de Buenos Aires
XBS6D;XBS26;MEP;GO;D;primary;;True;Letras;AR0001156386;Títulos Públicos;BOND;Provincia de Buenos Aires
XL6C;X31L6;cable;GO;C;primary;;True;Letras;AR0189940411;Títulos Públicos;BOND;Gobierno Nacional
XL6D;X31L6;MEP;GO;D;primary;;True;Letras;AR0189940411;Títulos Públicos;BOND;Gobierno Nacional
XL6X;X31L6;ARS;GO;X;especial;;False;Letras;AR0189940411;Títulos Públicos;BOND;Gobierno Nacional
XL6Y;X31L6;MEP;GO;Y;especial;;False;Letras;AR0189940411;Títulos Públicos;BOND;Gobierno Nacional
XL6Z;X31L6;cable;GO;Z;especial;;False;Letras;AR0189940411;Títulos Públicos;BOND;Gobierno Nacional
XN6C;X30N6;cable;GO;C;primary;;True;Letras;AR0933792183;Títulos Públicos;BOND;Gobierno Nacional
XN6D;X30N6;MEP;GO;D;primary;;True;Letras;AR0933792183;Títulos Públicos;BOND;Gobierno Nacional
XN6X;X30N6;ARS;GO;X;especial;;False;Letras;AR0933792183;Títulos Públicos;BOND;Gobierno Nacional
XN6Y;X30N6;MEP;GO;Y;especial;;False;Letras;AR0933792183;Títulos Públicos;BOND;Gobierno Nacional
XN6Z;X30N6;cable;GO;Z;especial;;False;Letras;AR0933792183;Títulos Públicos;BOND;Gobierno Nacional
XS6C;X30S6;cable;GO;C;primary;;True;Letras;AR0362438175;Títulos Públicos;BOND;Gobierno Nacional
XS6D;X30S6;MEP;GO;D;primary;;True;Letras;AR0362438175;Títulos Públicos;BOND;Gobierno Nacional
XS6X;X30S6;ARS;GO;X;especial;;False;Letras;AR0362438175;Títulos Públicos;BOND;Gobierno Nacional
XS6Y;X30S6;MEP;GO;Y;especial;;False;Letras;AR0362438175;Títulos Públicos;BOND;Gobierno Nacional
XS6Z;X30S6;cable;GO;Z;especial;;False;Letras;AR0362438175;Títulos Públicos;BOND;Gobierno Nacional
A11LD;A11LO;MEP;CORP;D;primary;;True;Oblig. Negociables;AR0561623023;Obligaciones Negociables;BOND;Apache S.A.
AEC2C;AEC2O;cable;CORP;C;primary;;True;Oblig. Negociables;USP1000CAE41;Obligaciones Negociables;BOND;AES Argentina Generación S.A.
AEC2D;AEC2O;MEP;CORP;D;primary;;True;Oblig. Negociables;USP1000CAE41;Obligaciones Negociables;BOND;AES Argentina Generación S.A.
AEC2O;AEC2O;ARS;CORP;O;primary;;True;Oblig. Negociables;USP1000CAE41;Obligaciones Negociables;BOND;AES Argentina Generación S.A.
AEC2X;AEC2O;ARS;CORP;X;especial;;False;Oblig. Negociables;USP1000CAE41;Obligaciones Negociables;BOND;AES Argentina Generación S.A.
AEC2Y;AEC2O;MEP;CORP;Y;especial;;False;Oblig. Negociables;USP1000CAE41;Obligaciones Negociables;BOND;AES Argentina Generación S.A.
AEC2Z;AEC2O;cable;CORP;Z;especial;;False;Oblig. Negociables;USP1000CAE41;Obligaciones Negociables;BOND;AES Argentina Generación S.A.
AER1C;AER1O;cable;CORP;C;primary;;True;Oblig. Negociables;USP0092MAF07;Obligaciones Negociables;BOND;Aeropuertos Argentina 2000 S.A.
AER1D;AER1O;MEP;CORP;D;primary;;True;Oblig. Negociables;USP0092MAF07;Obligaciones Negociables;BOND;Aeropuertos Argentina 2000 S.A.
AER1X;AER1O;ARS;CORP;X;especial;;False;Oblig. Negociables;USP0092MAF07;Obligaciones Negociables;BOND;Aeropuertos Argentina 2000 S.A.
AER1Z;AER1O;cable;CORP;Z;especial;;False;Oblig. Negociables;USP0092MAF07;Obligaciones Negociables;BOND;Aeropuertos Argentina 2000 S.A.
AER4C;AER4O;cable;CORP;C;primary;;True;Oblig. Negociables;XS2405877007;Obligaciones Negociables;BOND;Aeropuertos Argentina 2000 S.A.
AER4D;AER4O;MEP;CORP;D;primary;;True;Oblig. Negociables;XS2405877007;Obligaciones Negociables;BOND;Aeropuertos Argentina 2000 S.A.
AER4O;AER4O;ARS;CORP;O;primary;;True;Oblig. Negociables;XS2405877007;Obligaciones Negociables;BOND;Aeropuertos Argentina 2000 S.A.
AER4Z;AER4O;cable;CORP;Z;especial;;False;Oblig. Negociables;XS2405877007;Obligaciones Negociables;BOND;Aeropuertos Argentina 2000 S.A.
AER5C;AER5O;cable;CORP;C;primary;;True;Oblig. Negociables;ARAEAR560090;Obligaciones Negociables;BOND;Aeropuertos Argentina 2000 S.A.
AER5D;AER5O;MEP;CORP;D;primary;;True;Oblig. Negociables;ARAEAR560090;Obligaciones Negociables;BOND;Aeropuertos Argentina 2000 S.A.
AER5O;AER5O;ARS;CORP;O;primary;;True;Oblig. Negociables;ARAEAR560090;Obligaciones Negociables;BOND;Aeropuertos Argentina 2000 S.A.
AER5X;AER5O;ARS;CORP;X;especial;;False;Oblig. Negociables;ARAEAR560090;Obligaciones Negociables;BOND;Aeropuertos Argentina 2000 S.A.
AER5Y;AER5O;MEP;CORP;Y;especial;;False;Oblig. Negociables;ARAEAR560090;Obligaciones Negociables;BOND;Aeropuertos Argentina 2000 S.A.
AER5Z;AER5O;cable;CORP;Z;especial;;False;Oblig. Negociables;ARAEAR560090;Obligaciones Negociables;BOND;Aeropuertos Argentina 2000 S.A.
AER9C;AER9O;cable;CORP;C;primary;;True;Oblig. Negociables;ARAEAR5600C1;Obligaciones Negociables;BOND;Aeropuertos Argentina 2000 S.A.
AER9D;AER9O;MEP;CORP;D;primary;;True;Oblig. Negociables;ARAEAR5600C1;Obligaciones Negociables;BOND;Aeropuertos Argentina 2000 S.A.
AER9O;AER9O;ARS;CORP;O;primary;;True;Oblig. Negociables;ARAEAR5600C1;Obligaciones Negociables;BOND;Aeropuertos Argentina 2000 S.A.
AER9X;AER9O;ARS;CORP;X;especial;;False;Oblig. Negociables;ARAEAR5600C1;Obligaciones Negociables;BOND;Aeropuertos Argentina 2000 S.A.
AER9Y;AER9O;MEP;CORP;Y;especial;;False;Oblig. Negociables;ARAEAR5600C1;Obligaciones Negociables;BOND;Aeropuertos Argentina 2000 S.A.
AER9Z;AER9O;cable;CORP;Z;especial;;False;Oblig. Negociables;ARAEAR5600C1;Obligaciones Negociables;BOND;Aeropuertos Argentina 2000 S.A.
AERAC;AERAO;cable;CORP;C;primary;;True;Oblig. Negociables;USP0092MAE32;Obligaciones Negociables;BOND;Aeropuertos Argentina 2000 S.A.
AERAD;AERAO;MEP;CORP;D;primary;;True;Oblig. Negociables;USP0092MAE32;Obligaciones Negociables;BOND;Aeropuertos Argentina 2000 S.A.
AERAO;AERAO;ARS;CORP;O;primary;;True;Oblig. Negociables;USP0092MAE32;Obligaciones Negociables;BOND;Aeropuertos Argentina 2000 S.A.
AERBC;AERBO;cable;CORP;C;primary;;True;Oblig. Negociables;AR0162186347;Obligaciones Negociables;BOND;Aeropuertos Argentina 2000 S.A.
AERBD;AERBO;MEP;CORP;D;primary;;True;Oblig. Negociables;AR0162186347;Obligaciones Negociables;BOND;Aeropuertos Argentina 2000 S.A.
AERBO;AERBO;ARS;CORP;O;primary;;True;Oblig. Negociables;AR0162186347;Obligaciones Negociables;BOND;Aeropuertos Argentina 2000 S.A.
AERBX;AERBO;ARS;CORP;X;especial;;False;Oblig. Negociables;AR0162186347;Obligaciones Negociables;BOND;Aeropuertos Argentina 2000 S.A.
AERBY;AERBO;MEP;CORP;Y;especial;;False;Oblig. Negociables;AR0162186347;Obligaciones Negociables;BOND;Aeropuertos Argentina 2000 S.A.
AERBZ;AERBO;cable;CORP;Z;especial;;False;Oblig. Negociables;AR0162186347;Obligaciones Negociables;BOND;Aeropuertos Argentina 2000 S.A.
AFCHD;AFCHO;MEP;CORP;D;primary;;True;Oblig. Negociables;AR0271987817;Obligaciones Negociables;BOND;BANCO COMAFI S.A.
AFCHO;AFCHO;ARS;CORP;O;primary;;True;Oblig. Negociables;AR0271987817;Obligaciones Negociables;BOND;BANCO COMAFI S.A.
AFCHZ;AFCHO;cable;CORP;Z;especial;;False;Oblig. Negociables;AR0271987817;Obligaciones Negociables;BOND;BANCO COMAFI S.A.
AFCIC;AFCIO;cable;CORP;C;primary;;True;Oblig. Negociables;AR0736238632;Obligaciones Negociables;BOND;BANCO COMAFI S.A.
AFCID;AFCIO;MEP;CORP;D;primary;;True;Oblig. Negociables;AR0736238632;Obligaciones Negociables;BOND;BANCO COMAFI S.A.
AFCIO;AFCIO;ARS;CORP;O;primary;;True;Oblig. Negociables;AR0736238632;Obligaciones Negociables;BOND;BANCO COMAFI S.A.
AFCIX;AFCIO;ARS;CORP;X;especial;;False;Oblig. Negociables;AR0736238632;Obligaciones Negociables;BOND;BANCO COMAFI S.A.
AFCIY;AFCIO;MEP;CORP;Y;especial;;False;Oblig. Negociables;AR0736238632;Obligaciones Negociables;BOND;BANCO COMAFI S.A.
AFCIZ;AFCIO;cable;CORP;Z;especial;;False;Oblig. Negociables;AR0736238632;Obligaciones Negociables;BOND;BANCO COMAFI S.A.
AFCJC;AFCJO;cable;CORP;C;primary;;True;Oblig. Negociables;AR0089654062;Obligaciones Negociables;BOND;BANCO COMAFI S.A.
AFCJD;AFCJO;MEP;CORP;D;primary;;True;Oblig. Negociables;AR0089654062;Obligaciones Negociables;BOND;BANCO COMAFI S.A.
AFCJO;AFCJO;ARS;CORP;O;primary;;True;Oblig. Negociables;AR0089654062;Obligaciones Negociables;BOND;BANCO COMAFI S.A.
AFCJX;AFCJO;ARS;CORP;X;especial;;False;Oblig. Negociables;AR0089654062;Obligaciones Negociables;BOND;BANCO COMAFI S.A.
AFCJY;AFCJO;MEP;CORP;Y;especial;;False;Oblig. Negociables;AR0089654062;Obligaciones Negociables;BOND;BANCO COMAFI S.A.
AFCJZ;AFCJO;cable;CORP;Z;especial;;False;Oblig. Negociables;AR0089654062;Obligaciones Negociables;BOND;BANCO COMAFI S.A.
AFCKC;AFCKO;cable;CORP;C;primary;;True;Oblig. Negociables;AR0500799496;Obligaciones Negociables;BOND;BANCO COMAFI S.A.
AFCKD;AFCKO;MEP;CORP;D;primary;;True;Oblig. Negociables;AR0500799496;Obligaciones Negociables;BOND;BANCO COMAFI S.A.
AFCKO;AFCKO;ARS;CORP;O;primary;;True;Oblig. Negociables;AR0500799496;Obligaciones Negociables;BOND;BANCO COMAFI S.A.
AFCKX;AFCKO;ARS;CORP;X;especial;;False;Oblig. Negociables;AR0500799496;Obligaciones Negociables;BOND;BANCO COMAFI S.A.
AFCKY;AFCKO;MEP;CORP;Y;especial;;False;Oblig. Negociables;AR0500799496;Obligaciones Negociables;BOND;BANCO COMAFI S.A.
AFCKZ;AFCKO;cable;CORP;Z;especial;;False;Oblig. Negociables;AR0500799496;Obligaciones Negociables;BOND;BANCO COMAFI S.A.
AFCLC;AFCLO;cable;CORP;C;primary;;True;Oblig. Negociables;AR0754966056;Obligaciones Negociables;BOND;BANCO COMAFI S.A.
AFCLD;AFCLO;MEP;CORP;D;primary;;True;Oblig. Negociables;AR0754966056;Obligaciones Negociables;BOND;BANCO COMAFI S.A.
AFCLO;AFCLO;ARS;CORP;O;primary;;True;Oblig. Negociables;AR0754966056;Obligaciones Negociables;BOND;BANCO COMAFI S.A.
AFCLX;AFCLO;ARS;CORP;X;especial;;False;Oblig. Negociables;AR0754966056;Obligaciones Negociables;BOND;BANCO COMAFI S.A.
AFCLY;AFCLO;MEP;CORP;Y;especial;;False;Oblig. Negociables;AR0754966056;Obligaciones Negociables;BOND;BANCO COMAFI S.A.
AFCLZ;AFCLO;cable;CORP;Z;especial;;False;Oblig. Negociables;AR0754966056;Obligaciones Negociables;BOND;BANCO COMAFI S.A.
AFCMC;AFCMO;cable;CORP;C;primary;;True;Oblig. Negociables;AR0771613376;Obligaciones Negociables;BOND;BANCO COMAFI S.A.
AFCMD;AFCMO;MEP;CORP;D;primary;;True;Oblig. Negociables;AR0771613376;Obligaciones Negociables;BOND;BANCO COMAFI S.A.
AFCMO;AFCMO;ARS;CORP;O;primary;;True;Oblig. Negociables;AR0771613376;Obligaciones Negociables;BOND;BANCO COMAFI S.A.
AFCMX;AFCMO;ARS;CORP;X;especial;;False;Oblig. Negociables;AR0771613376;Obligaciones Negociables;BOND;BANCO COMAFI S.A.
AFCMY;AFCMO;MEP;CORP;Y;especial;;False;Oblig. Negociables;AR0771613376;Obligaciones Negociables;BOND;BANCO COMAFI S.A.
AFCMZ;AFCMO;cable;CORP;Z;especial;;False;Oblig. Negociables;AR0771613376;Obligaciones Negociables;BOND;BANCO COMAFI S.A.
AFCNC;AFCNO;cable;CORP;C;primary;;True;Oblig. Negociables;;;;
AFCND;AFCNO;MEP;CORP;D;primary;;True;Oblig. Negociables;;;;
AFCNO;AFCNO;ARS;CORP;O;primary;;True;Oblig. Negociables;;;;
AFCNX;AFCNO;ARS;CORP;X;especial;;False;Oblig. Negociables;;;;
AFCNY;AFCNO;MEP;CORP;Y;especial;;False;Oblig. Negociables;;;;
AFCNZ;AFCNO;cable;CORP;Z;especial;;False;Oblig. Negociables;;;;
AFCOC;AFCOO;cable;CORP;C;primary;;True;Oblig. Negociables;;;;
AFCOD;AFCOO;MEP;CORP;D;primary;;True;Oblig. Negociables;;;;
AFCOO;AFCOO;ARS;CORP;O;primary;;True;Oblig. Negociables;;;;
AFCOX;AFCOO;ARS;CORP;X;especial;;False;Oblig. Negociables;;;;
AFCOY;AFCOO;MEP;CORP;Y;especial;;False;Oblig. Negociables;;;;
AFCOZ;AFCOO;cable;CORP;Z;especial;;False;Oblig. Negociables;;;;
AFCQD;AFCQO;MEP;CORP;D;primary;;True;Oblig. Negociables;;;;
AFCQO;AFCQO;ARS;CORP;O;primary;;True;Oblig. Negociables;;;;
AFCQZ;AFCQO;cable;CORP;Z;especial;;False;Oblig. Negociables;;;;
AG22P;AG22O;ARS;CORP;P;otro;;False;Oblig. Negociables;AR0994661855;Oblig. Negociables PYMES;BOND;Argensun S.A.
AK1LC;AK1LO;cable;CORP;C;primary;;True;Oblig. Negociables;;;;
AK1LD;AK1LO;MEP;CORP;D;primary;;True;Oblig. Negociables;;;;
AKS1L;AKS1O;ARS;CORP;L;otro;;False;Oblig. Negociables;;;;
AP1LC;AP1LO;cable;CORP;C;primary;;True;Oblig. Negociables;;;;
AP1LD;AP1LO;MEP;CORP;D;primary;;True;Oblig. Negociables;;;;
APS1L;APS1O;ARS;CORP;L;otro;;False;Oblig. Negociables;;;;
AQ11L;AQ11O;ARS;CORP;L;otro;;False;Oblig. Negociables;;;;
ARC1C;ARC1O;cable;CORP;C;primary;;True;Oblig. Negociables;USP0092MAJ29;Obligaciones Negociables;BOND;Aeropuertos Argentina 2000 S.A.
ARC1D;ARC1O;MEP;CORP;D;primary;;True;Oblig. Negociables;USP0092MAJ29;Obligaciones Negociables;BOND;Aeropuertos Argentina 2000 S.A.
ARC1O;ARC1O;ARS;CORP;O;primary;;True;Oblig. Negociables;USP0092MAJ29;Obligaciones Negociables;BOND;Aeropuertos Argentina 2000 S.A.
ARC1X;ARC1O;ARS;CORP;X;especial;;False;Oblig. Negociables;USP0092MAJ29;Obligaciones Negociables;BOND;Aeropuertos Argentina 2000 S.A.
ARC1Y;ARC1O;MEP;CORP;Y;especial;;False;Oblig. Negociables;USP0092MAJ29;Obligaciones Negociables;BOND;Aeropuertos Argentina 2000 S.A.
ARC1Z;ARC1O;cable;CORP;Z;especial;;False;Oblig. Negociables;USP0092MAJ29;Obligaciones Negociables;BOND;Aeropuertos Argentina 2000 S.A.
AT2AC;AT2AO;cable;CORP;C;primary;;True;Oblig. Negociables;;;;
AT2AD;AT2AO;MEP;CORP;D;primary;;True;Oblig. Negociables;;;;
AT2AP;AT2AO;ARS;CORP;P;otro;;False;Oblig. Negociables;;;;
AT2BC;AT2BO;cable;CORP;C;primary;;True;Oblig. Negociables;;;;
AT2BD;AT2BO;MEP;CORP;D;primary;;True;Oblig. Negociables;;;;
AT2BP;AT2BO;ARS;CORP;P;otro;;False;Oblig. Negociables;;;;
AU12C;AU12O;cable;CORP;C;primary;;True;Oblig. Negociables;;;;
AU1LC;AU1LO;cable;CORP;C;primary;;True;Oblig. Negociables;;;;
AU1LD;AU1LO;MEP;CORP;D;primary;;True;Oblig. Negociables;;;;
AU22P;AU22O;ARS;CORP;P;otro;;False;Oblig. Negociables;AR0039343865;Oblig. Negociables PYMES;BOND;ALZ Nutrientes S.A.
AUS1L;AUS1O;ARS;CORP;L;otro;;False;Oblig. Negociables;AR0361017871;Oblig. Negociables PYMES;BOND;ALZ Nutrientes S.A.
AV12P;AV12O;ARS;CORP;P;otro;;False;Oblig. Negociables;ARASPO560017;Oblig. Negociables PYMES;BOND;ASPRO Servicios Petroleros S.A.
AVC1P;AVC1O;ARS;CORP;P;otro;;False;Oblig. Negociables;ARARVS560016;Oblig. Negociables PYMES;BOND;Alto Real Viñedos S.A.
AW1LC;AW1LO;cable;CORP;C;primary;;True;Oblig. Negociables;;;;
AW1LD;AW1LO;MEP;CORP;D;primary;;True;Oblig. Negociables;;;;
AWS1L;AWS1O;ARS;CORP;L;otro;;False;Oblig. Negociables;AR0406821139;Oblig. Negociables PYMES;BOND;Arbitra S.A.
AX1MC;AX1MO;cable;CORP;C;primary;;True;Oblig. Negociables;AR0395071563;Obligaciones Negociables;BOND;Akron S.A.
AX1MD;AX1MO;MEP;CORP;D;primary;;True;Oblig. Negociables;AR0395071563;Obligaciones Negociables;BOND;Akron S.A.
AXS1M;AX1MO;ARS;CORP;M;otro;;False;Oblig. Negociables;AR0395071563;Obligaciones Negociables;BOND;Akron S.A.
BACAC;BACAO;cable;CORP;C;primary;;True;Oblig. Negociables;USP1047VAF42;Obligaciones Negociables;BOND;BANCO MACRO S.A.
BACAD;BACAO;MEP;CORP;D;primary;;True;Oblig. Negociables;USP1047VAF42;Obligaciones Negociables;BOND;BANCO MACRO S.A.
BACAO;BACAO;ARS;CORP;O;primary;;True;Oblig. Negociables;USP1047VAF42;Obligaciones Negociables;BOND;BANCO MACRO S.A.
BACAX;BACAO;ARS;CORP;X;especial;;False;Oblig. Negociables;USP1047VAF42;Obligaciones Negociables;BOND;BANCO MACRO S.A.
BACAY;BACAO;MEP;CORP;Y;especial;;False;Oblig. Negociables;USP1047VAF42;Obligaciones Negociables;BOND;BANCO MACRO S.A.
BACAZ;BACAO;cable;CORP;Z;especial;;False;Oblig. Negociables;USP1047VAF42;Obligaciones Negociables;BOND;BANCO MACRO S.A.
BACGC;BACGO;cable;CORP;C;primary;;True;Oblig. Negociables;USP1047VAL10;Obligaciones Negociables;BOND;BANCO MACRO S.A.
BACGD;BACGO;MEP;CORP;D;primary;;True;Oblig. Negociables;USP1047VAL10;Obligaciones Negociables;BOND;BANCO MACRO S.A.
BACGO;BACGO;ARS;CORP;O;primary;;True;Oblig. Negociables;USP1047VAL10;Obligaciones Negociables;BOND;BANCO MACRO S.A.
BACGX;BACGO;ARS;CORP;X;especial;;False;Oblig. Negociables;USP1047VAL10;Obligaciones Negociables;BOND;BANCO MACRO S.A.
BACGY;BACGO;MEP;CORP;Y;especial;;False;Oblig. Negociables;USP1047VAL10;Obligaciones Negociables;BOND;BANCO MACRO S.A.
BACGZ;BACGO;cable;CORP;Z;especial;;False;Oblig. Negociables;USP1047VAL10;Obligaciones Negociables;BOND;BANCO MACRO S.A.
BACHC;BACHO;cable;CORP;C;primary;;True;Oblig. Negociables;USP1047VAN75;Obligaciones Negociables;BOND;BANCO MACRO S.A.
BACHD;BACHO;MEP;CORP;D;primary;;True;Oblig. Negociables;USP1047VAN75;Obligaciones Negociables;BOND;BANCO MACRO S.A.
BACHO;BACHO;ARS;CORP;O;primary;;True;Oblig. Negociables;USP1047VAN75;Obligaciones Negociables;BOND;BANCO MACRO S.A.
BACHX;BACHO;ARS;CORP;X;especial;;False;Oblig. Negociables;USP1047VAN75;Obligaciones Negociables;BOND;BANCO MACRO S.A.
BACHY;BACHO;MEP;CORP;Y;especial;;False;Oblig. Negociables;USP1047VAN75;Obligaciones Negociables;BOND;BANCO MACRO S.A.
BACHZ;BACHO;cable;CORP;Z;especial;;False;Oblig. Negociables;USP1047VAN75;Obligaciones Negociables;BOND;BANCO MACRO S.A.
BCCKZ;BCCKO;cable;CORP;Z;especial;;False;Oblig. Negociables;;;;
BDCKC;BDCKO;cable;CORP;C;primary;;True;Oblig. Negociables;AR0493622127;Obligaciones Negociables;BOND;BACS BANCO DE CREDITO Y SECURITIZACION S.A.
BDCKD;BDCKO;MEP;CORP;D;primary;;True;Oblig. Negociables;AR0493622127;Obligaciones Negociables;BOND;BACS BANCO DE CREDITO Y SECURITIZACION S.A.
BDCKO;BDCKO;ARS;CORP;O;primary;;True;Oblig. Negociables;AR0493622127;Obligaciones Negociables;BOND;BACS BANCO DE CREDITO Y SECURITIZACION S.A.
BDCKX;BDCKO;ARS;CORP;X;especial;;False;Oblig. Negociables;AR0493622127;Obligaciones Negociables;BOND;BACS BANCO DE CREDITO Y SECURITIZACION S.A.
BDCKY;BDCKO;MEP;CORP;Y;especial;;False;Oblig. Negociables;AR0493622127;Obligaciones Negociables;BOND;BACS BANCO DE CREDITO Y SECURITIZACION S.A.
BDCKZ;BDCKO;cable;CORP;Z;especial;;False;Oblig. Negociables;AR0493622127;Obligaciones Negociables;BOND;BACS BANCO DE CREDITO Y SECURITIZACION S.A.
BF36C;BF36O;cable;CORP;C;primary;;True;Oblig. Negociables;AR0274930202;Obligaciones Negociables;BOND;BANCO BBVA ARGENTINA S.A.
BF36D;BF36O;MEP;CORP;D;primary;;True;Oblig. Negociables;AR0274930202;Obligaciones Negociables;BOND;BANCO BBVA ARGENTINA S.A.
BF36O;BF36O;ARS;CORP;O;primary;;True;Oblig. Negociables;AR0274930202;Obligaciones Negociables;BOND;BANCO BBVA ARGENTINA S.A.
BF36X;BF36O;ARS;CORP;X;especial;;False;Oblig. Negociables;AR0274930202;Obligaciones Negociables;BOND;BANCO BBVA ARGENTINA S.A.
BF36Y;BF36O;MEP;CORP;Y;especial;;False;Oblig. Negociables;AR0274930202;Obligaciones Negociables;BOND;BANCO BBVA ARGENTINA S.A.
BF36Z;BF36O;cable;CORP;Z;especial;;False;Oblig. Negociables;AR0274930202;Obligaciones Negociables;BOND;BANCO BBVA ARGENTINA S.A.
BF37C;BF37O;cable;CORP;C;primary;;True;Oblig. Negociables;AR0042275856;Obligaciones Negociables;BOND;BANCO BBVA ARGENTINA S.A.
BF37D;BF37O;MEP;CORP;D;primary;;True;Oblig. Negociables;AR0042275856;Obligaciones Negociables;BOND;BANCO BBVA ARGENTINA S.A.
BF37O;BF37O;ARS;CORP;O;primary;;True;Oblig. Negociables;AR0042275856;Obligaciones Negociables;BOND;BANCO BBVA ARGENTINA S.A.
BF37X;BF37O;ARS;CORP;X;especial;;False;Oblig. Negociables;AR0042275856;Obligaciones Negociables;BOND;BANCO BBVA ARGENTINA S.A.
BF37Y;BF37O;MEP;CORP;Y;especial;;False;Oblig. Negociables;AR0042275856;Obligaciones Negociables;BOND;BANCO BBVA ARGENTINA S.A.
BF37Z;BF37O;cable;CORP;Z;especial;;False;Oblig. Negociables;AR0042275856;Obligaciones Negociables;BOND;BANCO BBVA ARGENTINA S.A.
BF38C;BF38O;cable;CORP;C;primary;;True;Oblig. Negociables;AR0821226211;Obligaciones Negociables;BOND;BANCO BBVA ARGENTINA S.A.
BF38D;BF38O;MEP;CORP;D;primary;;True;Oblig. Negociables;AR0821226211;Obligaciones Negociables;BOND;BANCO BBVA ARGENTINA S.A.
BF38O;BF38O;ARS;CORP;O;primary;;True;Oblig. Negociables;AR0821226211;Obligaciones Negociables;BOND;BANCO BBVA ARGENTINA S.A.
BF38X;BF38O;ARS;CORP;X;especial;;False;Oblig. Negociables;AR0821226211;Obligaciones Negociables;BOND;BANCO BBVA ARGENTINA S.A.
BF38Y;BF38O;MEP;CORP;Y;especial;;False;Oblig. Negociables;AR0821226211;Obligaciones Negociables;BOND;BANCO BBVA ARGENTINA S.A.
BF38Z;BF38O;cable;CORP;Z;especial;;False;Oblig. Negociables;AR0821226211;Obligaciones Negociables;BOND;BANCO BBVA ARGENTINA S.A.
BF39C;BF39O;cable;CORP;C;primary;;True;Oblig. Negociables;AR0914780439;Obligaciones Negociables;BOND;BANCO BBVA ARGENTINA S.A.
BF39D;BF39O;MEP;CORP;D;primary;;True;Oblig. Negociables;AR0914780439;Obligaciones Negociables;BOND;BANCO BBVA ARGENTINA S.A.
BF39O;BF39O;ARS;CORP;O;primary;;True;Oblig. Negociables;AR0914780439;Obligaciones Negociables;BOND;BANCO BBVA ARGENTINA S.A.
BF39X;BF39O;ARS;CORP;X;especial;;False;Oblig. Negociables;AR0914780439;Obligaciones Negociables;BOND;BANCO BBVA ARGENTINA S.A.
BF39Y;BF39O;MEP;CORP;Y;especial;;False;Oblig. Negociables;AR0914780439;Obligaciones Negociables;BOND;BANCO BBVA ARGENTINA S.A.
BF39Z;BF39O;cable;CORP;Z;especial;;False;Oblig. Negociables;AR0914780439;Obligaciones Negociables;BOND;BANCO BBVA ARGENTINA S.A.
BF40C;BF40O;cable;CORP;C;primary;;True;Oblig. Negociables;AR0078136758;Obligaciones Negociables;BOND;BANCO BBVA ARGENTINA S.A.
BF40D;BF40O;MEP;CORP;D;primary;;True;Oblig. Negociables;AR0078136758;Obligaciones Negociables;BOND;BANCO BBVA ARGENTINA S.A.
BF40O;BF40O;ARS;CORP;O;primary;;True;Oblig. Negociables;AR0078136758;Obligaciones Negociables;BOND;BANCO BBVA ARGENTINA S.A.
BF40X;BF40O;ARS;CORP;X;especial;;False;Oblig. Negociables;AR0078136758;Obligaciones Negociables;BOND;BANCO BBVA ARGENTINA S.A.
BF40Y;BF40O;MEP;CORP;Y;especial;;False;Oblig. Negociables;AR0078136758;Obligaciones Negociables;BOND;BANCO BBVA ARGENTINA S.A.
BF40Z;BF40O;cable;CORP;Z;especial;;False;Oblig. Negociables;AR0078136758;Obligaciones Negociables;BOND;BANCO BBVA ARGENTINA S.A.
BF41C;BF41O;cable;CORP;C;primary;;True;Oblig. Negociables;AR0275916358;Obligaciones Negociables;BOND;BANCO BBVA ARGENTINA S.A.
BF41D;BF41O;MEP;CORP;D;primary;;True;Oblig. Negociables;AR0275916358;Obligaciones Negociables;BOND;BANCO BBVA ARGENTINA S.A.
BF41O;BF41O;ARS;CORP;O;primary;;True;Oblig. Negociables;AR0275916358;Obligaciones Negociables;BOND;BANCO BBVA ARGENTINA S.A.
BF41X;BF41O;ARS;CORP;X;especial;;False;Oblig. Negociables;AR0275916358;Obligaciones Negociables;BOND;BANCO BBVA ARGENTINA S.A.
BF41Y;BF41O;MEP;CORP;Y;especial;;False;Oblig. Negociables;AR0275916358;Obligaciones Negociables;BOND;BANCO BBVA ARGENTINA S.A.
BF41Z;BF41O;cable;CORP;Z;especial;;False;Oblig. Negociables;AR0275916358;Obligaciones Negociables;BOND;BANCO BBVA ARGENTINA S.A.
BF44C;BF44O;cable;CORP;C;primary;;True;Oblig. Negociables;AR0576992660;Obligaciones Negociables;BOND;BANCO BBVA ARGENTINA S.A.
BF44D;BF44O;MEP;CORP;D;primary;;True;Oblig. Negociables;AR0576992660;Obligaciones Negociables;BOND;BANCO BBVA ARGENTINA S.A.
BF44O;BF44O;ARS;CORP;O;primary;;True;Oblig. Negociables;AR0576992660;Obligaciones Negociables;BOND;BANCO BBVA ARGENTINA S.A.
BF44X;BF44O;ARS;CORP;X;especial;;False;Oblig. Negociables;AR0576992660;Obligaciones Negociables;BOND;BANCO BBVA ARGENTINA S.A.
BF44Y;BF44O;MEP;CORP;Y;especial;;False;Oblig. Negociables;AR0576992660;Obligaciones Negociables;BOND;BANCO BBVA ARGENTINA S.A.
BF44Z;BF44O;cable;CORP;Z;especial;;False;Oblig. Negociables;AR0576992660;Obligaciones Negociables;BOND;BANCO BBVA ARGENTINA S.A.
BF45C;BF45O;cable;CORP;C;primary;;True;Oblig. Negociables;AR0463317443;Obligaciones Negociables;BOND;BANCO BBVA ARGENTINA S.A.
BF45D;BF45O;MEP;CORP;D;primary;;True;Oblig. Negociables;AR0463317443;Obligaciones Negociables;BOND;BANCO BBVA ARGENTINA S.A.
BF45O;BF45O;ARS;CORP;O;primary;;True;Oblig. Negociables;AR0463317443;Obligaciones Negociables;BOND;BANCO BBVA ARGENTINA S.A.
BF45X;BF45O;ARS;CORP;X;especial;;False;Oblig. Negociables;AR0463317443;Obligaciones Negociables;BOND;BANCO BBVA ARGENTINA S.A.
BF45Y;BF45O;MEP;CORP;Y;especial;;False;Oblig. Negociables;AR0463317443;Obligaciones Negociables;BOND;BANCO BBVA ARGENTINA S.A.
BF45Z;BF45O;cable;CORP;Z;especial;;False;Oblig. Negociables;AR0463317443;Obligaciones Negociables;BOND;BANCO BBVA ARGENTINA S.A.
BF46C;BF46O;cable;CORP;C;primary;;True;Oblig. Negociables;;;;
BF46D;BF46O;MEP;CORP;D;primary;;True;Oblig. Negociables;;;;
BF46O;BF46O;ARS;CORP;O;primary;;True;Oblig. Negociables;;;;
BF46X;BF46O;ARS;CORP;X;especial;;False;Oblig. Negociables;;;;
BF46Y;BF46O;MEP;CORP;Y;especial;;False;Oblig. Negociables;;;;
BF46Z;BF46O;cable;CORP;Z;especial;;False;Oblig. Negociables;;;;
BGC4C;BGC4O;cable;CORP;C;primary;;True;Oblig. Negociables;AR0401371130;Obligaciones Negociables;BOND;BANCO PATAGONIA S.A.
BGC4D;BGC4O;MEP;CORP;D;primary;;True;Oblig. Negociables;AR0401371130;Obligaciones Negociables;BOND;BANCO PATAGONIA S.A.
BGC4O;BGC4O;ARS;CORP;O;primary;;True;Oblig. Negociables;AR0401371130;Obligaciones Negociables;BOND;BANCO PATAGONIA S.A.
BGC4X;BGC4O;ARS;CORP;X;especial;;False;Oblig. Negociables;AR0401371130;Obligaciones Negociables;BOND;BANCO PATAGONIA S.A.
BGC4Y;BGC4O;MEP;CORP;Y;especial;;False;Oblig. Negociables;AR0401371130;Obligaciones Negociables;BOND;BANCO PATAGONIA S.A.
BGC4Z;BGC4O;cable;CORP;Z;especial;;False;Oblig. Negociables;AR0401371130;Obligaciones Negociables;BOND;BANCO PATAGONIA S.A.
BJC1D;BJC1O;MEP;CORP;D;primary;;True;Oblig. Negociables;;;;
BNCXD;BNCXO;MEP;CORP;D;primary;;True;Oblig. Negociables;;;;
BNCXX;BNCXO;ARS;CORP;X;especial;;False;Oblig. Negociables;;;;
BNCXY;BNCXO;MEP;CORP;Y;especial;;False;Oblig. Negociables;;;;
BNCXZ;BNCXO;cable;CORP;Z;especial;;False;Oblig. Negociables;;;;
BO1AC;BO1AO;cable;CORP;C;primary;;True;Oblig. Negociables;;;;
BO1AD;BO1AO;MEP;CORP;D;primary;;True;Oblig. Negociables;;;;
BO1AP;BO1AO;ARS;CORP;P;otro;;False;Oblig. Negociables;;;;
BPCQD;BPCQO;MEP;CORP;D;primary;;True;Oblig. Negociables;AR0179217911;Obligaciones Negociables;BOND;BANCO SUPERVIELLE S.A.
BPCQO;BPCQO;ARS;CORP;O;primary;;True;Oblig. Negociables;AR0179217911;Obligaciones Negociables;BOND;BANCO SUPERVIELLE S.A.
BPCQX;BPCQO;ARS;CORP;X;especial;;False;Oblig. Negociables;AR0179217911;Obligaciones Negociables;BOND;BANCO SUPERVIELLE S.A.
BPCQY;BPCQO;MEP;CORP;Y;especial;;False;Oblig. Negociables;AR0179217911;Obligaciones Negociables;BOND;BANCO SUPERVIELLE S.A.
BPCQZ;BPCQO;cable;CORP;Z;especial;;False;Oblig. Negociables;AR0179217911;Obligaciones Negociables;BOND;BANCO SUPERVIELLE S.A.
BPCRO;BPCRO;ARS;CORP;O;primary;;True;Oblig. Negociables;AR0770605332;Obligaciones Negociables;BOND;BANCO SUPERVIELLE S.A.
BPCRX;BPCRO;ARS;CORP;X;especial;;False;Oblig. Negociables;AR0770605332;Obligaciones Negociables;BOND;BANCO SUPERVIELLE S.A.
BPCRY;BPCRO;MEP;CORP;Y;especial;;False;Oblig. Negociables;AR0770605332;Obligaciones Negociables;BOND;BANCO SUPERVIELLE S.A.
BPCRZ;BPCRO;cable;CORP;Z;especial;;False;Oblig. Negociables;AR0770605332;Obligaciones Negociables;BOND;BANCO SUPERVIELLE S.A.
BPCSD;BPCSO;MEP;CORP;D;primary;;True;Oblig. Negociables;AR0982170596;Obligaciones Negociables;BOND;BANCO SUPERVIELLE S.A.
BPCSO;BPCSO;ARS;CORP;O;primary;;True;Oblig. Negociables;AR0982170596;Obligaciones Negociables;BOND;BANCO SUPERVIELLE S.A.
BPCTC;BPCTO;cable;CORP;C;primary;;True;Oblig. Negociables;AR0325784970;Obligaciones Negociables;BOND;BANCO SUPERVIELLE S.A.
BPCTD;BPCTO;MEP;CORP;D;primary;;True;Oblig. Negociables;AR0325784970;Obligaciones Negociables;BOND;BANCO SUPERVIELLE S.A.
BPCTO;BPCTO;ARS;CORP;O;primary;;True;Oblig. Negociables;AR0325784970;Obligaciones Negociables;BOND;BANCO SUPERVIELLE S.A.
BPCUC;BPCUO;cable;CORP;C;primary;;True;Oblig. Negociables;AR0334891071;Obligaciones Negociables;BOND;BANCO SUPERVIELLE S.A.
BPCUD;BPCUO;MEP;CORP;D;primary;;True;Oblig. Negociables;AR0334891071;Obligaciones Negociables;BOND;BANCO SUPERVIELLE S.A.
BPCUO;BPCUO;ARS;CORP;O;primary;;True;Oblig. Negociables;AR0334891071;Obligaciones Negociables;BOND;BANCO SUPERVIELLE S.A.
BPCUX;BPCUO;ARS;CORP;X;especial;;False;Oblig. Negociables;AR0334891071;Obligaciones Negociables;BOND;BANCO SUPERVIELLE S.A.
BPCUY;BPCUO;MEP;CORP;Y;especial;;False;Oblig. Negociables;AR0334891071;Obligaciones Negociables;BOND;BANCO SUPERVIELLE S.A.
BPCUZ;BPCUO;cable;CORP;Z;especial;;False;Oblig. Negociables;AR0334891071;Obligaciones Negociables;BOND;BANCO SUPERVIELLE S.A.
BPCVC;BPCVO;cable;CORP;C;primary;;True;Oblig. Negociables;AR0291241559;Obligaciones Negociables;BOND;BANCO SUPERVIELLE S.A.
BPCVD;BPCVO;MEP;CORP;D;primary;;True;Oblig. Negociables;AR0291241559;Obligaciones Negociables;BOND;BANCO SUPERVIELLE S.A.
BPCVO;BPCVO;ARS;CORP;O;primary;;True;Oblig. Negociables;AR0291241559;Obligaciones Negociables;BOND;BANCO SUPERVIELLE S.A.
BPCVX;BPCVO;ARS;CORP;X;especial;;False;Oblig. Negociables;AR0291241559;Obligaciones Negociables;BOND;BANCO SUPERVIELLE S.A.
BPCVY;BPCVO;MEP;CORP;Y;especial;;False;Oblig. Negociables;AR0291241559;Obligaciones Negociables;BOND;BANCO SUPERVIELLE S.A.
BPCVZ;BPCVO;cable;CORP;Z;especial;;False;Oblig. Negociables;AR0291241559;Obligaciones Negociables;BOND;BANCO SUPERVIELLE S.A.
BT21P;BT21O;ARS;CORP;P;otro;;False;Oblig. Negociables;AR0197071761;Oblig. Negociables PYMES;BOND;Compañía TSB S.A.
BT22P;BT22O;ARS;CORP;P;otro;;False;Oblig. Negociables;AR0351998536;Oblig. Negociables PYMES;BOND;Compañía TSB S.A.
BUC2O;BUC2O;ARS;CORP;O;primary;;True;Oblig. Negociables;;;;
BUC2X;BUC2O;ARS;CORP;X;especial;;False;Oblig. Negociables;;;;
BUC2Y;BUC2O;MEP;CORP;Y;especial;;False;Oblig. Negociables;;;;
BUC2Z;BUC2O;cable;CORP;Z;especial;;False;Oblig. Negociables;;;;
BVCOC;BVCOO;cable;CORP;C;primary;;True;Oblig. Negociables;AR0771037964;Obligaciones Negociables;BOND;BANCO DE SERVICIOS Y TRANSACCIONES S.A.U.
BVCOD;BVCOO;MEP;CORP;D;primary;;True;Oblig. Negociables;AR0771037964;Obligaciones Negociables;BOND;BANCO DE SERVICIOS Y TRANSACCIONES S.A.U.
BVCOO;BVCOO;ARS;CORP;O;primary;;True;Oblig. Negociables;AR0771037964;Obligaciones Negociables;BOND;BANCO DE SERVICIOS Y TRANSACCIONES S.A.U.
BVCPC;BVCPO;cable;CORP;C;primary;;True;Oblig. Negociables;AR0869750478;Obligaciones Negociables;BOND;BANCO DE SERVICIOS Y TRANSACCIONES S.A.U.
BVCPD;BVCPO;MEP;CORP;D;primary;;True;Oblig. Negociables;AR0869750478;Obligaciones Negociables;BOND;BANCO DE SERVICIOS Y TRANSACCIONES S.A.U.
BVCPO;BVCPO;ARS;CORP;O;primary;;True;Oblig. Negociables;AR0869750478;Obligaciones Negociables;BOND;BANCO DE SERVICIOS Y TRANSACCIONES S.A.U.
BVCPX;BVCPO;ARS;CORP;X;especial;;False;Oblig. Negociables;AR0869750478;Obligaciones Negociables;BOND;BANCO DE SERVICIOS Y TRANSACCIONES S.A.U.
BVCPY;BVCPO;MEP;CORP;Y;especial;;False;Oblig. Negociables;AR0869750478;Obligaciones Negociables;BOND;BANCO DE SERVICIOS Y TRANSACCIONES S.A.U.
BVCPZ;BVCPO;cable;CORP;Z;especial;;False;Oblig. Negociables;AR0869750478;Obligaciones Negociables;BOND;BANCO DE SERVICIOS Y TRANSACCIONES S.A.U.
BVCRC;BVCRO;cable;CORP;C;primary;;True;Oblig. Negociables;AR0909465723;Obligaciones Negociables;BOND;BANCO DE SERVICIOS Y TRANSACCIONES S.A.U.
BVCRD;BVCRO;MEP;CORP;D;primary;;True;Oblig. Negociables;AR0909465723;Obligaciones Negociables;BOND;BANCO DE SERVICIOS Y TRANSACCIONES S.A.U.
BVCRO;BVCRO;ARS;CORP;O;primary;;True;Oblig. Negociables;AR0909465723;Obligaciones Negociables;BOND;BANCO DE SERVICIOS Y TRANSACCIONES S.A.U.
BVCRX;BVCRO;ARS;CORP;X;especial;;False;Oblig. Negociables;AR0909465723;Obligaciones Negociables;BOND;BANCO DE SERVICIOS Y TRANSACCIONES S.A.U.
BVCRY;BVCRO;MEP;CORP;Y;especial;;False;Oblig. Negociables;AR0909465723;Obligaciones Negociables;BOND;BANCO DE SERVICIOS Y TRANSACCIONES S.A.U.
BVCRZ;BVCRO;cable;CORP;Z;especial;;False;Oblig. Negociables;AR0909465723;Obligaciones Negociables;BOND;BANCO DE SERVICIOS Y TRANSACCIONES S.A.U.
BVCTC;BVCTO;cable;CORP;C;primary;;True;Oblig. Negociables;;;;
BVCTD;BVCTO;MEP;CORP;D;primary;;True;Oblig. Negociables;;;;
BVCTO;BVCTO;ARS;CORP;O;primary;;True;Oblig. Negociables;;;;
BVCTX;BVCTO;ARS;CORP;X;especial;;False;Oblig. Negociables;;;;
BVCTY;BVCTO;MEP;CORP;Y;especial;;False;Oblig. Negociables;;;;
BVCTZ;BVCTO;cable;CORP;Z;especial;;False;Oblig. Negociables;;;;
BVCUC;BVCUO;cable;CORP;C;primary;;True;Oblig. Negociables;;;;
BVCUD;BVCUO;MEP;CORP;D;primary;;True;Oblig. Negociables;;;;
BVCUO;BVCUO;ARS;CORP;O;primary;;True;Oblig. Negociables;;;;
BVCUX;BVCUO;ARS;CORP;X;especial;;False;Oblig. Negociables;;;;
BVCUY;BVCUO;MEP;CORP;Y;especial;;False;Oblig. Negociables;;;;
BVCUZ;BVCUO;cable;CORP;Z;especial;;False;Oblig. Negociables;;;;
BYC2C;BYC2O;cable;CORP;C;primary;;True;Oblig. Negociables;USP0R66CAA64;Obligaciones Negociables;BOND;BANCO DE GALICIA Y BUENOS AIRES S.A.
BYC2O;BYC2O;ARS;CORP;O;primary;;True;Oblig. Negociables;USP0R66CAA64;Obligaciones Negociables;BOND;BANCO DE GALICIA Y BUENOS AIRES S.A.
BYC2P;BYC2O;MEP;CORP;P;otro;;False;Oblig. Negociables;USP0R66CAA64;Obligaciones Negociables;BOND;BANCO DE GALICIA Y BUENOS AIRES S.A.
BYC2X;BYC2O;ARS;CORP;X;especial;;False;Oblig. Negociables;USP0R66CAA64;Obligaciones Negociables;BOND;BANCO DE GALICIA Y BUENOS AIRES S.A.
BYC2Z;BYC2O;cable;CORP;Z;especial;;False;Oblig. Negociables;USP0R66CAA64;Obligaciones Negociables;BOND;BANCO DE GALICIA Y BUENOS AIRES S.A.
BYCHC;BYCHO;cable;CORP;C;primary;;True;Oblig. Negociables;USP0R66CAB48;Obligaciones Negociables;BOND;BANCO DE GALICIA Y BUENOS AIRES S.A.
BYCHD;BYCHO;MEP;CORP;D;primary;;True;Oblig. Negociables;USP0R66CAB48;Obligaciones Negociables;BOND;BANCO DE GALICIA Y BUENOS AIRES S.A.
BYCHO;BYCHO;ARS;CORP;O;primary;;True;Oblig. Negociables;USP0R66CAB48;Obligaciones Negociables;BOND;BANCO DE GALICIA Y BUENOS AIRES S.A.
BYCHX;BYCHO;ARS;CORP;X;especial;;False;Oblig. Negociables;USP0R66CAB48;Obligaciones Negociables;BOND;BANCO DE GALICIA Y BUENOS AIRES S.A.
BYCHY;BYCHO;MEP;CORP;Y;especial;;False;Oblig. Negociables;USP0R66CAB48;Obligaciones Negociables;BOND;BANCO DE GALICIA Y BUENOS AIRES S.A.
BYCHZ;BYCHO;cable;CORP;Z;especial;;False;Oblig. Negociables;USP0R66CAB48;Obligaciones Negociables;BOND;BANCO DE GALICIA Y BUENOS AIRES S.A.
BYCVC;BYCVO;cable;CORP;C;primary;;True;Oblig. Negociables;AR0422946126;Obligaciones Negociables;BOND;BANCO DE GALICIA Y BUENOS AIRES S.A.
BYCVD;BYCVO;MEP;CORP;D;primary;;True;Oblig. Negociables;AR0422946126;Obligaciones Negociables;BOND;BANCO DE GALICIA Y BUENOS AIRES S.A.
BYCVO;BYCVO;ARS;CORP;O;primary;;True;Oblig. Negociables;AR0422946126;Obligaciones Negociables;BOND;BANCO DE GALICIA Y BUENOS AIRES S.A.
BYCVX;BYCVO;ARS;CORP;X;especial;;False;Oblig. Negociables;AR0422946126;Obligaciones Negociables;BOND;BANCO DE GALICIA Y BUENOS AIRES S.A.
BYCVY;BYCVO;MEP;CORP;Y;especial;;False;Oblig. Negociables;AR0422946126;Obligaciones Negociables;BOND;BANCO DE GALICIA Y BUENOS AIRES S.A.
BYCVZ;BYCVO;cable;CORP;Z;especial;;False;Oblig. Negociables;AR0422946126;Obligaciones Negociables;BOND;BANCO DE GALICIA Y BUENOS AIRES S.A.
BYCWC;BYCWO;cable;CORP;C;primary;;True;Oblig. Negociables;AR0098652693;Obligaciones Negociables;BOND;BANCO DE GALICIA Y BUENOS AIRES S.A.
BYCWD;BYCWO;MEP;CORP;D;primary;;True;Oblig. Negociables;AR0098652693;Obligaciones Negociables;BOND;BANCO DE GALICIA Y BUENOS AIRES S.A.
BYCWO;BYCWO;ARS;CORP;O;primary;;True;Oblig. Negociables;AR0098652693;Obligaciones Negociables;BOND;BANCO DE GALICIA Y BUENOS AIRES S.A.
BYCWX;BYCWO;ARS;CORP;X;especial;;False;Oblig. Negociables;AR0098652693;Obligaciones Negociables;BOND;BANCO DE GALICIA Y BUENOS AIRES S.A.
BYCWY;BYCWO;MEP;CORP;Y;especial;;False;Oblig. Negociables;AR0098652693;Obligaciones Negociables;BOND;BANCO DE GALICIA Y BUENOS AIRES S.A.
BYCWZ;BYCWO;cable;CORP;Z;especial;;False;Oblig. Negociables;AR0098652693;Obligaciones Negociables;BOND;BANCO DE GALICIA Y BUENOS AIRES S.A.
BYCXC;BYCXO;cable;CORP;C;primary;;True;Oblig. Negociables;AR0185542955;Obligaciones Negociables;BOND;BANCO DE GALICIA Y BUENOS AIRES S.A.
BYCXD;BYCXO;MEP;CORP;D;primary;;True;Oblig. Negociables;AR0185542955;Obligaciones Negociables;BOND;BANCO DE GALICIA Y BUENOS AIRES S.A.
BYCXO;BYCXO;ARS;CORP;O;primary;;True;Oblig. Negociables;AR0185542955;Obligaciones Negociables;BOND;BANCO DE GALICIA Y BUENOS AIRES S.A.
BYCXX;BYCXO;ARS;CORP;X;especial;;False;Oblig. Negociables;AR0185542955;Obligaciones Negociables;BOND;BANCO DE GALICIA Y BUENOS AIRES S.A.
BYCXY;BYCXO;MEP;CORP;Y;especial;;False;Oblig. Negociables;AR0185542955;Obligaciones Negociables;BOND;BANCO DE GALICIA Y BUENOS AIRES S.A.
BYCXZ;BYCXO;cable;CORP;Z;especial;;False;Oblig. Negociables;AR0185542955;Obligaciones Negociables;BOND;BANCO DE GALICIA Y BUENOS AIRES S.A.
BYY1C;BYY1O;cable;CORP;C;primary;;True;Oblig. Negociables;;;;
BYY1D;BYY1O;MEP;CORP;D;primary;;True;Oblig. Negociables;;;;
BYY1O;BYY1O;ARS;CORP;O;primary;;True;Oblig. Negociables;;;;
BYY1X;BYY1O;ARS;CORP;X;especial;;False;Oblig. Negociables;;;;
BYY1Y;BYY1O;MEP;CORP;Y;especial;;False;Oblig. Negociables;;;;
BYY1Z;BYY1O;cable;CORP;Z;especial;;False;Oblig. Negociables;;;;
BYY2C;BYY2O;cable;CORP;C;primary;;True;Oblig. Negociables;AR0040043033;Obligaciones Negociables;BOND;BANCO DE GALICIA Y BUENOS AIRES S.A.
BYY2D;BYY2O;MEP;CORP;D;primary;;True;Oblig. Negociables;AR0040043033;Obligaciones Negociables;BOND;BANCO DE GALICIA Y BUENOS AIRES S.A.
BYY2O;BYY2O;ARS;CORP;O;primary;;True;Oblig. Negociables;AR0040043033;Obligaciones Negociables;BOND;BANCO DE GALICIA Y BUENOS AIRES S.A.
BYY2X;BYY2O;ARS;CORP;X;especial;;False;Oblig. Negociables;AR0040043033;Obligaciones Negociables;BOND;BANCO DE GALICIA Y BUENOS AIRES S.A.
BYY2Y;BYY2O;MEP;CORP;Y;especial;;False;Oblig. Negociables;AR0040043033;Obligaciones Negociables;BOND;BANCO DE GALICIA Y BUENOS AIRES S.A.
BYY2Z;BYY2O;cable;CORP;Z;especial;;False;Oblig. Negociables;AR0040043033;Obligaciones Negociables;BOND;BANCO DE GALICIA Y BUENOS AIRES S.A.
BYY3C;BYY3O;cable;CORP;C;primary;;True;Oblig. Negociables;;;;
BYY3D;BYY3O;MEP;CORP;D;primary;;True;Oblig. Negociables;;;;
BYY3O;BYY3O;ARS;CORP;O;primary;;True;Oblig. Negociables;;;;
BYY3X;BYY3O;ARS;CORP;X;especial;;False;Oblig. Negociables;;;;
BYY3Y;BYY3O;MEP;CORP;Y;especial;;False;Oblig. Negociables;;;;
BYY3Z;BYY3O;cable;CORP;Z;especial;;False;Oblig. Negociables;;;;
BZSBC;BZSBO;cable;CORP;C;primary;;True;Oblig. Negociables;;;;
BZSBO;BZSBO;ARS;CORP;O;primary;;True;Oblig. Negociables;;;;
C11LC;C11LO;cable;CORP;C;primary;;True;Oblig. Negociables;;;;
C11LD;C11LO;MEP;CORP;D;primary;;True;Oblig. Negociables;;;;
C138C;C138O;cable;CORP;C;primary;;True;Oblig. Negociables;USP3063DAD41;Obligaciones Negociables;BOND;COMPAÑIA GENERAL DE COMBUSTIBLES S.A.
C138D;C138O;MEP;CORP;D;primary;;True;Oblig. Negociables;USP3063DAD41;Obligaciones Negociables;BOND;COMPAÑIA GENERAL DE COMBUSTIBLES S.A.
C138O;C138O;ARS;CORP;O;primary;;True;Oblig. Negociables;USP3063DAD41;Obligaciones Negociables;BOND;COMPAÑIA GENERAL DE COMBUSTIBLES S.A.
C138X;C138O;ARS;CORP;X;especial;;False;Oblig. Negociables;USP3063DAD41;Obligaciones Negociables;BOND;COMPAÑIA GENERAL DE COMBUSTIBLES S.A.
C138Y;C138O;MEP;CORP;Y;especial;;False;Oblig. Negociables;USP3063DAD41;Obligaciones Negociables;BOND;COMPAÑIA GENERAL DE COMBUSTIBLES S.A.
C138Z;C138O;cable;CORP;Z;especial;;False;Oblig. Negociables;USP3063DAD41;Obligaciones Negociables;BOND;COMPAÑIA GENERAL DE COMBUSTIBLES S.A.
CA2AC;CA2AO;cable;CORP;C;primary;;True;Oblig. Negociables;;;;
CA2AD;CA2AO;MEP;CORP;D;primary;;True;Oblig. Negociables;;;;
CA2AP;CA2AO;ARS;CORP;P;otro;;False;Oblig. Negociables;;;;
CAC4D;CAC4O;MEP;CORP;D;primary;;True;Oblig. Negociables;ARCAPX560048;Obligaciones Negociables;BOND;CAPEX S.A.
CAC4O;CAC4O;ARS;CORP;O;primary;;True;Oblig. Negociables;ARCAPX560048;Obligaciones Negociables;BOND;CAPEX S.A.
CAC4X;CAC4O;ARS;CORP;X;especial;;False;Oblig. Negociables;ARCAPX560048;Obligaciones Negociables;BOND;CAPEX S.A.
CAC4Y;CAC4O;MEP;CORP;Y;especial;;False;Oblig. Negociables;ARCAPX560048;Obligaciones Negociables;BOND;CAPEX S.A.
CAC4Z;CAC4O;cable;CORP;Z;especial;;False;Oblig. Negociables;ARCAPX560048;Obligaciones Negociables;BOND;CAPEX S.A.
CAC5C;CAC5O;cable;CORP;C;primary;;True;Oblig. Negociables;USP20058AE63;Obligaciones Negociables;BOND;CAPEX S.A.
CAC5D;CAC5O;MEP;CORP;D;primary;;True;Oblig. Negociables;USP20058AE63;Obligaciones Negociables;BOND;CAPEX S.A.
CAC5O;CAC5O;ARS;CORP;O;primary;;True;Oblig. Negociables;USP20058AE63;Obligaciones Negociables;BOND;CAPEX S.A.
CAC5X;CAC5O;ARS;CORP;X;especial;;False;Oblig. Negociables;USP20058AE63;Obligaciones Negociables;BOND;CAPEX S.A.
CAC5Y;CAC5O;MEP;CORP;Y;especial;;False;Oblig. Negociables;USP20058AE63;Obligaciones Negociables;BOND;CAPEX S.A.
CAC6C;CAC6O;cable;CORP;C;primary;;True;Oblig. Negociables;ARCAPX560071;Obligaciones Negociables;BOND;CAPEX S.A.
CAC6D;CAC6O;MEP;CORP;D;primary;;True;Oblig. Negociables;ARCAPX560071;Obligaciones Negociables;BOND;CAPEX S.A.
CAC6O;CAC6O;ARS;CORP;O;primary;;True;Oblig. Negociables;ARCAPX560071;Obligaciones Negociables;BOND;CAPEX S.A.
CAC6X;CAC6O;ARS;CORP;X;especial;;False;Oblig. Negociables;ARCAPX560071;Obligaciones Negociables;BOND;CAPEX S.A.
CAC6Y;CAC6O;MEP;CORP;Y;especial;;False;Oblig. Negociables;ARCAPX560071;Obligaciones Negociables;BOND;CAPEX S.A.
CAC6Z;CAC6O;cable;CORP;Z;especial;;False;Oblig. Negociables;ARCAPX560071;Obligaciones Negociables;BOND;CAPEX S.A.
CAC7O;CAC7O;ARS;CORP;O;primary;;True;Oblig. Negociables;ARCAPX560089;Obligaciones Negociables;BOND;CAPEX S.A.
CAC7X;CAC7O;ARS;CORP;X;especial;;False;Oblig. Negociables;ARCAPX560089;Obligaciones Negociables;BOND;CAPEX S.A.
CAC7Y;CAC7O;MEP;CORP;Y;especial;;False;Oblig. Negociables;ARCAPX560089;Obligaciones Negociables;BOND;CAPEX S.A.
CAC7Z;CAC7O;cable;CORP;Z;especial;;False;Oblig. Negociables;ARCAPX560089;Obligaciones Negociables;BOND;CAPEX S.A.
CACAC;CACAO;cable;CORP;C;primary;;True;Oblig. Negociables;AR0669378199;Obligaciones Negociables;BOND;CAPEX S.A.
CACAD;CACAO;MEP;CORP;D;primary;;True;Oblig. Negociables;AR0669378199;Obligaciones Negociables;BOND;CAPEX S.A.
CACAO;CACAO;ARS;CORP;O;primary;;True;Oblig. Negociables;AR0669378199;Obligaciones Negociables;BOND;CAPEX S.A.
CACAX;CACAO;ARS;CORP;X;especial;;False;Oblig. Negociables;AR0669378199;Obligaciones Negociables;BOND;CAPEX S.A.
CACBC;CACBO;cable;CORP;C;primary;;True;Oblig. Negociables;AR0561391449;Obligaciones Negociables;BOND;CAPEX S.A.
CACBD;CACBO;MEP;CORP;D;primary;;True;Oblig. Negociables;AR0561391449;Obligaciones Negociables;BOND;CAPEX S.A.
CACBO;CACBO;ARS;CORP;O;primary;;True;Oblig. Negociables;AR0561391449;Obligaciones Negociables;BOND;CAPEX S.A.
CACBX;CACBO;ARS;CORP;X;especial;;False;Oblig. Negociables;AR0561391449;Obligaciones Negociables;BOND;CAPEX S.A.
CACBY;CACBO;MEP;CORP;Y;especial;;False;Oblig. Negociables;AR0561391449;Obligaciones Negociables;BOND;CAPEX S.A.
CACBZ;CACBO;cable;CORP;Z;especial;;False;Oblig. Negociables;AR0561391449;Obligaciones Negociables;BOND;CAPEX S.A.
CACDC;CACDO;cable;CORP;C;primary;;True;Oblig. Negociables;AR0629138345;Obligaciones Negociables;BOND;CAPEX S.A.
CACDD;CACDO;MEP;CORP;D;primary;;True;Oblig. Negociables;AR0629138345;Obligaciones Negociables;BOND;CAPEX S.A.
CACDO;CACDO;ARS;CORP;O;primary;;True;Oblig. Negociables;AR0629138345;Obligaciones Negociables;BOND;CAPEX S.A.
CACDX;CACDO;ARS;CORP;X;especial;;False;Oblig. Negociables;AR0629138345;Obligaciones Negociables;BOND;CAPEX S.A.
CACDY;CACDO;MEP;CORP;Y;especial;;False;Oblig. Negociables;AR0629138345;Obligaciones Negociables;BOND;CAPEX S.A.
CACDZ;CACDO;cable;CORP;Z;especial;;False;Oblig. Negociables;AR0629138345;Obligaciones Negociables;BOND;CAPEX S.A.
CFS8C;CFS8O;cable;CORP;C;primary;;True;Oblig. Negociables;;;;
CFS8D;CFS8O;MEP;CORP;D;primary;;True;Oblig. Negociables;;;;
CFS8O;CFS8O;ARS;CORP;O;primary;;True;Oblig. Negociables;;;;
CFS9C;CFS9O;cable;CORP;C;primary;;True;Oblig. Negociables;AR0960369202;Obligaciones Negociables;BOND;CFN S.R.L.
CFS9D;CFS9O;MEP;CORP;D;primary;;True;Oblig. Negociables;AR0960369202;Obligaciones Negociables;BOND;CFN S.R.L.
CFS9O;CFS9O;ARS;CORP;O;primary;;True;Oblig. Negociables;AR0960369202;Obligaciones Negociables;BOND;CFN S.R.L.
CIC7C;CIC7O;cable;CORP;C;primary;;True;Oblig. Negociables;AR0687434818;Obligaciones Negociables;BOND;CNH Industrial Capital Argentina S.A.
CIC7D;CIC7O;MEP;CORP;D;primary;;True;Oblig. Negociables;AR0687434818;Obligaciones Negociables;BOND;CNH Industrial Capital Argentina S.A.
CIC7O;CIC7O;ARS;CORP;O;primary;;True;Oblig. Negociables;AR0687434818;Obligaciones Negociables;BOND;CNH Industrial Capital Argentina S.A.
CIC7X;CIC7O;ARS;CORP;X;especial;;False;Oblig. Negociables;AR0687434818;Obligaciones Negociables;BOND;CNH Industrial Capital Argentina S.A.
CIC7Y;CIC7O;MEP;CORP;Y;especial;;False;Oblig. Negociables;AR0687434818;Obligaciones Negociables;BOND;CNH Industrial Capital Argentina S.A.
CIC7Z;CIC7O;cable;CORP;Z;especial;;False;Oblig. Negociables;AR0687434818;Obligaciones Negociables;BOND;CNH Industrial Capital Argentina S.A.
CIC8C;CIC8O;cable;CORP;C;primary;;True;Oblig. Negociables;AR0624205800;Obligaciones Negociables;BOND;CNH Industrial Capital Argentina S.A.
CIC8D;CIC8O;MEP;CORP;D;primary;;True;Oblig. Negociables;AR0624205800;Obligaciones Negociables;BOND;CNH Industrial Capital Argentina S.A.
CIC8O;CIC8O;ARS;CORP;O;primary;;True;Oblig. Negociables;AR0624205800;Obligaciones Negociables;BOND;CNH Industrial Capital Argentina S.A.
CIC8X;CIC8O;ARS;CORP;X;especial;;False;Oblig. Negociables;AR0624205800;Obligaciones Negociables;BOND;CNH Industrial Capital Argentina S.A.
CIC8Y;CIC8O;MEP;CORP;Y;especial;;False;Oblig. Negociables;AR0624205800;Obligaciones Negociables;BOND;CNH Industrial Capital Argentina S.A.
CIC8Z;CIC8O;cable;CORP;Z;especial;;False;Oblig. Negociables;AR0624205800;Obligaciones Negociables;BOND;CNH Industrial Capital Argentina S.A.
CIC9C;CIC9O;cable;CORP;C;primary;;True;Oblig. Negociables;AR0073116151;Obligaciones Negociables;BOND;CNH Industrial Capital Argentina S.A.
CIC9D;CIC9O;MEP;CORP;D;primary;;True;Oblig. Negociables;AR0073116151;Obligaciones Negociables;BOND;CNH Industrial Capital Argentina S.A.
CIC9O;CIC9O;ARS;CORP;O;primary;;True;Oblig. Negociables;AR0073116151;Obligaciones Negociables;BOND;CNH Industrial Capital Argentina S.A.
CIC9X;CIC9O;ARS;CORP;X;especial;;False;Oblig. Negociables;AR0073116151;Obligaciones Negociables;BOND;CNH Industrial Capital Argentina S.A.
CIC9Y;CIC9O;MEP;CORP;Y;especial;;False;Oblig. Negociables;AR0073116151;Obligaciones Negociables;BOND;CNH Industrial Capital Argentina S.A.
CIC9Z;CIC9O;cable;CORP;Z;especial;;False;Oblig. Negociables;AR0073116151;Obligaciones Negociables;BOND;CNH Industrial Capital Argentina S.A.
CICAC;CICAO;cable;CORP;C;primary;;True;Oblig. Negociables;AR0027069092;Obligaciones Negociables;BOND;CNH Industrial Capital Argentina S.A.
CICAD;CICAO;MEP;CORP;D;primary;;True;Oblig. Negociables;AR0027069092;Obligaciones Negociables;BOND;CNH Industrial Capital Argentina S.A.
CICAO;CICAO;ARS;CORP;O;primary;;True;Oblig. Negociables;AR0027069092;Obligaciones Negociables;BOND;CNH Industrial Capital Argentina S.A.
CICAX;CICAO;ARS;CORP;X;especial;;False;Oblig. Negociables;AR0027069092;Obligaciones Negociables;BOND;CNH Industrial Capital Argentina S.A.
CICAY;CICAO;MEP;CORP;Y;especial;;False;Oblig. Negociables;AR0027069092;Obligaciones Negociables;BOND;CNH Industrial Capital Argentina S.A.
CICAZ;CICAO;cable;CORP;Z;especial;;False;Oblig. Negociables;AR0027069092;Obligaciones Negociables;BOND;CNH Industrial Capital Argentina S.A.
CICBC;CICBO;cable;CORP;C;primary;;True;Oblig. Negociables;AR0416016134;Obligaciones Negociables;BOND;CNH Industrial Capital Argentina S.A.
CICBD;CICBO;MEP;CORP;D;primary;;True;Oblig. Negociables;AR0416016134;Obligaciones Negociables;BOND;CNH Industrial Capital Argentina S.A.
CICBO;CICBO;ARS;CORP;O;primary;;True;Oblig. Negociables;AR0416016134;Obligaciones Negociables;BOND;CNH Industrial Capital Argentina S.A.
CICBX;CICBO;ARS;CORP;X;especial;;False;Oblig. Negociables;AR0416016134;Obligaciones Negociables;BOND;CNH Industrial Capital Argentina S.A.
CICBY;CICBO;MEP;CORP;Y;especial;;False;Oblig. Negociables;AR0416016134;Obligaciones Negociables;BOND;CNH Industrial Capital Argentina S.A.
CICBZ;CICBO;cable;CORP;Z;especial;;False;Oblig. Negociables;AR0416016134;Obligaciones Negociables;BOND;CNH Industrial Capital Argentina S.A.
CLI1C;CLI1O;cable;CORP;C;primary;;True;Oblig. Negociables;USP3063XAK48;Obligaciones Negociables;BOND;CLISA COMPAÑIA LATINOAMERICANA DE INFRAESTRUCTURA & SERVICIOS S.A.
CLI1D;CLI1O;MEP;CORP;D;primary;;True;Oblig. Negociables;USP3063XAK48;Obligaciones Negociables;BOND;CLISA COMPAÑIA LATINOAMERICANA DE INFRAESTRUCTURA & SERVICIOS S.A.
CLI1O;CLI1O;ARS;CORP;O;primary;;True;Oblig. Negociables;USP3063XAK48;Obligaciones Negociables;BOND;CLISA COMPAÑIA LATINOAMERICANA DE INFRAESTRUCTURA & SERVICIOS S.A.
CLSIC;CLSIO;cable;CORP;C;primary;;True;Oblig. Negociables;USP3063XAJ74;Obligaciones Negociables;BOND;CLISA COMPAÑIA LATINOAMERICANA DE INFRAESTRUCTURA & SERVICIOS S.A.
CLSID;CLSIO;MEP;CORP;D;primary;;True;Oblig. Negociables;USP3063XAJ74;Obligaciones Negociables;BOND;CLISA COMPAÑIA LATINOAMERICANA DE INFRAESTRUCTURA & SERVICIOS S.A.
CLSIO;CLSIO;ARS;CORP;O;primary;;True;Oblig. Negociables;USP3063XAJ74;Obligaciones Negociables;BOND;CLISA COMPAÑIA LATINOAMERICANA DE INFRAESTRUCTURA & SERVICIOS S.A.
CLSIX;CLSIO;ARS;CORP;X;especial;;False;Oblig. Negociables;USP3063XAJ74;Obligaciones Negociables;BOND;CLISA COMPAÑIA LATINOAMERICANA DE INFRAESTRUCTURA & SERVICIOS S.A.
CLSIY;CLSIO;MEP;CORP;Y;especial;;False;Oblig. Negociables;USP3063XAJ74;Obligaciones Negociables;BOND;CLISA COMPAÑIA LATINOAMERICANA DE INFRAESTRUCTURA & SERVICIOS S.A.
CLSIZ;CLSIO;cable;CORP;Z;especial;;False;Oblig. Negociables;USP3063XAJ74;Obligaciones Negociables;BOND;CLISA COMPAÑIA LATINOAMERICANA DE INFRAESTRUCTURA & SERVICIOS S.A.
CMS1C;CMS1O;cable;CORP;C;primary;;True;Oblig. Negociables;;;;
CMS1D;CMS1O;MEP;CORP;D;primary;;True;Oblig. Negociables;;;;
CMS1P;CMS1O;ARS;CORP;P;otro;;False;Oblig. Negociables;;;;
CNQ1C;CNQ1O;cable;CORP;C;primary;;True;Oblig. Negociables;ARCFAR5600M3;Obligaciones Negociables;BOND;COMPAÑIA FINANCIERA ARGENTINA S.A.
CNQ1O;CNQ1O;ARS;CORP;O;primary;;True;Oblig. Negociables;ARCFAR5600M3;Obligaciones Negociables;BOND;COMPAÑIA FINANCIERA ARGENTINA S.A.
CNQ1X;CNQ1O;ARS;CORP;X;especial;;False;Oblig. Negociables;ARCFAR5600M3;Obligaciones Negociables;BOND;COMPAÑIA FINANCIERA ARGENTINA S.A.
CNQ1Y;CNQ1O;MEP;CORP;Y;especial;;False;Oblig. Negociables;ARCFAR5600M3;Obligaciones Negociables;BOND;COMPAÑIA FINANCIERA ARGENTINA S.A.
CNQ1Z;CNQ1O;cable;CORP;Z;especial;;False;Oblig. Negociables;ARCFAR5600M3;Obligaciones Negociables;BOND;COMPAÑIA FINANCIERA ARGENTINA S.A.
CNQ2X;CNQ2O;ARS;CORP;X;especial;;False;Oblig. Negociables;;;;
CNQ2Y;CNQ2O;MEP;CORP;Y;especial;;False;Oblig. Negociables;;;;
CNQ2Z;CNQ2O;cable;CORP;Z;especial;;False;Oblig. Negociables;;;;
COC1C;COC1O;cable;CORP;C;primary;;True;Oblig. Negociables;AR0047754202;Obligaciones Negociables;BOND;BANCO DE LA PROVINCIA DE CORDOBA S.A.
COC1D;COC1O;MEP;CORP;D;primary;;True;Oblig. Negociables;AR0047754202;Obligaciones Negociables;BOND;BANCO DE LA PROVINCIA DE CORDOBA S.A.
COC1O;COC1O;ARS;CORP;O;primary;;True;Oblig. Negociables;AR0047754202;Obligaciones Negociables;BOND;BANCO DE LA PROVINCIA DE CORDOBA S.A.
COC1X;COC1O;ARS;CORP;X;especial;;False;Oblig. Negociables;AR0047754202;Obligaciones Negociables;BOND;BANCO DE LA PROVINCIA DE CORDOBA S.A.
COC1Y;COC1O;MEP;CORP;Y;especial;;False;Oblig. Negociables;AR0047754202;Obligaciones Negociables;BOND;BANCO DE LA PROVINCIA DE CORDOBA S.A.
COC1Z;COC1O;cable;CORP;Z;especial;;False;Oblig. Negociables;AR0047754202;Obligaciones Negociables;BOND;BANCO DE LA PROVINCIA DE CORDOBA S.A.
COC2C;COC2O;cable;CORP;C;primary;;True;Oblig. Negociables;AR0470733053;Obligaciones Negociables;BOND;BANCO DE LA PROVINCIA DE CORDOBA S.A.
COC2D;COC2O;MEP;CORP;D;primary;;True;Oblig. Negociables;AR0470733053;Obligaciones Negociables;BOND;BANCO DE LA PROVINCIA DE CORDOBA S.A.
COC2O;COC2O;ARS;CORP;O;primary;;True;Oblig. Negociables;AR0470733053;Obligaciones Negociables;BOND;BANCO DE LA PROVINCIA DE CORDOBA S.A.
CP23O;CP23O;ARS;CORP;O;primary;;True;Oblig. Negociables;;;;
CP23X;CP23O;ARS;CORP;X;especial;;False;Oblig. Negociables;;;;
CP23Y;CP23O;MEP;CORP;Y;especial;;False;Oblig. Negociables;;;;
CP23Z;CP23O;cable;CORP;Z;especial;;False;Oblig. Negociables;;;;
CP27X;CP27O;ARS;CORP;X;especial;;False;Oblig. Negociables;ARCGCO5600S1;Obligaciones Negociables;BOND;COMPAÑIA GENERAL DE COMBUSTIBLES S.A.
CP27Y;CP27O;MEP;CORP;Y;especial;;False;Oblig. Negociables;ARCGCO5600S1;Obligaciones Negociables;BOND;COMPAÑIA GENERAL DE COMBUSTIBLES S.A.
CP27Z;CP27O;cable;CORP;Z;especial;;False;Oblig. Negociables;ARCGCO5600S1;Obligaciones Negociables;BOND;COMPAÑIA GENERAL DE COMBUSTIBLES S.A.
CP28C;CP28O;cable;CORP;C;primary;;True;Oblig. Negociables;ARCGCO5600T9;Obligaciones Negociables;BOND;COMPAÑIA GENERAL DE COMBUSTIBLES S.A.
CP28D;CP28O;MEP;CORP;D;primary;;True;Oblig. Negociables;ARCGCO5600T9;Obligaciones Negociables;BOND;COMPAÑIA GENERAL DE COMBUSTIBLES S.A.
CP28O;CP28O;ARS;CORP;O;primary;;True;Oblig. Negociables;ARCGCO5600T9;Obligaciones Negociables;BOND;COMPAÑIA GENERAL DE COMBUSTIBLES S.A.
CP28X;CP28O;ARS;CORP;X;especial;;False;Oblig. Negociables;ARCGCO5600T9;Obligaciones Negociables;BOND;COMPAÑIA GENERAL DE COMBUSTIBLES S.A.
CP28Y;CP28O;MEP;CORP;Y;especial;;False;Oblig. Negociables;ARCGCO5600T9;Obligaciones Negociables;BOND;COMPAÑIA GENERAL DE COMBUSTIBLES S.A.
CP28Z;CP28O;cable;CORP;Z;especial;;False;Oblig. Negociables;ARCGCO5600T9;Obligaciones Negociables;BOND;COMPAÑIA GENERAL DE COMBUSTIBLES S.A.
CP31C;CP31O;cable;CORP;C;primary;;True;Oblig. Negociables;ARCGCO5600W3;Obligaciones Negociables;BOND;COMPAÑIA GENERAL DE COMBUSTIBLES S.A.
CP31D;CP31O;MEP;CORP;D;primary;;True;Oblig. Negociables;ARCGCO5600W3;Obligaciones Negociables;BOND;COMPAÑIA GENERAL DE COMBUSTIBLES S.A.
CP36D;CP36O;MEP;CORP;D;primary;;True;Oblig. Negociables;AR0015464982;Obligaciones Negociables;BOND;COMPAÑIA GENERAL DE COMBUSTIBLES S.A.
CP36O;CP36O;ARS;CORP;O;primary;;True;Oblig. Negociables;AR0015464982;Obligaciones Negociables;BOND;COMPAÑIA GENERAL DE COMBUSTIBLES S.A.
CP36X;CP36O;ARS;CORP;X;especial;;False;Oblig. Negociables;AR0015464982;Obligaciones Negociables;BOND;COMPAÑIA GENERAL DE COMBUSTIBLES S.A.
CP36Y;CP36O;MEP;CORP;Y;especial;;False;Oblig. Negociables;AR0015464982;Obligaciones Negociables;BOND;COMPAÑIA GENERAL DE COMBUSTIBLES S.A.
CP36Z;CP36O;cable;CORP;Z;especial;;False;Oblig. Negociables;AR0015464982;Obligaciones Negociables;BOND;COMPAÑIA GENERAL DE COMBUSTIBLES S.A.
CP37C;CP37O;cable;CORP;C;primary;;True;Oblig. Negociables;AR0172788611;Obligaciones Negociables;BOND;COMPAÑIA GENERAL DE COMBUSTIBLES S.A.
CP37D;CP37O;MEP;CORP;D;primary;;True;Oblig. Negociables;AR0172788611;Obligaciones Negociables;BOND;COMPAÑIA GENERAL DE COMBUSTIBLES S.A.
CP37O;CP37O;ARS;CORP;O;primary;;True;Oblig. Negociables;AR0172788611;Obligaciones Negociables;BOND;COMPAÑIA GENERAL DE COMBUSTIBLES S.A.
CP37Z;CP37O;cable;CORP;Z;especial;;False;Oblig. Negociables;AR0172788611;Obligaciones Negociables;BOND;COMPAÑIA GENERAL DE COMBUSTIBLES S.A.
CP38C;CP38O;cable;CORP;C;primary;;True;Oblig. Negociables;USP3063DAC67;Obligaciones Negociables;BOND;COMPAÑIA GENERAL DE COMBUSTIBLES S.A.
CP38D;CP38O;MEP;CORP;D;primary;;True;Oblig. Negociables;USP3063DAC67;Obligaciones Negociables;BOND;COMPAÑIA GENERAL DE COMBUSTIBLES S.A.
CP38O;CP38O;ARS;CORP;O;primary;;True;Oblig. Negociables;USP3063DAC67;Obligaciones Negociables;BOND;COMPAÑIA GENERAL DE COMBUSTIBLES S.A.
CP38X;CP38O;ARS;CORP;X;especial;;False;Oblig. Negociables;USP3063DAC67;Obligaciones Negociables;BOND;COMPAÑIA GENERAL DE COMBUSTIBLES S.A.
CP38Y;CP38O;MEP;CORP;Y;especial;;False;Oblig. Negociables;USP3063DAC67;Obligaciones Negociables;BOND;COMPAÑIA GENERAL DE COMBUSTIBLES S.A.
CP38Z;CP38O;cable;CORP;Z;especial;;False;Oblig. Negociables;USP3063DAC67;Obligaciones Negociables;BOND;COMPAÑIA GENERAL DE COMBUSTIBLES S.A.
CP39C;CP39O;cable;CORP;C;primary;;True;Oblig. Negociables;AR0100497988;Obligaciones Negociables;BOND;COMPAÑIA GENERAL DE COMBUSTIBLES S.A.
CP39D;CP39O;MEP;CORP;D;primary;;True;Oblig. Negociables;AR0100497988;Obligaciones Negociables;BOND;COMPAÑIA GENERAL DE COMBUSTIBLES S.A.
CP39O;CP39O;ARS;CORP;O;primary;;True;Oblig. Negociables;AR0100497988;Obligaciones Negociables;BOND;COMPAÑIA GENERAL DE COMBUSTIBLES S.A.
CP39X;CP39O;ARS;CORP;X;especial;;False;Oblig. Negociables;AR0100497988;Obligaciones Negociables;BOND;COMPAÑIA GENERAL DE COMBUSTIBLES S.A.
CP39Y;CP39O;MEP;CORP;Y;especial;;False;Oblig. Negociables;AR0100497988;Obligaciones Negociables;BOND;COMPAÑIA GENERAL DE COMBUSTIBLES S.A.
CP39Z;CP39O;cable;CORP;Z;especial;;False;Oblig. Negociables;AR0100497988;Obligaciones Negociables;BOND;COMPAÑIA GENERAL DE COMBUSTIBLES S.A.
CP40C;CP40O;cable;CORP;C;primary;;True;Oblig. Negociables;AR0360181769;Obligaciones Negociables;BOND;COMPAÑIA GENERAL DE COMBUSTIBLES S.A.
CP40D;CP40O;MEP;CORP;D;primary;;True;Oblig. Negociables;AR0360181769;Obligaciones Negociables;BOND;COMPAÑIA GENERAL DE COMBUSTIBLES S.A.
CP40O;CP40O;ARS;CORP;O;primary;;True;Oblig. Negociables;AR0360181769;Obligaciones Negociables;BOND;COMPAÑIA GENERAL DE COMBUSTIBLES S.A.
CP40X;CP40O;ARS;CORP;X;especial;;False;Oblig. Negociables;AR0360181769;Obligaciones Negociables;BOND;COMPAÑIA GENERAL DE COMBUSTIBLES S.A.
CP40Y;CP40O;MEP;CORP;Y;especial;;False;Oblig. Negociables;AR0360181769;Obligaciones Negociables;BOND;COMPAÑIA GENERAL DE COMBUSTIBLES S.A.
CP40Z;CP40O;cable;CORP;Z;especial;;False;Oblig. Negociables;AR0360181769;Obligaciones Negociables;BOND;COMPAÑIA GENERAL DE COMBUSTIBLES S.A.
CRCJO;CRCJO;ARS;CORP;O;primary;;True;Oblig. Negociables;AR0904133144;Obligaciones Negociables;BOND;CELULOSA ARGENTINA S.A.
CRS1C;CRS1O;cable;CORP;C;primary;;True;Oblig. Negociables;;;;
CRS1D;CRS1O;MEP;CORP;D;primary;;True;Oblig. Negociables;;;;
CRS1P;CRS1O;ARS;CORP;P;otro;;False;Oblig. Negociables;;;;
CS40C;CS40O;cable;CORP;C;primary;;True;Oblig. Negociables;ARCRES5600X5;Obligaciones Negociables;BOND;CRESUD S.A.
CS40D;CS40O;MEP;CORP;D;primary;;True;Oblig. Negociables;ARCRES5600X5;Obligaciones Negociables;BOND;CRESUD S.A.
CS40O;CS40O;ARS;CORP;O;primary;;True;Oblig. Negociables;ARCRES5600X5;Obligaciones Negociables;BOND;CRESUD S.A.
CS40X;CS40O;ARS;CORP;X;especial;;False;Oblig. Negociables;ARCRES5600X5;Obligaciones Negociables;BOND;CRESUD S.A.
CS40Y;CS40O;MEP;CORP;Y;especial;;False;Oblig. Negociables;ARCRES5600X5;Obligaciones Negociables;BOND;CRESUD S.A.
CS40Z;CS40O;cable;CORP;Z;especial;;False;Oblig. Negociables;ARCRES5600X5;Obligaciones Negociables;BOND;CRESUD S.A.
CS44C;CS44O;cable;CORP;C;primary;;True;Oblig. Negociables;AR0941280056;Obligaciones Negociables;BOND;CRESUD S.A.
CS44D;CS44O;MEP;CORP;D;primary;;True;Oblig. Negociables;AR0941280056;Obligaciones Negociables;BOND;CRESUD S.A.
CS44O;CS44O;ARS;CORP;O;primary;;True;Oblig. Negociables;AR0941280056;Obligaciones Negociables;BOND;CRESUD S.A.
CS44X;CS44O;ARS;CORP;X;especial;;False;Oblig. Negociables;AR0941280056;Obligaciones Negociables;BOND;CRESUD S.A.
CS44Y;CS44O;MEP;CORP;Y;especial;;False;Oblig. Negociables;AR0941280056;Obligaciones Negociables;BOND;CRESUD S.A.
CS44Z;CS44O;cable;CORP;Z;especial;;False;Oblig. Negociables;AR0941280056;Obligaciones Negociables;BOND;CRESUD S.A.
CS45C;CS45O;cable;CORP;C;primary;;True;Oblig. Negociables;AR0529152206;Obligaciones Negociables;BOND;CRESUD S.A.
CS45D;CS45O;MEP;CORP;D;primary;;True;Oblig. Negociables;AR0529152206;Obligaciones Negociables;BOND;CRESUD S.A.
CS45O;CS45O;ARS;CORP;O;primary;;True;Oblig. Negociables;AR0529152206;Obligaciones Negociables;BOND;CRESUD S.A.
CS45X;CS45O;ARS;CORP;X;especial;;False;Oblig. Negociables;AR0529152206;Obligaciones Negociables;BOND;CRESUD S.A.
CS45Y;CS45O;MEP;CORP;Y;especial;;False;Oblig. Negociables;AR0529152206;Obligaciones Negociables;BOND;CRESUD S.A.
CS45Z;CS45O;cable;CORP;Z;especial;;False;Oblig. Negociables;AR0529152206;Obligaciones Negociables;BOND;CRESUD S.A.
CS46C;CS46O;cable;CORP;C;primary;;True;Oblig. Negociables;AR0792642578;Obligaciones Negociables;BOND;CRESUD S.A.
CS46D;CS46O;MEP;CORP;D;primary;;True;Oblig. Negociables;AR0792642578;Obligaciones Negociables;BOND;CRESUD S.A.
CS46O;CS46O;ARS;CORP;O;primary;;True;Oblig. Negociables;AR0792642578;Obligaciones Negociables;BOND;CRESUD S.A.
CS46X;CS46O;ARS;CORP;X;especial;;False;Oblig. Negociables;AR0792642578;Obligaciones Negociables;BOND;CRESUD S.A.
CS46Y;CS46O;MEP;CORP;Y;especial;;False;Oblig. Negociables;AR0792642578;Obligaciones Negociables;BOND;CRESUD S.A.
CS46Z;CS46O;cable;CORP;Z;especial;;False;Oblig. Negociables;AR0792642578;Obligaciones Negociables;BOND;CRESUD S.A.
CS47C;CS47O;cable;CORP;C;primary;;True;Oblig. Negociables;AR0892513117;Obligaciones Negociables;BOND;CRESUD S.A.
CS47D;CS47O;MEP;CORP;D;primary;;True;Oblig. Negociables;AR0892513117;Obligaciones Negociables;BOND;CRESUD S.A.
CS47O;CS47O;ARS;CORP;O;primary;;True;Oblig. Negociables;AR0892513117;Obligaciones Negociables;BOND;CRESUD S.A.
CS47X;CS47O;ARS;CORP;X;especial;;False;Oblig. Negociables;AR0892513117;Obligaciones Negociables;BOND;CRESUD S.A.
CS47Y;CS47O;MEP;CORP;Y;especial;;False;Oblig. Negociables;AR0892513117;Obligaciones Negociables;BOND;CRESUD S.A.
CS47Z;CS47O;cable;CORP;Z;especial;;False;Oblig. Negociables;AR0892513117;Obligaciones Negociables;BOND;CRESUD S.A.
CS48C;CS48O;cable;CORP;C;primary;;True;Oblig. Negociables;AR0587739282;Obligaciones Negociables;BOND;CRESUD S.A.
CS48D;CS48O;MEP;CORP;D;primary;;True;Oblig. Negociables;AR0587739282;Obligaciones Negociables;BOND;CRESUD S.A.
CS48O;CS48O;ARS;CORP;O;primary;;True;Oblig. Negociables;AR0587739282;Obligaciones Negociables;BOND;CRESUD S.A.
CS48X;CS48O;ARS;CORP;X;especial;;False;Oblig. Negociables;AR0587739282;Obligaciones Negociables;BOND;CRESUD S.A.
CS48Y;CS48O;MEP;CORP;Y;especial;;False;Oblig. Negociables;AR0587739282;Obligaciones Negociables;BOND;CRESUD S.A.
CS48Z;CS48O;cable;CORP;Z;especial;;False;Oblig. Negociables;AR0587739282;Obligaciones Negociables;BOND;CRESUD S.A.
CS49C;CS49O;cable;CORP;C;primary;;True;Oblig. Negociables;AR0682514259;Obligaciones Negociables;BOND;CRESUD S.A.
CS49D;CS49O;MEP;CORP;D;primary;;True;Oblig. Negociables;AR0682514259;Obligaciones Negociables;BOND;CRESUD S.A.
CS49O;CS49O;ARS;CORP;O;primary;;True;Oblig. Negociables;AR0682514259;Obligaciones Negociables;BOND;CRESUD S.A.
CS49X;CS49O;ARS;CORP;X;especial;;False;Oblig. Negociables;AR0682514259;Obligaciones Negociables;BOND;CRESUD S.A.
CS49Y;CS49O;MEP;CORP;Y;especial;;False;Oblig. Negociables;AR0682514259;Obligaciones Negociables;BOND;CRESUD S.A.
CS49Z;CS49O;cable;CORP;Z;especial;;False;Oblig. Negociables;AR0682514259;Obligaciones Negociables;BOND;CRESUD S.A.
CS50C;CS50O;cable;CORP;C;primary;;True;Oblig. Negociables;AR0394353335;Obligaciones Negociables;BOND;CRESUD S.A.
CS50D;CS50O;MEP;CORP;D;primary;;True;Oblig. Negociables;AR0394353335;Obligaciones Negociables;BOND;CRESUD S.A.
CS50O;CS50O;ARS;CORP;O;primary;;True;Oblig. Negociables;AR0394353335;Obligaciones Negociables;BOND;CRESUD S.A.
CS50X;CS50O;ARS;CORP;X;especial;;False;Oblig. Negociables;AR0394353335;Obligaciones Negociables;BOND;CRESUD S.A.
CS50Y;CS50O;MEP;CORP;Y;especial;;False;Oblig. Negociables;AR0394353335;Obligaciones Negociables;BOND;CRESUD S.A.
CS50Z;CS50O;cable;CORP;Z;especial;;False;Oblig. Negociables;AR0394353335;Obligaciones Negociables;BOND;CRESUD S.A.
CS51C;CS51O;cable;CORP;C;primary;;True;Oblig. Negociables;AR0452589218;Obligaciones Negociables;BOND;CRESUD S.A.
CS51D;CS51O;MEP;CORP;D;primary;;True;Oblig. Negociables;AR0452589218;Obligaciones Negociables;BOND;CRESUD S.A.
CS51O;CS51O;ARS;CORP;O;primary;;True;Oblig. Negociables;AR0452589218;Obligaciones Negociables;BOND;CRESUD S.A.
CS51X;CS51O;ARS;CORP;X;especial;;False;Oblig. Negociables;AR0452589218;Obligaciones Negociables;BOND;CRESUD S.A.
CS51Y;CS51O;MEP;CORP;Y;especial;;False;Oblig. Negociables;AR0452589218;Obligaciones Negociables;BOND;CRESUD S.A.
CS51Z;CS51O;cable;CORP;Z;especial;;False;Oblig. Negociables;AR0452589218;Obligaciones Negociables;BOND;CRESUD S.A.
CS52C;CS52O;cable;CORP;C;primary;;True;Oblig. Negociables;AR0122431304;Obligaciones Negociables;BOND;CRESUD S.A.
CS52D;CS52O;MEP;CORP;D;primary;;True;Oblig. Negociables;AR0122431304;Obligaciones Negociables;BOND;CRESUD S.A.
CS52O;CS52O;ARS;CORP;O;primary;;True;Oblig. Negociables;AR0122431304;Obligaciones Negociables;BOND;CRESUD S.A.
CS53C;CS53O;cable;CORP;C;primary;;True;Oblig. Negociables;AR0092809794;Obligaciones Negociables;BOND;CRESUD S.A.
CS53D;CS53O;MEP;CORP;D;primary;;True;Oblig. Negociables;AR0092809794;Obligaciones Negociables;BOND;CRESUD S.A.
CS53O;CS53O;ARS;CORP;O;primary;;True;Oblig. Negociables;AR0092809794;Obligaciones Negociables;BOND;CRESUD S.A.
CS53X;CS53O;ARS;CORP;X;especial;;False;Oblig. Negociables;AR0092809794;Obligaciones Negociables;BOND;CRESUD S.A.
CVS3V;CVS3O;ARS;CORP;V;otro;;False;Oblig. Negociables;;;;
CVS4C;CVS4O;cable;CORP;C;primary;;True;Oblig. Negociables;;;;
CVS4D;CVS4O;MEP;CORP;D;primary;;True;Oblig. Negociables;;;;
CVS4V;CVS4O;ARS;CORP;V;otro;;False;Oblig. Negociables;;;;
CWC6C;CWC6O;cable;CORP;C;primary;;True;Oblig. Negociables;AR0134464806;Obligaciones Negociables;BOND;Crown Point Energía S.A.
CWC6D;CWC6O;MEP;CORP;D;primary;;True;Oblig. Negociables;AR0134464806;Obligaciones Negociables;BOND;Crown Point Energía S.A.
CWC6O;CWC6O;ARS;CORP;O;primary;;True;Oblig. Negociables;AR0134464806;Obligaciones Negociables;BOND;Crown Point Energía S.A.
CWC6X;CWC6O;ARS;CORP;X;especial;;False;Oblig. Negociables;AR0134464806;Obligaciones Negociables;BOND;Crown Point Energía S.A.
CWC6Y;CWC6O;MEP;CORP;Y;especial;;False;Oblig. Negociables;AR0134464806;Obligaciones Negociables;BOND;Crown Point Energía S.A.
CWC6Z;CWC6O;cable;CORP;Z;especial;;False;Oblig. Negociables;AR0134464806;Obligaciones Negociables;BOND;Crown Point Energía S.A.
CWC7C;CWC7O;cable;CORP;C;primary;;True;Oblig. Negociables;;;;
CWC7D;CWC7O;MEP;CORP;D;primary;;True;Oblig. Negociables;;;;
CWC7O;CWC7O;ARS;CORP;O;primary;;True;Oblig. Negociables;;;;
CWC7X;CWC7O;ARS;CORP;X;especial;;False;Oblig. Negociables;;;;
CWC7Y;CWC7O;MEP;CORP;Y;especial;;False;Oblig. Negociables;;;;
CWC7Z;CWC7O;cable;CORP;Z;especial;;False;Oblig. Negociables;;;;
CWC9C;CWC9O;cable;CORP;C;primary;;True;Oblig. Negociables;;;;
CWC9D;CWC9O;MEP;CORP;D;primary;;True;Oblig. Negociables;;;;
CWC9O;CWC9O;ARS;CORP;O;primary;;True;Oblig. Negociables;;;;
CWC9X;CWC9O;ARS;CORP;X;especial;;False;Oblig. Negociables;;;;
CWC9Y;CWC9O;MEP;CORP;Y;especial;;False;Oblig. Negociables;;;;
CWC9Z;CWC9O;cable;CORP;Z;especial;;False;Oblig. Negociables;;;;
CXCWC;CXCWO;cable;CORP;C;primary;;True;Oblig. Negociables;AR0327766215;Obligaciones Negociables;BOND;CREDITO DIRECTO S.A.
CXCWD;CXCWO;MEP;CORP;D;primary;;True;Oblig. Negociables;AR0327766215;Obligaciones Negociables;BOND;CREDITO DIRECTO S.A.
CXCWO;CXCWO;ARS;CORP;O;primary;;True;Oblig. Negociables;AR0327766215;Obligaciones Negociables;BOND;CREDITO DIRECTO S.A.
CY2BD;CY2BO;MEP;CORP;D;primary;;True;Oblig. Negociables;;;;
CY2BP;CY2BO;ARS;CORP;P;otro;;False;Oblig. Negociables;;;;
CZ11L;CZ11O;ARS;CORP;L;otro;;False;Oblig. Negociables;;;;
DDS1C;DDS1O;cable;CORP;C;primary;;True;Oblig. Negociables;;;;
DDS1D;DDS1O;MEP;CORP;D;primary;;True;Oblig. Negociables;;;;
DDS1P;DDS1O;ARS;CORP;P;otro;;False;Oblig. Negociables;;;;
DEC2C;DEC2O;cable;CORP;C;primary;;True;Oblig. Negociables;AR0021181018;Obligaciones Negociables;BOND;EMPRESA DISTRIBUIDORA DE ELECTRICIDAD DE SALTA - EDESA S.A.
DEC2D;DEC2O;MEP;CORP;D;primary;;True;Oblig. Negociables;AR0021181018;Obligaciones Negociables;BOND;EMPRESA DISTRIBUIDORA DE ELECTRICIDAD DE SALTA - EDESA S.A.
DEC2O;DEC2O;ARS;CORP;O;primary;;True;Oblig. Negociables;AR0021181018;Obligaciones Negociables;BOND;EMPRESA DISTRIBUIDORA DE ELECTRICIDAD DE SALTA - EDESA S.A.
DEC2X;DEC2O;ARS;CORP;X;especial;;False;Oblig. Negociables;AR0021181018;Obligaciones Negociables;BOND;EMPRESA DISTRIBUIDORA DE ELECTRICIDAD DE SALTA - EDESA S.A.
DEC2Y;DEC2O;MEP;CORP;Y;especial;;False;Oblig. Negociables;AR0021181018;Obligaciones Negociables;BOND;EMPRESA DISTRIBUIDORA DE ELECTRICIDAD DE SALTA - EDESA S.A.
DEC2Z;DEC2O;cable;CORP;Z;especial;;False;Oblig. Negociables;AR0021181018;Obligaciones Negociables;BOND;EMPRESA DISTRIBUIDORA DE ELECTRICIDAD DE SALTA - EDESA S.A.
DF1LC;DF1LO;cable;CORP;C;primary;;True;Oblig. Negociables;;;;
DF1LD;DF1LO;MEP;CORP;D;primary;;True;Oblig. Negociables;;;;
DF33P;DF33O;ARS;CORP;P;otro;;False;Oblig. Negociables;ARDEFA560067;Oblig. Negociables PYMES;BOND;DEL FABRO HNOS. Y CIA. S.A.
DFS1L;DFS1O;ARS;CORP;L;otro;;False;Oblig. Negociables;;;;
DHSGC;DHSGO;cable;CORP;C;primary;;True;Oblig. Negociables;AR0907407859;Obligaciones Negociables;BOND;CREDICUOTAS CONSUMO S.A.
DHSGD;DHSGO;MEP;CORP;D;primary;;True;Oblig. Negociables;AR0907407859;Obligaciones Negociables;BOND;CREDICUOTAS CONSUMO S.A.
DHSGO;DHSGO;ARS;CORP;O;primary;;True;Oblig. Negociables;AR0907407859;Obligaciones Negociables;BOND;CREDICUOTAS CONSUMO S.A.
DHSHC;DHSHO;cable;CORP;C;primary;;True;Oblig. Negociables;;;;
DHSHD;DHSHO;MEP;CORP;D;primary;;True;Oblig. Negociables;;;;
DHSIC;DHSIO;cable;CORP;C;primary;;True;Oblig. Negociables;AR0970095474;Obligaciones Negociables;BOND;CREDICUOTAS CONSUMO S.A.
DHSID;DHSIO;MEP;CORP;D;primary;;True;Oblig. Negociables;AR0970095474;Obligaciones Negociables;BOND;CREDICUOTAS CONSUMO S.A.
DHSIO;DHSIO;ARS;CORP;O;primary;;True;Oblig. Negociables;AR0970095474;Obligaciones Negociables;BOND;CREDICUOTAS CONSUMO S.A.
DHSJC;DHSJO;cable;CORP;C;primary;;True;Oblig. Negociables;AR0200192976;Obligaciones Negociables;BOND;CREDICUOTAS CONSUMO S.A.
DHSJD;DHSJO;MEP;CORP;D;primary;;True;Oblig. Negociables;AR0200192976;Obligaciones Negociables;BOND;CREDICUOTAS CONSUMO S.A.
DHSJO;DHSJO;ARS;CORP;O;primary;;True;Oblig. Negociables;AR0200192976;Obligaciones Negociables;BOND;CREDICUOTAS CONSUMO S.A.
DHSKC;DHSKO;cable;CORP;C;primary;;True;Oblig. Negociables;AR0833103176;Obligaciones Negociables;BOND;CREDICUOTAS CONSUMO S.A.
DHSKD;DHSKO;MEP;CORP;D;primary;;True;Oblig. Negociables;AR0833103176;Obligaciones Negociables;BOND;CREDICUOTAS CONSUMO S.A.
DHSKO;DHSKO;ARS;CORP;O;primary;;True;Oblig. Negociables;AR0833103176;Obligaciones Negociables;BOND;CREDICUOTAS CONSUMO S.A.
DHSLC;DHSLO;cable;CORP;C;primary;;True;Oblig. Negociables;;;;
DHSLD;DHSLO;MEP;CORP;D;primary;;True;Oblig. Negociables;;;;
DHSLO;DHSLO;ARS;CORP;O;primary;;True;Oblig. Negociables;;;;
DHSLX;DHSLO;ARS;CORP;X;especial;;False;Oblig. Negociables;;;;
DHSLY;DHSLO;MEP;CORP;Y;especial;;False;Oblig. Negociables;;;;
DHSLZ;DHSLO;cable;CORP;Z;especial;;False;Oblig. Negociables;;;;
DHSMC;DHSMO;cable;CORP;C;primary;;True;Oblig. Negociables;;;;
DHSMD;DHSMO;MEP;CORP;D;primary;;True;Oblig. Negociables;;;;
DHSMO;DHSMO;ARS;CORP;O;primary;;True;Oblig. Negociables;;;;
DHSMX;DHSMO;ARS;CORP;X;especial;;False;Oblig. Negociables;;;;
DHSMY;DHSMO;MEP;CORP;Y;especial;;False;Oblig. Negociables;;;;
DHSMZ;DHSMO;cable;CORP;Z;especial;;False;Oblig. Negociables;;;;
DI2LC;DI2LO;cable;CORP;C;primary;;True;Oblig. Negociables;;;;
DI2LD;DI2LO;MEP;CORP;D;primary;;True;Oblig. Negociables;;;;
DIC2L;DIC2O;ARS;CORP;L;otro;;False;Oblig. Negociables;;;;
DJ1LC;DJ1LO;cable;CORP;C;primary;;True;Oblig. Negociables;;;;
DJ1LD;DJ1LO;MEP;CORP;D;primary;;True;Oblig. Negociables;;;;
DJS1L;DJS1O;ARS;CORP;L;otro;;False;Oblig. Negociables;;;;
DMC7C;DMC7O;cable;CORP;C;primary;;True;Oblig. Negociables;;;;
DMC7O;DMC7O;ARS;CORP;O;primary;;True;Oblig. Negociables;;;;
DMC7Z;DMC7O;cable;CORP;Z;especial;;False;Oblig. Negociables;;;;
DNC3C;DNC3O;cable;CORP;C;primary;;True;Oblig. Negociables;AR0140482933;Obligaciones Negociables;BOND;EMPRESA DISTRIB. Y COMERCIALZADORA NORTE S.A. (EDENOR S.A.)
DNC3D;DNC3O;MEP;CORP;D;primary;;True;Oblig. Negociables;AR0140482933;Obligaciones Negociables;BOND;EMPRESA DISTRIB. Y COMERCIALZADORA NORTE S.A. (EDENOR S.A.)
DNC3O;DNC3O;ARS;CORP;O;primary;;True;Oblig. Negociables;AR0140482933;Obligaciones Negociables;BOND;EMPRESA DISTRIB. Y COMERCIALZADORA NORTE S.A. (EDENOR S.A.)
DNC3X;DNC3O;ARS;CORP;X;especial;;False;Oblig. Negociables;AR0140482933;Obligaciones Negociables;BOND;EMPRESA DISTRIB. Y COMERCIALZADORA NORTE S.A. (EDENOR S.A.)
DNC3Y;DNC3O;MEP;CORP;Y;especial;;False;Oblig. Negociables;AR0140482933;Obligaciones Negociables;BOND;EMPRESA DISTRIB. Y COMERCIALZADORA NORTE S.A. (EDENOR S.A.)
DNC3Z;DNC3O;cable;CORP;Z;especial;;False;Oblig. Negociables;AR0140482933;Obligaciones Negociables;BOND;EMPRESA DISTRIB. Y COMERCIALZADORA NORTE S.A. (EDENOR S.A.)
DNC5C;DNC5O;cable;CORP;C;primary;;True;Oblig. Negociables;AR0674196495;Obligaciones Negociables;BOND;EMPRESA DISTRIB. Y COMERCIALZADORA NORTE S.A. (EDENOR S.A.)
DNC5D;DNC5O;MEP;CORP;D;primary;;True;Oblig. Negociables;AR0674196495;Obligaciones Negociables;BOND;EMPRESA DISTRIB. Y COMERCIALZADORA NORTE S.A. (EDENOR S.A.)
DNC5O;DNC5O;ARS;CORP;O;primary;;True;Oblig. Negociables;AR0674196495;Obligaciones Negociables;BOND;EMPRESA DISTRIB. Y COMERCIALZADORA NORTE S.A. (EDENOR S.A.)
DNC5X;DNC5O;ARS;CORP;X;especial;;False;Oblig. Negociables;AR0674196495;Obligaciones Negociables;BOND;EMPRESA DISTRIB. Y COMERCIALZADORA NORTE S.A. (EDENOR S.A.)
DNC5Y;DNC5O;MEP;CORP;Y;especial;;False;Oblig. Negociables;AR0674196495;Obligaciones Negociables;BOND;EMPRESA DISTRIB. Y COMERCIALZADORA NORTE S.A. (EDENOR S.A.)
DNC5Z;DNC5O;cable;CORP;Z;especial;;False;Oblig. Negociables;AR0674196495;Obligaciones Negociables;BOND;EMPRESA DISTRIB. Y COMERCIALZADORA NORTE S.A. (EDENOR S.A.)
DNC7C;DNC7O;cable;CORP;C;primary;;True;Oblig. Negociables;USP3710FAU86;Obligaciones Negociables;BOND;EMPRESA DISTRIB. Y COMERCIALZADORA NORTE S.A. (EDENOR S.A.)
DNC7D;DNC7O;MEP;CORP;D;primary;;True;Oblig. Negociables;USP3710FAU86;Obligaciones Negociables;BOND;EMPRESA DISTRIB. Y COMERCIALZADORA NORTE S.A. (EDENOR S.A.)
DNC7O;DNC7O;ARS;CORP;O;primary;;True;Oblig. Negociables;USP3710FAU86;Obligaciones Negociables;BOND;EMPRESA DISTRIB. Y COMERCIALZADORA NORTE S.A. (EDENOR S.A.)
DNC7X;DNC7O;ARS;CORP;X;especial;;False;Oblig. Negociables;USP3710FAU86;Obligaciones Negociables;BOND;EMPRESA DISTRIB. Y COMERCIALZADORA NORTE S.A. (EDENOR S.A.)
DNC7Y;DNC7O;MEP;CORP;Y;especial;;False;Oblig. Negociables;USP3710FAU86;Obligaciones Negociables;BOND;EMPRESA DISTRIB. Y COMERCIALZADORA NORTE S.A. (EDENOR S.A.)
DNC7Z;DNC7O;cable;CORP;Z;especial;;False;Oblig. Negociables;USP3710FAU86;Obligaciones Negociables;BOND;EMPRESA DISTRIB. Y COMERCIALZADORA NORTE S.A. (EDENOR S.A.)
DNC9C;DNC9O;cable;CORP;C;primary;;True;Oblig. Negociables;AR0859113117;Obligaciones Negociables;BOND;EMPRESA DISTRIB. Y COMERCIALZADORA NORTE S.A. (EDENOR S.A.)
DNC9D;DNC9O;MEP;CORP;D;primary;;True;Oblig. Negociables;AR0859113117;Obligaciones Negociables;BOND;EMPRESA DISTRIB. Y COMERCIALZADORA NORTE S.A. (EDENOR S.A.)
DNC9O;DNC9O;ARS;CORP;O;primary;;True;Oblig. Negociables;AR0859113117;Obligaciones Negociables;BOND;EMPRESA DISTRIB. Y COMERCIALZADORA NORTE S.A. (EDENOR S.A.)
DNC9X;DNC9O;ARS;CORP;X;especial;;False;Oblig. Negociables;AR0859113117;Obligaciones Negociables;BOND;EMPRESA DISTRIB. Y COMERCIALZADORA NORTE S.A. (EDENOR S.A.)
DNC9Y;DNC9O;MEP;CORP;Y;especial;;False;Oblig. Negociables;AR0859113117;Obligaciones Negociables;BOND;EMPRESA DISTRIB. Y COMERCIALZADORA NORTE S.A. (EDENOR S.A.)
DNC9Z;DNC9O;cable;CORP;Z;especial;;False;Oblig. Negociables;AR0859113117;Obligaciones Negociables;BOND;EMPRESA DISTRIB. Y COMERCIALZADORA NORTE S.A. (EDENOR S.A.)
DNCAC;DNCAO;cable;CORP;C;primary;;True;Oblig. Negociables;USP3710FBA14;Obligaciones Negociables;BOND;EMPRESA DISTRIB. Y COMERCIALZADORA NORTE S.A. (EDENOR S.A.)
DNCAD;DNCAO;MEP;CORP;D;primary;;True;Oblig. Negociables;USP3710FBA14;Obligaciones Negociables;BOND;EMPRESA DISTRIB. Y COMERCIALZADORA NORTE S.A. (EDENOR S.A.)
DNCAO;DNCAO;ARS;CORP;O;primary;;True;Oblig. Negociables;USP3710FBA14;Obligaciones Negociables;BOND;EMPRESA DISTRIB. Y COMERCIALZADORA NORTE S.A. (EDENOR S.A.)
DNCAX;DNCAO;ARS;CORP;X;especial;;False;Oblig. Negociables;USP3710FBA14;Obligaciones Negociables;BOND;EMPRESA DISTRIB. Y COMERCIALZADORA NORTE S.A. (EDENOR S.A.)
DNCAY;DNCAO;MEP;CORP;Y;especial;;False;Oblig. Negociables;USP3710FBA14;Obligaciones Negociables;BOND;EMPRESA DISTRIB. Y COMERCIALZADORA NORTE S.A. (EDENOR S.A.)
DSCBX;DSCBO;ARS;CORP;X;especial;;False;Oblig. Negociables;;;;
DSCBY;DSCBO;MEP;CORP;Y;especial;;False;Oblig. Negociables;;;;
DSCBZ;DSCBO;cable;CORP;Z;especial;;False;Oblig. Negociables;;;;
E72LC;E72LO;cable;CORP;C;primary;;True;Oblig. Negociables;;;;
E72LD;E72LO;MEP;CORP;D;primary;;True;Oblig. Negociables;;;;
EAC1C;EAC1O;cable;CORP;C;primary;;True;Oblig. Negociables;AR0053684038;Obligaciones Negociables;BOND;MSU GREEN ENERGY S.A.
EAC1D;EAC1O;MEP;CORP;D;primary;;True;Oblig. Negociables;AR0053684038;Obligaciones Negociables;BOND;MSU GREEN ENERGY S.A.
EAC1O;EAC1O;ARS;CORP;O;primary;;True;Oblig. Negociables;AR0053684038;Obligaciones Negociables;BOND;MSU GREEN ENERGY S.A.
EAC1X;EAC1O;ARS;CORP;X;especial;;False;Oblig. Negociables;AR0053684038;Obligaciones Negociables;BOND;MSU GREEN ENERGY S.A.
EAC1Y;EAC1O;MEP;CORP;Y;especial;;False;Oblig. Negociables;AR0053684038;Obligaciones Negociables;BOND;MSU GREEN ENERGY S.A.
EAC1Z;EAC1O;cable;CORP;Z;especial;;False;Oblig. Negociables;AR0053684038;Obligaciones Negociables;BOND;MSU GREEN ENERGY S.A.
EAC2C;EAC2O;cable;CORP;C;primary;;True;Oblig. Negociables;AR0047526246;Obligaciones Negociables;BOND;MSU GREEN ENERGY S.A.
EAC2D;EAC2O;MEP;CORP;D;primary;;True;Oblig. Negociables;AR0047526246;Obligaciones Negociables;BOND;MSU GREEN ENERGY S.A.
EAC2O;EAC2O;ARS;CORP;O;primary;;True;Oblig. Negociables;AR0047526246;Obligaciones Negociables;BOND;MSU GREEN ENERGY S.A.
EAC2X;EAC2O;ARS;CORP;X;especial;;False;Oblig. Negociables;AR0047526246;Obligaciones Negociables;BOND;MSU GREEN ENERGY S.A.
EAC2Y;EAC2O;MEP;CORP;Y;especial;;False;Oblig. Negociables;AR0047526246;Obligaciones Negociables;BOND;MSU GREEN ENERGY S.A.
EAC2Z;EAC2O;cable;CORP;Z;especial;;False;Oblig. Negociables;AR0047526246;Obligaciones Negociables;BOND;MSU GREEN ENERGY S.A.
EAC3D;EAC3O;MEP;CORP;D;primary;;True;Oblig. Negociables;AR0333366083;Obligaciones Negociables;BOND;MSU GREEN ENERGY S.A.
EAC3O;EAC3O;ARS;CORP;O;primary;;True;Oblig. Negociables;AR0333366083;Obligaciones Negociables;BOND;MSU GREEN ENERGY S.A.
EAC3Y;EAC3O;MEP;CORP;Y;especial;;False;Oblig. Negociables;AR0333366083;Obligaciones Negociables;BOND;MSU GREEN ENERGY S.A.
EAC3Z;EAC3O;cable;CORP;Z;especial;;False;Oblig. Negociables;AR0333366083;Obligaciones Negociables;BOND;MSU GREEN ENERGY S.A.
EB1LC;EB1LO;cable;CORP;C;primary;;True;Oblig. Negociables;;;;
EB1LD;EB1LO;MEP;CORP;D;primary;;True;Oblig. Negociables;;;;
EBS1L;EBS1O;ARS;CORP;L;otro;;False;Oblig. Negociables;;;;
EC12P;EC12O;ARS;CORP;P;otro;;False;Oblig. Negociables;ARACSA5600D1;Oblig. Negociables PYMES;BOND;Agroempresa Colón S.A.
EH11M;EH11O;ARS;CORP;M;otro;;False;Oblig. Negociables;;;;
EL31P;EL31O;ARS;CORP;P;otro;;False;Oblig. Negociables;AR0621235214;Oblig. Negociables PYMES;BOND;Termoeléctrica S.A.
EL32P;EL32O;ARS;CORP;P;otro;;False;Oblig. Negociables;AR0918142024;Oblig. Negociables PYMES;BOND;Termoeléctrica S.A.
ELS1C;ELS1O;cable;CORP;C;primary;;True;Oblig. Negociables;;;;
EMC1C;EMC1O;cable;CORP;C;primary;;True;Oblig. Negociables;AR0339892116;Obligaciones Negociables;BOND;COMPAÑIA MEGA S.A.
EMC1D;EMC1O;MEP;CORP;D;primary;;True;Oblig. Negociables;AR0339892116;Obligaciones Negociables;BOND;COMPAÑIA MEGA S.A.
EMC1O;EMC1O;ARS;CORP;O;primary;;True;Oblig. Negociables;AR0339892116;Obligaciones Negociables;BOND;COMPAÑIA MEGA S.A.
EMC1X;EMC1O;ARS;CORP;X;especial;;False;Oblig. Negociables;AR0339892116;Obligaciones Negociables;BOND;COMPAÑIA MEGA S.A.
EN72L;EN72O;ARS;CORP;L;otro;;False;Oblig. Negociables;AR0347855154;Oblig. Negociables PYMES;BOND;Asociación Civil Sumatoria para una Nueva Economía
ENC8C;ENC8O;cable;CORP;C;primary;;True;Oblig. Negociables;;;;
ENC8D;ENC8O;MEP;CORP;D;primary;;True;Oblig. Negociables;;;;
ENC8P;ENC8O;ARS;CORP;P;otro;;False;Oblig. Negociables;;;;
EP3AP;EP3AO;ARS;CORP;P;otro;;False;Oblig. Negociables;AR0749217714;Oblig. Negociables PYMES;BOND;Tresnal Agropecuaria S.A.
EP4AC;EP4AO;cable;CORP;C;primary;;True;Oblig. Negociables;;;;
EP4AD;EP4AO;MEP;CORP;D;primary;;True;Oblig. Negociables;;;;
EP4AP;EP4AO;ARS;CORP;P;otro;;False;Oblig. Negociables;;;;
EP4BD;EP4BO;MEP;CORP;D;primary;;True;Oblig. Negociables;;;;
EP4BP;EP4BO;ARS;CORP;P;otro;;False;Oblig. Negociables;;;;
ESS1C;ESS1O;cable;CORP;C;primary;;True;Oblig. Negociables;;;;
ESS1D;ESS1O;MEP;CORP;D;primary;;True;Oblig. Negociables;;;;
ESS1P;ESS1O;ARS;CORP;P;otro;;False;Oblig. Negociables;;;;
EXS1C;EXS1O;cable;CORP;C;primary;;True;Oblig. Negociables;;;;
EXS1D;EXS1O;MEP;CORP;D;primary;;True;Oblig. Negociables;;;;
EXS1P;EXS1O;ARS;CORP;P;otro;;False;Oblig. Negociables;;;;
FA1MC;FA1MO;cable;CORP;C;primary;;True;Oblig. Negociables;;;;
FA1MD;FA1MO;MEP;CORP;D;primary;;True;Oblig. Negociables;;;;
FAS1M;FAS1O;ARS;CORP;M;otro;;False;Oblig. Negociables;;;;
FC1MC;FC1MO;cable;CORP;C;primary;;True;Oblig. Negociables;;;;
FC1MD;FC1MO;MEP;CORP;D;primary;;True;Oblig. Negociables;;;;
FCS1M;FCS1O;ARS;CORP;M;otro;;False;Oblig. Negociables;;;;
FO4AC;FO4AO;cable;CORP;C;primary;;True;Oblig. Negociables;AR0854004584;Obligaciones Negociables;BOND;Futuros y Opciones.com S.A.
FO4AD;FO4AO;MEP;CORP;D;primary;;True;Oblig. Negociables;AR0854004584;Obligaciones Negociables;BOND;Futuros y Opciones.com S.A.
FO4AO;FO4AO;ARS;CORP;O;primary;;True;Oblig. Negociables;AR0854004584;Obligaciones Negociables;BOND;Futuros y Opciones.com S.A.
FO4AX;FO4AO;ARS;CORP;X;especial;;False;Oblig. Negociables;AR0854004584;Obligaciones Negociables;BOND;Futuros y Opciones.com S.A.
FO4AY;FO4AO;MEP;CORP;Y;especial;;False;Oblig. Negociables;AR0854004584;Obligaciones Negociables;BOND;Futuros y Opciones.com S.A.
FO4AZ;FO4AO;cable;CORP;Z;especial;;False;Oblig. Negociables;AR0854004584;Obligaciones Negociables;BOND;Futuros y Opciones.com S.A.
FO4BC;FO4BO;cable;CORP;C;primary;;True;Oblig. Negociables;AR0355002822;Obligaciones Negociables;BOND;Futuros y Opciones.com S.A.
FO4BD;FO4BO;MEP;CORP;D;primary;;True;Oblig. Negociables;AR0355002822;Obligaciones Negociables;BOND;Futuros y Opciones.com S.A.
FO4BO;FO4BO;ARS;CORP;O;primary;;True;Oblig. Negociables;AR0355002822;Obligaciones Negociables;BOND;Futuros y Opciones.com S.A.
FO4BX;FO4BO;ARS;CORP;X;especial;;False;Oblig. Negociables;AR0355002822;Obligaciones Negociables;BOND;Futuros y Opciones.com S.A.
FO4BY;FO4BO;MEP;CORP;Y;especial;;False;Oblig. Negociables;AR0355002822;Obligaciones Negociables;BOND;Futuros y Opciones.com S.A.
FO4BZ;FO4BO;cable;CORP;Z;especial;;False;Oblig. Negociables;AR0355002822;Obligaciones Negociables;BOND;Futuros y Opciones.com S.A.
FPC1C;FPC1O;cable;CORP;C;primary;;True;Oblig. Negociables;AR0285659717;Obligaciones Negociables;BOND;FIPLASTO S.A.
FPC1D;FPC1O;MEP;CORP;D;primary;;True;Oblig. Negociables;AR0285659717;Obligaciones Negociables;BOND;FIPLASTO S.A.
FPC1O;FPC1O;ARS;CORP;O;primary;;True;Oblig. Negociables;AR0285659717;Obligaciones Negociables;BOND;FIPLASTO S.A.
FPC1X;FPC1O;ARS;CORP;X;especial;;False;Oblig. Negociables;AR0285659717;Obligaciones Negociables;BOND;FIPLASTO S.A.
FPC1Y;FPC1O;MEP;CORP;Y;especial;;False;Oblig. Negociables;AR0285659717;Obligaciones Negociables;BOND;FIPLASTO S.A.
FPC1Z;FPC1O;cable;CORP;Z;especial;;False;Oblig. Negociables;AR0285659717;Obligaciones Negociables;BOND;FIPLASTO S.A.
FS1LC;FS1LO;cable;CORP;C;primary;;True;Oblig. Negociables;;;;
FS1LD;FS1LO;MEP;CORP;D;primary;;True;Oblig. Negociables;;;;
FSS1L;FSS1O;ARS;CORP;L;otro;;False;Oblig. Negociables;AR0395443226;Oblig. Negociables PYMES;BOND;AFS Group S.A.
FTL1O;FTL1O;ARS;CORP;O;primary;;True;Oblig. Negociables;AR0469905985;Obligaciones Negociables;BOND;FCA Compañía Financiera S.A.
FTL1X;FTL1O;ARS;CORP;X;especial;;False;Oblig. Negociables;AR0469905985;Obligaciones Negociables;BOND;FCA Compañía Financiera S.A.
FTL1Y;FTL1O;MEP;CORP;Y;especial;;False;Oblig. Negociables;AR0469905985;Obligaciones Negociables;BOND;FCA Compañía Financiera S.A.
FTL1Z;FTL1O;cable;CORP;Z;especial;;False;Oblig. Negociables;AR0469905985;Obligaciones Negociables;BOND;FCA Compañía Financiera S.A.
FTM1C;FTM1O;cable;CORP;C;primary;;True;Oblig. Negociables;;;;
FTM1D;FTM1O;MEP;CORP;D;primary;;True;Oblig. Negociables;;;;
FTM1O;FTM1O;ARS;CORP;O;primary;;True;Oblig. Negociables;;;;
FTM1X;FTM1O;ARS;CORP;X;especial;;False;Oblig. Negociables;;;;
FTM1Y;FTM1O;MEP;CORP;Y;especial;;False;Oblig. Negociables;;;;
FTM1Z;FTM1O;cable;CORP;Z;especial;;False;Oblig. Negociables;;;;
FTN1C;FTN1O;cable;CORP;C;primary;;True;Oblig. Negociables;AR0436510025;Obligaciones Negociables;BOND;FCA Compañía Financiera S.A.
FTN1D;FTN1O;MEP;CORP;D;primary;;True;Oblig. Negociables;AR0436510025;Obligaciones Negociables;BOND;FCA Compañía Financiera S.A.
FTN1O;FTN1O;ARS;CORP;O;primary;;True;Oblig. Negociables;AR0436510025;Obligaciones Negociables;BOND;FCA Compañía Financiera S.A.
FTN1X;FTN1O;ARS;CORP;X;especial;;False;Oblig. Negociables;AR0436510025;Obligaciones Negociables;BOND;FCA Compañía Financiera S.A.
FTN1Y;FTN1O;MEP;CORP;Y;especial;;False;Oblig. Negociables;AR0436510025;Obligaciones Negociables;BOND;FCA Compañía Financiera S.A.
FTN1Z;FTN1O;cable;CORP;Z;especial;;False;Oblig. Negociables;AR0436510025;Obligaciones Negociables;BOND;FCA Compañía Financiera S.A.
FTN2C;FTN2O;cable;CORP;C;primary;;True;Oblig. Negociables;;;;
FTN2D;FTN2O;MEP;CORP;D;primary;;True;Oblig. Negociables;;;;
FTN2O;FTN2O;ARS;CORP;O;primary;;True;Oblig. Negociables;;;;
FTN2X;FTN2O;ARS;CORP;X;especial;;False;Oblig. Negociables;;;;
FTN2Y;FTN2O;MEP;CORP;Y;especial;;False;Oblig. Negociables;;;;
FTN2Z;FTN2O;cable;CORP;Z;especial;;False;Oblig. Negociables;;;;
FTN3C;FTN3O;cable;CORP;C;primary;;True;Oblig. Negociables;;;;
FTN3D;FTN3O;MEP;CORP;D;primary;;True;Oblig. Negociables;;;;
FTN3O;FTN3O;ARS;CORP;O;primary;;True;Oblig. Negociables;;;;
FTN3X;FTN3O;ARS;CORP;X;especial;;False;Oblig. Negociables;;;;
FTN3Y;FTN3O;MEP;CORP;Y;especial;;False;Oblig. Negociables;;;;
FTN3Z;FTN3O;cable;CORP;Z;especial;;False;Oblig. Negociables;;;;
FYC1C;FYC1O;cable;CORP;C;primary;;True;Oblig. Negociables;AR0766650987;Obligaciones Negociables;BOND;FARMCITY S.A.
FYC1D;FYC1O;MEP;CORP;D;primary;;True;Oblig. Negociables;AR0766650987;Obligaciones Negociables;BOND;FARMCITY S.A.
FYC1O;FYC1O;ARS;CORP;O;primary;;True;Oblig. Negociables;AR0766650987;Obligaciones Negociables;BOND;FARMCITY S.A.
G11LC;G11LO;cable;CORP;C;primary;;True;Oblig. Negociables;;;;
GB1LC;GB1LO;cable;CORP;C;primary;;True;Oblig. Negociables;;;;
GB1LD;GB1LO;MEP;CORP;D;primary;;True;Oblig. Negociables;;;;
GBS1L;GBS1O;ARS;CORP;L;otro;;False;Oblig. Negociables;AR0206230713;Oblig. Negociables PYMES;BOND;Grúas San Blas S.A.
GE11L;GE11O;ARS;CORP;L;otro;;False;Oblig. Negociables;;;;
GF2AC;GF2AO;cable;CORP;C;primary;;True;Oblig. Negociables;;;;
GF2AD;GF2AO;MEP;CORP;D;primary;;True;Oblig. Negociables;;;;
GF2BC;GF2BO;cable;CORP;C;primary;;True;Oblig. Negociables;;;;
GF2BD;GF2BO;MEP;CORP;D;primary;;True;Oblig. Negociables;;;;
GK1AC;GK1AO;cable;CORP;C;primary;;True;Oblig. Negociables;;;;
GK1AD;GK1AO;MEP;CORP;D;primary;;True;Oblig. Negociables;;;;
GK1AP;GK1AO;ARS;CORP;P;otro;;False;Oblig. Negociables;;;;
GK1BC;GK1BO;cable;CORP;C;primary;;True;Oblig. Negociables;;;;
GK1BD;GK1BO;MEP;CORP;D;primary;;True;Oblig. Negociables;;;;
GK1BP;GK1BO;ARS;CORP;P;otro;;False;Oblig. Negociables;;;;
GMCGC;GMCGO;cable;CORP;C;primary;;True;Oblig. Negociables;ARGEME5600F4;Obligaciones Negociables;BOND;Generación Mediterránea S.A.
GMCGD;GMCGO;MEP;CORP;D;primary;;True;Oblig. Negociables;ARGEME5600F4;Obligaciones Negociables;BOND;Generación Mediterránea S.A.
GMCGO;GMCGO;ARS;CORP;O;primary;;True;Oblig. Negociables;ARGEME5600F4;Obligaciones Negociables;BOND;Generación Mediterránea S.A.
GMCGX;GMCGO;ARS;CORP;X;especial;;False;Oblig. Negociables;ARGEME5600F4;Obligaciones Negociables;BOND;Generación Mediterránea S.A.
GMCGY;GMCGO;MEP;CORP;Y;especial;;False;Oblig. Negociables;ARGEME5600F4;Obligaciones Negociables;BOND;Generación Mediterránea S.A.
GMCGZ;GMCGO;cable;CORP;Z;especial;;False;Oblig. Negociables;ARGEME5600F4;Obligaciones Negociables;BOND;Generación Mediterránea S.A.
GMCHC;GMCHO;cable;CORP;C;primary;;True;Oblig. Negociables;;;;
GMCHD;GMCHO;MEP;CORP;D;primary;;True;Oblig. Negociables;;;;
GMCHO;GMCHO;ARS;CORP;O;primary;;True;Oblig. Negociables;;;;
GMCHX;GMCHO;ARS;CORP;X;especial;;False;Oblig. Negociables;;;;
GMCHY;GMCHO;MEP;CORP;Y;especial;;False;Oblig. Negociables;;;;
GMCHZ;GMCHO;cable;CORP;Z;especial;;False;Oblig. Negociables;;;;
GMCIX;GMCIO;ARS;CORP;X;especial;;False;Oblig. Negociables;;;;
GMCIZ;GMCIO;cable;CORP;Z;especial;;False;Oblig. Negociables;;;;
GMCJC;GMCJO;cable;CORP;C;primary;;True;Oblig. Negociables;ARGEME5600K4;Obligaciones Negociables;BOND;Generación Mediterránea S.A.
GMCJD;GMCJO;MEP;CORP;D;primary;;True;Oblig. Negociables;ARGEME5600K4;Obligaciones Negociables;BOND;Generación Mediterránea S.A.
GMCJO;GMCJO;ARS;CORP;O;primary;;True;Oblig. Negociables;ARGEME5600K4;Obligaciones Negociables;BOND;Generación Mediterránea S.A.
GMCJX;GMCJO;ARS;CORP;X;especial;;False;Oblig. Negociables;ARGEME5600K4;Obligaciones Negociables;BOND;Generación Mediterránea S.A.
GMCJY;GMCJO;MEP;CORP;Y;especial;;False;Oblig. Negociables;ARGEME5600K4;Obligaciones Negociables;BOND;Generación Mediterránea S.A.
GMCJZ;GMCJO;cable;CORP;Z;especial;;False;Oblig. Negociables;ARGEME5600K4;Obligaciones Negociables;BOND;Generación Mediterránea S.A.
GMCKX;GMCKO;ARS;CORP;X;especial;;False;Oblig. Negociables;;;;
GMCKY;GMCKO;MEP;CORP;Y;especial;;False;Oblig. Negociables;;;;
GMCKZ;GMCKO;cable;CORP;Z;especial;;False;Oblig. Negociables;;;;
GN36X;GN36O;ARS;CORP;X;especial;;False;Oblig. Negociables;AREMGA5600O4;Obligaciones Negociables;BOND;GENNEIA S.A.
GN36Y;GN36O;MEP;CORP;Y;especial;;False;Oblig. Negociables;AREMGA5600O4;Obligaciones Negociables;BOND;GENNEIA S.A.
GN36Z;GN36O;cable;CORP;Z;especial;;False;Oblig. Negociables;AREMGA5600O4;Obligaciones Negociables;BOND;GENNEIA S.A.
GN37D;GN37O;MEP;CORP;D;primary;;True;Oblig. Negociables;AREMGA5600P1;Obligaciones Negociables;BOND;GENNEIA S.A.
GN37O;GN37O;ARS;CORP;O;primary;;True;Oblig. Negociables;AREMGA5600P1;Obligaciones Negociables;BOND;GENNEIA S.A.
GN37X;GN37O;ARS;CORP;X;especial;;False;Oblig. Negociables;AREMGA5600P1;Obligaciones Negociables;BOND;GENNEIA S.A.
GN37Y;GN37O;MEP;CORP;Y;especial;;False;Oblig. Negociables;AREMGA5600P1;Obligaciones Negociables;BOND;GENNEIA S.A.
GN37Z;GN37O;cable;CORP;Z;especial;;False;Oblig. Negociables;AREMGA5600P1;Obligaciones Negociables;BOND;GENNEIA S.A.
GN38C;GN38O;cable;CORP;C;primary;;True;Oblig. Negociables;AREMGA5600Q9;Obligaciones Negociables;BOND;GENNEIA S.A.
GN38D;GN38O;MEP;CORP;D;primary;;True;Oblig. Negociables;AREMGA5600Q9;Obligaciones Negociables;BOND;GENNEIA S.A.
GN38O;GN38O;ARS;CORP;O;primary;;True;Oblig. Negociables;AREMGA5600Q9;Obligaciones Negociables;BOND;GENNEIA S.A.
GN38X;GN38O;ARS;CORP;X;especial;;False;Oblig. Negociables;AREMGA5600Q9;Obligaciones Negociables;BOND;GENNEIA S.A.
GN38Y;GN38O;MEP;CORP;Y;especial;;False;Oblig. Negociables;AREMGA5600Q9;Obligaciones Negociables;BOND;GENNEIA S.A.
GN39D;GN39O;MEP;CORP;D;primary;;True;Oblig. Negociables;AREMGA5600R7;Obligaciones Negociables;BOND;GENNEIA S.A.
GN39O;GN39O;ARS;CORP;O;primary;;True;Oblig. Negociables;AREMGA5600R7;Obligaciones Negociables;BOND;GENNEIA S.A.
GN39X;GN39O;ARS;CORP;X;especial;;False;Oblig. Negociables;AREMGA5600R7;Obligaciones Negociables;BOND;GENNEIA S.A.
GN39Y;GN39O;MEP;CORP;Y;especial;;False;Oblig. Negociables;AREMGA5600R7;Obligaciones Negociables;BOND;GENNEIA S.A.
GN39Z;GN39O;cable;CORP;Z;especial;;False;Oblig. Negociables;AREMGA5600R7;Obligaciones Negociables;BOND;GENNEIA S.A.
GN41C;GN41O;cable;CORP;C;primary;;True;Oblig. Negociables;AREMGA5600T3;Obligaciones Negociables;BOND;GENNEIA S.A.
GN41D;GN41O;MEP;CORP;D;primary;;True;Oblig. Negociables;AREMGA5600T3;Obligaciones Negociables;BOND;GENNEIA S.A.
GN41O;GN41O;ARS;CORP;O;primary;;True;Oblig. Negociables;AREMGA5600T3;Obligaciones Negociables;BOND;GENNEIA S.A.
GN41X;GN41O;ARS;CORP;X;especial;;False;Oblig. Negociables;AREMGA5600T3;Obligaciones Negociables;BOND;GENNEIA S.A.
GN41Y;GN41O;MEP;CORP;Y;especial;;False;Oblig. Negociables;AREMGA5600T3;Obligaciones Negociables;BOND;GENNEIA S.A.
GN41Z;GN41O;cable;CORP;Z;especial;;False;Oblig. Negociables;AREMGA5600T3;Obligaciones Negociables;BOND;GENNEIA S.A.
GN42C;GN42O;cable;CORP;C;primary;;True;Oblig. Negociables;AR0329026279;Obligaciones Negociables;BOND;GENNEIA S.A.
GN42O;GN42O;ARS;CORP;O;primary;;True;Oblig. Negociables;AR0329026279;Obligaciones Negociables;BOND;GENNEIA S.A.
GN42X;GN42O;ARS;CORP;X;especial;;False;Oblig. Negociables;AR0329026279;Obligaciones Negociables;BOND;GENNEIA S.A.
GN42Y;GN42O;MEP;CORP;Y;especial;;False;Oblig. Negociables;AR0329026279;Obligaciones Negociables;BOND;GENNEIA S.A.
GN42Z;GN42O;cable;CORP;Z;especial;;False;Oblig. Negociables;AR0329026279;Obligaciones Negociables;BOND;GENNEIA S.A.
GN43D;GN43O;MEP;CORP;D;primary;;True;Oblig. Negociables;AR0667572231;Obligaciones Negociables;BOND;GENNEIA S.A.
GN43O;GN43O;ARS;CORP;O;primary;;True;Oblig. Negociables;AR0667572231;Obligaciones Negociables;BOND;GENNEIA S.A.
GN43X;GN43O;ARS;CORP;X;especial;;False;Oblig. Negociables;AR0667572231;Obligaciones Negociables;BOND;GENNEIA S.A.
GN43Y;GN43O;MEP;CORP;Y;especial;;False;Oblig. Negociables;AR0667572231;Obligaciones Negociables;BOND;GENNEIA S.A.
GN43Z;GN43O;cable;CORP;Z;especial;;False;Oblig. Negociables;AR0667572231;Obligaciones Negociables;BOND;GENNEIA S.A.
GN46C;GN46O;cable;CORP;C;primary;;True;Oblig. Negociables;AR0086415137;Obligaciones Negociables;BOND;GENNEIA S.A.
GN46D;GN46O;MEP;CORP;D;primary;;True;Oblig. Negociables;AR0086415137;Obligaciones Negociables;BOND;GENNEIA S.A.
GN46O;GN46O;ARS;CORP;O;primary;;True;Oblig. Negociables;AR0086415137;Obligaciones Negociables;BOND;GENNEIA S.A.
GN46X;GN46O;ARS;CORP;X;especial;;False;Oblig. Negociables;AR0086415137;Obligaciones Negociables;BOND;GENNEIA S.A.
GN47C;GN47O;cable;CORP;C;primary;;True;Oblig. Negociables;AR0341140462;Obligaciones Negociables;BOND;GENNEIA S.A.
GN47D;GN47O;MEP;CORP;D;primary;;True;Oblig. Negociables;AR0341140462;Obligaciones Negociables;BOND;GENNEIA S.A.
GN47O;GN47O;ARS;CORP;O;primary;;True;Oblig. Negociables;AR0341140462;Obligaciones Negociables;BOND;GENNEIA S.A.
GN47X;GN47O;ARS;CORP;X;especial;;False;Oblig. Negociables;AR0341140462;Obligaciones Negociables;BOND;GENNEIA S.A.
GN47Y;GN47O;MEP;CORP;Y;especial;;False;Oblig. Negociables;AR0341140462;Obligaciones Negociables;BOND;GENNEIA S.A.
GN48C;GN48O;cable;CORP;C;primary;;True;Oblig. Negociables;AR0580434501;Obligaciones Negociables;BOND;GENNEIA S.A.
GN48D;GN48O;MEP;CORP;D;primary;;True;Oblig. Negociables;AR0580434501;Obligaciones Negociables;BOND;GENNEIA S.A.
GN48O;GN48O;ARS;CORP;O;primary;;True;Oblig. Negociables;AR0580434501;Obligaciones Negociables;BOND;GENNEIA S.A.
GN48X;GN48O;ARS;CORP;X;especial;;False;Oblig. Negociables;AR0580434501;Obligaciones Negociables;BOND;GENNEIA S.A.
GN48Y;GN48O;MEP;CORP;Y;especial;;False;Oblig. Negociables;AR0580434501;Obligaciones Negociables;BOND;GENNEIA S.A.
GN48Z;GN48O;cable;CORP;Z;especial;;False;Oblig. Negociables;AR0580434501;Obligaciones Negociables;BOND;GENNEIA S.A.
GN49C;GN49O;cable;CORP;C;primary;;True;Oblig. Negociables;USP46756BQ76;Obligaciones Negociables;BOND;GENNEIA S.A.
GN49D;GN49O;MEP;CORP;D;primary;;True;Oblig. Negociables;USP46756BQ76;Obligaciones Negociables;BOND;GENNEIA S.A.
GN49O;GN49O;ARS;CORP;O;primary;;True;Oblig. Negociables;USP46756BQ76;Obligaciones Negociables;BOND;GENNEIA S.A.
GN49X;GN49O;ARS;CORP;X;especial;;False;Oblig. Negociables;USP46756BQ76;Obligaciones Negociables;BOND;GENNEIA S.A.
GN49Y;GN49O;MEP;CORP;Y;especial;;False;Oblig. Negociables;USP46756BQ76;Obligaciones Negociables;BOND;GENNEIA S.A.
GN49Z;GN49O;cable;CORP;Z;especial;;False;Oblig. Negociables;USP46756BQ76;Obligaciones Negociables;BOND;GENNEIA S.A.
GOC1C;GOC1O;cable;CORP;C;primary;;True;Oblig. Negociables;ARGELI560019;Obligaciones Negociables;BOND;Generación Litoral S.A.
GOC1D;GOC1O;MEP;CORP;D;primary;;True;Oblig. Negociables;ARGELI560019;Obligaciones Negociables;BOND;Generación Litoral S.A.
GOC1O;GOC1O;ARS;CORP;O;primary;;True;Oblig. Negociables;ARGELI560019;Obligaciones Negociables;BOND;Generación Litoral S.A.
GOC1X;GOC1O;ARS;CORP;X;especial;;False;Oblig. Negociables;ARGELI560019;Obligaciones Negociables;BOND;Generación Litoral S.A.
GOC1Y;GOC1O;MEP;CORP;Y;especial;;False;Oblig. Negociables;ARGELI560019;Obligaciones Negociables;BOND;Generación Litoral S.A.
GOC1Z;GOC1O;cable;CORP;Z;especial;;False;Oblig. Negociables;ARGELI560019;Obligaciones Negociables;BOND;Generación Litoral S.A.
GOC3C;GOC3O;cable;CORP;C;primary;;True;Oblig. Negociables;;;;
GOC3D;GOC3O;MEP;CORP;D;primary;;True;Oblig. Negociables;;;;
GOC3X;GOC3O;ARS;CORP;X;especial;;False;Oblig. Negociables;;;;
GOC3Y;GOC3O;MEP;CORP;Y;especial;;False;Oblig. Negociables;;;;
GOC3Z;GOC3O;cable;CORP;Z;especial;;False;Oblig. Negociables;;;;
GOC4D;GOC4O;MEP;CORP;D;primary;;True;Oblig. Negociables;AR0855924731;Obligaciones Negociables;BOND;Generación Litoral S.A.
GOC4O;GOC4O;ARS;CORP;O;primary;;True;Oblig. Negociables;AR0855924731;Obligaciones Negociables;BOND;Generación Litoral S.A.
GP1MC;GP1MO;cable;CORP;C;primary;;True;Oblig. Negociables;;;;
GP1MD;GP1MO;MEP;CORP;D;primary;;True;Oblig. Negociables;;;;
GPS1M;GPS1O;ARS;CORP;M;otro;;False;Oblig. Negociables;AR0509776792;Obligaciones Negociables;BOND;Gente de La Pampa S.A.
GYC3O;GYC3O;ARS;CORP;O;primary;;True;Oblig. Negociables;ARENEY560035;Obligaciones Negociables;BOND;360 Energy Solar S.A.
GYC3X;GYC3O;ARS;CORP;X;especial;;False;Oblig. Negociables;ARENEY560035;Obligaciones Negociables;BOND;360 Energy Solar S.A.
GYC3Y;GYC3O;MEP;CORP;Y;especial;;False;Oblig. Negociables;ARENEY560035;Obligaciones Negociables;BOND;360 Energy Solar S.A.
GYC3Z;GYC3O;cable;CORP;Z;especial;;False;Oblig. Negociables;ARENEY560035;Obligaciones Negociables;BOND;360 Energy Solar S.A.
GYC4C;GYC4O;cable;CORP;C;primary;;True;Oblig. Negociables;AR0361594168;Obligaciones Negociables;BOND;360 Energy Solar S.A.
GYC4D;GYC4O;MEP;CORP;D;primary;;True;Oblig. Negociables;AR0361594168;Obligaciones Negociables;BOND;360 Energy Solar S.A.
GYC4O;GYC4O;ARS;CORP;O;primary;;True;Oblig. Negociables;AR0361594168;Obligaciones Negociables;BOND;360 Energy Solar S.A.
GYC5C;GYC5O;cable;CORP;C;primary;;True;Oblig. Negociables;AR0253143579;Obligaciones Negociables;BOND;360 Energy Solar S.A.
GYC5D;GYC5O;MEP;CORP;D;primary;;True;Oblig. Negociables;AR0253143579;Obligaciones Negociables;BOND;360 Energy Solar S.A.
GYC5O;GYC5O;ARS;CORP;O;primary;;True;Oblig. Negociables;AR0253143579;Obligaciones Negociables;BOND;360 Energy Solar S.A.
H11LC;H11LO;cable;CORP;C;primary;;True;Oblig. Negociables;;;;
H11LD;H11LO;MEP;CORP;D;primary;;True;Oblig. Negociables;;;;
H11MC;H11MO;cable;CORP;C;primary;;True;Oblig. Negociables;;;;
H11MD;H11MO;MEP;CORP;D;primary;;True;Oblig. Negociables;;;;
H12LC;H12LO;cable;CORP;C;primary;;True;Oblig. Negociables;;;;
H12LD;H12LO;MEP;CORP;D;primary;;True;Oblig. Negociables;;;;
HA11L;HA11O;ARS;CORP;L;otro;;False;Oblig. Negociables;AR0314624591;Oblig. Negociables PYMES;BOND;Madero Harbour S.A.
HA11M;HA11O;ARS;CORP;M;otro;;False;Oblig. Negociables;AR0314624591;Oblig. Negociables PYMES;BOND;Madero Harbour S.A.
HA12L;HA12O;ARS;CORP;L;otro;;False;Oblig. Negociables;AR0593197517;Oblig. Negociables PYMES;BOND;Madero Harbour S.A.
HA1MC;HA1MO;cable;CORP;C;primary;;True;Oblig. Negociables;;;;
HA1MD;HA1MO;MEP;CORP;D;primary;;True;Oblig. Negociables;;;;
HBCAC;HBCAO;cable;CORP;C;primary;;True;Oblig. Negociables;AR0137295777;Obligaciones Negociables;BOND;BANCO HIPOTECARIO S.A.
HBCAD;HBCAO;MEP;CORP;D;primary;;True;Oblig. Negociables;AR0137295777;Obligaciones Negociables;BOND;BANCO HIPOTECARIO S.A.
HBCAO;HBCAO;ARS;CORP;O;primary;;True;Oblig. Negociables;AR0137295777;Obligaciones Negociables;BOND;BANCO HIPOTECARIO S.A.
HBCAX;HBCAO;ARS;CORP;X;especial;;False;Oblig. Negociables;AR0137295777;Obligaciones Negociables;BOND;BANCO HIPOTECARIO S.A.
HBCAY;HBCAO;MEP;CORP;Y;especial;;False;Oblig. Negociables;AR0137295777;Obligaciones Negociables;BOND;BANCO HIPOTECARIO S.A.
HBCAZ;HBCAO;cable;CORP;Z;especial;;False;Oblig. Negociables;AR0137295777;Obligaciones Negociables;BOND;BANCO HIPOTECARIO S.A.
HBCBC;HBCBO;cable;CORP;C;primary;;True;Oblig. Negociables;AR0866487363;Obligaciones Negociables;BOND;BANCO HIPOTECARIO S.A.
HBCBD;HBCBO;MEP;CORP;D;primary;;True;Oblig. Negociables;AR0866487363;Obligaciones Negociables;BOND;BANCO HIPOTECARIO S.A.
HBCBO;HBCBO;ARS;CORP;O;primary;;True;Oblig. Negociables;AR0866487363;Obligaciones Negociables;BOND;BANCO HIPOTECARIO S.A.
HBCBX;HBCBO;ARS;CORP;X;especial;;False;Oblig. Negociables;AR0866487363;Obligaciones Negociables;BOND;BANCO HIPOTECARIO S.A.
HBCBY;HBCBO;MEP;CORP;Y;especial;;False;Oblig. Negociables;AR0866487363;Obligaciones Negociables;BOND;BANCO HIPOTECARIO S.A.
HBCBZ;HBCBO;cable;CORP;Z;especial;;False;Oblig. Negociables;AR0866487363;Obligaciones Negociables;BOND;BANCO HIPOTECARIO S.A.
HBCDC;HBCDO;cable;CORP;C;primary;;True;Oblig. Negociables;AR0151686091;Obligaciones Negociables;BOND;BANCO HIPOTECARIO S.A.
HBCDD;HBCDO;MEP;CORP;D;primary;;True;Oblig. Negociables;AR0151686091;Obligaciones Negociables;BOND;BANCO HIPOTECARIO S.A.
HBCDO;HBCDO;ARS;CORP;O;primary;;True;Oblig. Negociables;AR0151686091;Obligaciones Negociables;BOND;BANCO HIPOTECARIO S.A.
HBCDX;HBCDO;ARS;CORP;X;especial;;False;Oblig. Negociables;AR0151686091;Obligaciones Negociables;BOND;BANCO HIPOTECARIO S.A.
HBCDY;HBCDO;MEP;CORP;Y;especial;;False;Oblig. Negociables;AR0151686091;Obligaciones Negociables;BOND;BANCO HIPOTECARIO S.A.
HBCDZ;HBCDO;cable;CORP;Z;especial;;False;Oblig. Negociables;AR0151686091;Obligaciones Negociables;BOND;BANCO HIPOTECARIO S.A.
HBCEC;HBCEO;cable;CORP;C;primary;;True;Oblig. Negociables;AR0258941928;Obligaciones Negociables;BOND;BANCO HIPOTECARIO S.A.
HBCED;HBCEO;MEP;CORP;D;primary;;True;Oblig. Negociables;AR0258941928;Obligaciones Negociables;BOND;BANCO HIPOTECARIO S.A.
HBCEO;HBCEO;ARS;CORP;O;primary;;True;Oblig. Negociables;AR0258941928;Obligaciones Negociables;BOND;BANCO HIPOTECARIO S.A.
HBCEX;HBCEO;ARS;CORP;X;especial;;False;Oblig. Negociables;AR0258941928;Obligaciones Negociables;BOND;BANCO HIPOTECARIO S.A.
HBCEY;HBCEO;MEP;CORP;Y;especial;;False;Oblig. Negociables;AR0258941928;Obligaciones Negociables;BOND;BANCO HIPOTECARIO S.A.
HBCEZ;HBCEO;cable;CORP;Z;especial;;False;Oblig. Negociables;AR0258941928;Obligaciones Negociables;BOND;BANCO HIPOTECARIO S.A.
HBCFC;HBCFO;cable;CORP;C;primary;;True;Oblig. Negociables;AR0325357397;Obligaciones Negociables;BOND;BANCO HIPOTECARIO S.A.
HBCFD;HBCFO;MEP;CORP;D;primary;;True;Oblig. Negociables;AR0325357397;Obligaciones Negociables;BOND;BANCO HIPOTECARIO S.A.
HBCFO;HBCFO;ARS;CORP;O;primary;;True;Oblig. Negociables;AR0325357397;Obligaciones Negociables;BOND;BANCO HIPOTECARIO S.A.
HBCFX;HBCFO;ARS;CORP;X;especial;;False;Oblig. Negociables;AR0325357397;Obligaciones Negociables;BOND;BANCO HIPOTECARIO S.A.
HBCFY;HBCFO;MEP;CORP;Y;especial;;False;Oblig. Negociables;AR0325357397;Obligaciones Negociables;BOND;BANCO HIPOTECARIO S.A.
HBCFZ;HBCFO;cable;CORP;Z;especial;;False;Oblig. Negociables;AR0325357397;Obligaciones Negociables;BOND;BANCO HIPOTECARIO S.A.
HC22C;HC22O;cable;CORP;C;primary;;True;Oblig. Negociables;;;;
HC22D;HC22O;MEP;CORP;D;primary;;True;Oblig. Negociables;;;;
HC22P;HC22O;ARS;CORP;P;otro;;False;Oblig. Negociables;;;;
HIS1P;HIS1O;ARS;CORP;P;otro;;False;Oblig. Negociables;ARSILO560013;Oblig. Negociables PYMES;BOND;Silo Chico S.A.
HJCFC;HJCFO;cable;CORP;C;primary;;True;Oblig. Negociables;AR0594233345;Obligaciones Negociables;BOND;John Deere Credit Cía. Financiera S.A.
HJCFD;HJCFO;MEP;CORP;D;primary;;True;Oblig. Negociables;AR0594233345;Obligaciones Negociables;BOND;John Deere Credit Cía. Financiera S.A.
HJCFO;HJCFO;ARS;CORP;O;primary;;True;Oblig. Negociables;AR0594233345;Obligaciones Negociables;BOND;John Deere Credit Cía. Financiera S.A.
HJCFX;HJCFO;ARS;CORP;X;especial;;False;Oblig. Negociables;AR0594233345;Obligaciones Negociables;BOND;John Deere Credit Cía. Financiera S.A.
HJCFY;HJCFO;MEP;CORP;Y;especial;;False;Oblig. Negociables;AR0594233345;Obligaciones Negociables;BOND;John Deere Credit Cía. Financiera S.A.
HJCFZ;HJCFO;cable;CORP;Z;especial;;False;Oblig. Negociables;AR0594233345;Obligaciones Negociables;BOND;John Deere Credit Cía. Financiera S.A.
HJCGC;HJCGO;cable;CORP;C;primary;;True;Oblig. Negociables;AR0756895030;Obligaciones Negociables;BOND;John Deere Credit Cía. Financiera S.A.
HJCGD;HJCGO;MEP;CORP;D;primary;;True;Oblig. Negociables;AR0756895030;Obligaciones Negociables;BOND;John Deere Credit Cía. Financiera S.A.
HJCGO;HJCGO;ARS;CORP;O;primary;;True;Oblig. Negociables;AR0756895030;Obligaciones Negociables;BOND;John Deere Credit Cía. Financiera S.A.
HJCGX;HJCGO;ARS;CORP;X;especial;;False;Oblig. Negociables;AR0756895030;Obligaciones Negociables;BOND;John Deere Credit Cía. Financiera S.A.
HJCGY;HJCGO;MEP;CORP;Y;especial;;False;Oblig. Negociables;AR0756895030;Obligaciones Negociables;BOND;John Deere Credit Cía. Financiera S.A.
HJCGZ;HJCGO;cable;CORP;Z;especial;;False;Oblig. Negociables;AR0756895030;Obligaciones Negociables;BOND;John Deere Credit Cía. Financiera S.A.
HJCHC;HJCHO;cable;CORP;C;primary;;True;Oblig. Negociables;AR0262204990;Obligaciones Negociables;BOND;John Deere Credit Cía. Financiera S.A.
HJCHD;HJCHO;MEP;CORP;D;primary;;True;Oblig. Negociables;AR0262204990;Obligaciones Negociables;BOND;John Deere Credit Cía. Financiera S.A.
HJCHO;HJCHO;ARS;CORP;O;primary;;True;Oblig. Negociables;AR0262204990;Obligaciones Negociables;BOND;John Deere Credit Cía. Financiera S.A.
HJCHX;HJCHO;ARS;CORP;X;especial;;False;Oblig. Negociables;AR0262204990;Obligaciones Negociables;BOND;John Deere Credit Cía. Financiera S.A.
HJCHY;HJCHO;MEP;CORP;Y;especial;;False;Oblig. Negociables;AR0262204990;Obligaciones Negociables;BOND;John Deere Credit Cía. Financiera S.A.
HJCHZ;HJCHO;cable;CORP;Z;especial;;False;Oblig. Negociables;AR0262204990;Obligaciones Negociables;BOND;John Deere Credit Cía. Financiera S.A.
HJCIC;HJCIO;cable;CORP;C;primary;;True;Oblig. Negociables;AR0861451372;Obligaciones Negociables;BOND;John Deere Credit Cía. Financiera S.A.
HJCID;HJCIO;MEP;CORP;D;primary;;True;Oblig. Negociables;AR0861451372;Obligaciones Negociables;BOND;John Deere Credit Cía. Financiera S.A.
HJCIO;HJCIO;ARS;CORP;O;primary;;True;Oblig. Negociables;AR0861451372;Obligaciones Negociables;BOND;John Deere Credit Cía. Financiera S.A.
HJCJC;HJCJO;cable;CORP;C;primary;;True;Oblig. Negociables;AR0924785071;Obligaciones Negociables;BOND;John Deere Credit Cía. Financiera S.A.
HJCJD;HJCJO;MEP;CORP;D;primary;;True;Oblig. Negociables;AR0924785071;Obligaciones Negociables;BOND;John Deere Credit Cía. Financiera S.A.
HJCJO;HJCJO;ARS;CORP;O;primary;;True;Oblig. Negociables;AR0924785071;Obligaciones Negociables;BOND;John Deere Credit Cía. Financiera S.A.
HJCJX;HJCJO;ARS;CORP;X;especial;;False;Oblig. Negociables;AR0924785071;Obligaciones Negociables;BOND;John Deere Credit Cía. Financiera S.A.
HJCJY;HJCJO;MEP;CORP;Y;especial;;False;Oblig. Negociables;AR0924785071;Obligaciones Negociables;BOND;John Deere Credit Cía. Financiera S.A.
HJCJZ;HJCJO;cable;CORP;Z;especial;;False;Oblig. Negociables;AR0924785071;Obligaciones Negociables;BOND;John Deere Credit Cía. Financiera S.A.
HJCKC;HJCKO;cable;CORP;C;primary;;True;Oblig. Negociables;AR0021407595;Obligaciones Negociables;BOND;John Deere Credit Cía. Financiera S.A.
HJCKD;HJCKO;MEP;CORP;D;primary;;True;Oblig. Negociables;AR0021407595;Obligaciones Negociables;BOND;John Deere Credit Cía. Financiera S.A.
HJCKO;HJCKO;ARS;CORP;O;primary;;True;Oblig. Negociables;AR0021407595;Obligaciones Negociables;BOND;John Deere Credit Cía. Financiera S.A.
HJCKX;HJCKO;ARS;CORP;X;especial;;False;Oblig. Negociables;AR0021407595;Obligaciones Negociables;BOND;John Deere Credit Cía. Financiera S.A.
HJCKY;HJCKO;MEP;CORP;Y;especial;;False;Oblig. Negociables;AR0021407595;Obligaciones Negociables;BOND;John Deere Credit Cía. Financiera S.A.
HJCKZ;HJCKO;cable;CORP;Z;especial;;False;Oblig. Negociables;AR0021407595;Obligaciones Negociables;BOND;John Deere Credit Cía. Financiera S.A.
HJCLD;HJCLO;MEP;CORP;D;primary;;True;Oblig. Negociables;;;;
HJCLO;HJCLO;ARS;CORP;O;primary;;True;Oblig. Negociables;;;;
HJCLY;HJCLO;MEP;CORP;Y;especial;;False;Oblig. Negociables;;;;
HJCLZ;HJCLO;cable;CORP;Z;especial;;False;Oblig. Negociables;;;;
HN11L;HN11O;ARS;CORP;L;otro;;False;Oblig. Negociables;;;;
HN1LC;HN1LO;cable;CORP;C;primary;;True;Oblig. Negociables;;;;
HN1LD;HN1LO;MEP;CORP;D;primary;;True;Oblig. Negociables;;;;
HT11M;HT11O;ARS;CORP;M;otro;;False;Oblig. Negociables;;;;
HVS1C;HVS1O;cable;CORP;C;primary;;True;Oblig. Negociables;AR0105218975;Obligaciones Negociables;BOND;Havanna S.A.
HVS1D;HVS1O;MEP;CORP;D;primary;;True;Oblig. Negociables;AR0105218975;Obligaciones Negociables;BOND;Havanna S.A.
HVS1O;HVS1O;ARS;CORP;O;primary;;True;Oblig. Negociables;AR0105218975;Obligaciones Negociables;BOND;Havanna S.A.
HVS1X;HVS1O;ARS;CORP;X;especial;;False;Oblig. Negociables;AR0105218975;Obligaciones Negociables;BOND;Havanna S.A.
HVS1Y;HVS1O;MEP;CORP;Y;especial;;False;Oblig. Negociables;AR0105218975;Obligaciones Negociables;BOND;Havanna S.A.
HVS1Z;HVS1O;cable;CORP;Z;especial;;False;Oblig. Negociables;AR0105218975;Obligaciones Negociables;BOND;Havanna S.A.
I12LC;I12LO;cable;CORP;C;primary;;True;Oblig. Negociables;;;;
I12LD;I12LO;MEP;CORP;D;primary;;True;Oblig. Negociables;;;;
I22LC;I22LO;MEP;CORP;C;primary;;True;Oblig. Negociables;;;;
I22LD;I22LO;MEP;CORP;D;primary;;True;Oblig. Negociables;;;;
IC2BP;IC2BO;ARS;CORP;P;otro;;False;Oblig. Negociables;ARINSG560045;Oblig. Negociables PYMES;BOND;Insuga Chaco S.A.
ICC6C;ICC6O;cable;CORP;C;primary;;True;Oblig. Negociables;AR0529985522;Obligaciones Negociables;BOND;INDUSTRIAL AND COMMERCIAL BANK OF CHINA (ARGENTINA) S.A.U.
ICC6D;ICC6O;MEP;CORP;D;primary;;True;Oblig. Negociables;AR0529985522;Obligaciones Negociables;BOND;INDUSTRIAL AND COMMERCIAL BANK OF CHINA (ARGENTINA) S.A.U.
ICC6O;ICC6O;ARS;CORP;O;primary;;True;Oblig. Negociables;AR0529985522;Obligaciones Negociables;BOND;INDUSTRIAL AND COMMERCIAL BANK OF CHINA (ARGENTINA) S.A.U.
ICC6X;ICC6O;ARS;CORP;X;especial;;False;Oblig. Negociables;AR0529985522;Obligaciones Negociables;BOND;INDUSTRIAL AND COMMERCIAL BANK OF CHINA (ARGENTINA) S.A.U.
ICC6Y;ICC6O;MEP;CORP;Y;especial;;False;Oblig. Negociables;AR0529985522;Obligaciones Negociables;BOND;INDUSTRIAL AND COMMERCIAL BANK OF CHINA (ARGENTINA) S.A.U.
ICC6Z;ICC6O;cable;CORP;Z;especial;;False;Oblig. Negociables;AR0529985522;Obligaciones Negociables;BOND;INDUSTRIAL AND COMMERCIAL BANK OF CHINA (ARGENTINA) S.A.U.
IF12L;IF12O;ARS;CORP;L;otro;;False;Oblig. Negociables;;;;
IF22L;IF22O;ARS;CORP;L;otro;;False;Oblig. Negociables;;;;
IN1LC;IN1LO;cable;CORP;C;primary;;True;Oblig. Negociables;;;;
IN1LD;IN1LO;MEP;CORP;D;primary;;True;Oblig. Negociables;;;;
IN21C;IN21O;cable;CORP;C;primary;;True;Oblig. Negociables;;;;
INS1L;INS1O;ARS;CORP;L;otro;;False;Oblig. Negociables;AR0270301697;Oblig. Negociables PYMES;BOND;INTERCONNECT S.A.
IP11C;IP11O;cable;CORP;C;primary;;True;Oblig. Negociables;;;;
IP11D;IP11O;MEP;CORP;D;primary;;True;Oblig. Negociables;;;;
IP11P;IP11O;ARS;CORP;P;otro;;False;Oblig. Negociables;;;;
IRCFC;IRCFO;cable;CORP;C;primary;;True;Oblig. Negociables;USP58809BH95;Obligaciones Negociables;BOND;IRSA INVERSIONES Y REPRESENTACIONES S.A.
IRCFD;IRCFO;MEP;CORP;D;primary;;True;Oblig. Negociables;USP58809BH95;Obligaciones Negociables;BOND;IRSA INVERSIONES Y REPRESENTACIONES S.A.
IRCFO;IRCFO;ARS;CORP;O;primary;;True;Oblig. Negociables;USP58809BH95;Obligaciones Negociables;BOND;IRSA INVERSIONES Y REPRESENTACIONES S.A.
IRCFX;IRCFO;ARS;CORP;X;especial;;False;Oblig. Negociables;USP58809BH95;Obligaciones Negociables;BOND;IRSA INVERSIONES Y REPRESENTACIONES S.A.
IRCFZ;IRCFO;cable;CORP;Z;especial;;False;Oblig. Negociables;USP58809BH95;Obligaciones Negociables;BOND;IRSA INVERSIONES Y REPRESENTACIONES S.A.
IRCJC;IRCJO;cable;CORP;C;primary;;True;Oblig. Negociables;AR0961375257;Obligaciones Negociables;BOND;IRSA INVERSIONES Y REPRESENTACIONES S.A.
IRCJD;IRCJO;MEP;CORP;D;primary;;True;Oblig. Negociables;AR0961375257;Obligaciones Negociables;BOND;IRSA INVERSIONES Y REPRESENTACIONES S.A.
IRCJO;IRCJO;ARS;CORP;O;primary;;True;Oblig. Negociables;AR0961375257;Obligaciones Negociables;BOND;IRSA INVERSIONES Y REPRESENTACIONES S.A.
IRCJX;IRCJO;ARS;CORP;X;especial;;False;Oblig. Negociables;AR0961375257;Obligaciones Negociables;BOND;IRSA INVERSIONES Y REPRESENTACIONES S.A.
IRCJY;IRCJO;MEP;CORP;Y;especial;;False;Oblig. Negociables;AR0961375257;Obligaciones Negociables;BOND;IRSA INVERSIONES Y REPRESENTACIONES S.A.
IRCJZ;IRCJO;cable;CORP;Z;especial;;False;Oblig. Negociables;AR0961375257;Obligaciones Negociables;BOND;IRSA INVERSIONES Y REPRESENTACIONES S.A.
IRCLC;IRCLO;cable;CORP;C;primary;;True;Oblig. Negociables;AR0200915251;Obligaciones Negociables;BOND;IRSA INVERSIONES Y REPRESENTACIONES S.A.
IRCLD;IRCLO;MEP;CORP;D;primary;;True;Oblig. Negociables;AR0200915251;Obligaciones Negociables;BOND;IRSA INVERSIONES Y REPRESENTACIONES S.A.
IRCLO;IRCLO;ARS;CORP;O;primary;;True;Oblig. Negociables;AR0200915251;Obligaciones Negociables;BOND;IRSA INVERSIONES Y REPRESENTACIONES S.A.
IRCLX;IRCLO;ARS;CORP;X;especial;;False;Oblig. Negociables;AR0200915251;Obligaciones Negociables;BOND;IRSA INVERSIONES Y REPRESENTACIONES S.A.
IRCLY;IRCLO;MEP;CORP;Y;especial;;False;Oblig. Negociables;AR0200915251;Obligaciones Negociables;BOND;IRSA INVERSIONES Y REPRESENTACIONES S.A.
IRCLZ;IRCLO;cable;CORP;Z;especial;;False;Oblig. Negociables;AR0200915251;Obligaciones Negociables;BOND;IRSA INVERSIONES Y REPRESENTACIONES S.A.
IRCNC;IRCNO;cable;CORP;C;primary;;True;Oblig. Negociables;AR0275431465;Obligaciones Negociables;BOND;IRSA INVERSIONES Y REPRESENTACIONES S.A.
IRCND;IRCNO;MEP;CORP;D;primary;;True;Oblig. Negociables;AR0275431465;Obligaciones Negociables;BOND;IRSA INVERSIONES Y REPRESENTACIONES S.A.
IRCNO;IRCNO;ARS;CORP;O;primary;;True;Oblig. Negociables;AR0275431465;Obligaciones Negociables;BOND;IRSA INVERSIONES Y REPRESENTACIONES S.A.
IRCNX;IRCNO;ARS;CORP;X;especial;;False;Oblig. Negociables;AR0275431465;Obligaciones Negociables;BOND;IRSA INVERSIONES Y REPRESENTACIONES S.A.
IRCNY;IRCNO;MEP;CORP;Y;especial;;False;Oblig. Negociables;AR0275431465;Obligaciones Negociables;BOND;IRSA INVERSIONES Y REPRESENTACIONES S.A.
IRCNZ;IRCNO;cable;CORP;Z;especial;;False;Oblig. Negociables;AR0275431465;Obligaciones Negociables;BOND;IRSA INVERSIONES Y REPRESENTACIONES S.A.
IRCOC;IRCOO;cable;CORP;C;primary;;True;Oblig. Negociables;AR0084572384;Obligaciones Negociables;BOND;IRSA INVERSIONES Y REPRESENTACIONES S.A.
IRCOD;IRCOO;MEP;CORP;D;primary;;True;Oblig. Negociables;AR0084572384;Obligaciones Negociables;BOND;IRSA INVERSIONES Y REPRESENTACIONES S.A.
IRCOO;IRCOO;ARS;CORP;O;primary;;True;Oblig. Negociables;AR0084572384;Obligaciones Negociables;BOND;IRSA INVERSIONES Y REPRESENTACIONES S.A.
IRCOX;IRCOO;ARS;CORP;X;especial;;False;Oblig. Negociables;AR0084572384;Obligaciones Negociables;BOND;IRSA INVERSIONES Y REPRESENTACIONES S.A.
IRCOY;IRCOO;MEP;CORP;Y;especial;;False;Oblig. Negociables;AR0084572384;Obligaciones Negociables;BOND;IRSA INVERSIONES Y REPRESENTACIONES S.A.
IRCOZ;IRCOO;cable;CORP;Z;especial;;False;Oblig. Negociables;AR0084572384;Obligaciones Negociables;BOND;IRSA INVERSIONES Y REPRESENTACIONES S.A.
IRCPO;IRCPO;ARS;CORP;O;primary;;True;Oblig. Negociables;USP58809BU07;Obligaciones Negociables;BOND;IRSA INVERSIONES Y REPRESENTACIONES S.A.
IRCPX;IRCPO;ARS;CORP;X;especial;;False;Oblig. Negociables;USP58809BU07;Obligaciones Negociables;BOND;IRSA INVERSIONES Y REPRESENTACIONES S.A.
IRCPY;IRCPO;MEP;CORP;Y;especial;;False;Oblig. Negociables;USP58809BU07;Obligaciones Negociables;BOND;IRSA INVERSIONES Y REPRESENTACIONES S.A.
IRCPZ;IRCPO;cable;CORP;Z;especial;;False;Oblig. Negociables;USP58809BU07;Obligaciones Negociables;BOND;IRSA INVERSIONES Y REPRESENTACIONES S.A.
IRCQC;IRCQO;cable;CORP;C;primary;;True;Oblig. Negociables;;;;
IRCQD;IRCQO;MEP;CORP;D;primary;;True;Oblig. Negociables;;;;
IRCQX;IRCQO;ARS;CORP;X;especial;;False;Oblig. Negociables;;;;
IRCQY;IRCQO;MEP;CORP;Y;especial;;False;Oblig. Negociables;;;;
IRCQZ;IRCQO;cable;CORP;Z;especial;;False;Oblig. Negociables;;;;
JNC5C;JNC5O;cable;CORP;C;primary;;True;Oblig. Negociables;AR0809983775;Obligaciones Negociables;BOND;INVERSORA JURAMENTO S.A.
JNC5D;JNC5O;MEP;CORP;D;primary;;True;Oblig. Negociables;AR0809983775;Obligaciones Negociables;BOND;INVERSORA JURAMENTO S.A.
JNC5O;JNC5O;ARS;CORP;O;primary;;True;Oblig. Negociables;AR0809983775;Obligaciones Negociables;BOND;INVERSORA JURAMENTO S.A.
JNC5X;JNC5O;ARS;CORP;X;especial;;False;Oblig. Negociables;AR0809983775;Obligaciones Negociables;BOND;INVERSORA JURAMENTO S.A.
JNC5Y;JNC5O;MEP;CORP;Y;especial;;False;Oblig. Negociables;AR0809983775;Obligaciones Negociables;BOND;INVERSORA JURAMENTO S.A.
JNC6D;JNC6O;MEP;CORP;D;primary;;True;Oblig. Negociables;AR0959790582;Obligaciones Negociables;BOND;INVERSORA JURAMENTO S.A.
JNC6O;JNC6O;ARS;CORP;O;primary;;True;Oblig. Negociables;AR0959790582;Obligaciones Negociables;BOND;INVERSORA JURAMENTO S.A.
JNC6Y;JNC6O;MEP;CORP;Y;especial;;False;Oblig. Negociables;AR0959790582;Obligaciones Negociables;BOND;INVERSORA JURAMENTO S.A.
JOS1C;JOS1O;cable;CORP;C;primary;;True;Oblig. Negociables;;;;
JOS1D;JOS1O;MEP;CORP;D;primary;;True;Oblig. Negociables;;;;
JOS1P;JOS1O;ARS;CORP;P;otro;;False;Oblig. Negociables;;;;
KLS1C;KLS1O;cable;CORP;C;primary;;True;Oblig. Negociables;;;;
KLS1D;KLS1O;MEP;CORP;D;primary;;True;Oblig. Negociables;;;;
KLS1P;KLS1O;ARS;CORP;P;otro;;False;Oblig. Negociables;;;;
KR1AC;KR1AO;cable;CORP;C;primary;;True;Oblig. Negociables;;;;
KR1AD;KR1AO;MEP;CORP;D;primary;;True;Oblig. Negociables;;;;
KR1AP;KR1AO;ARS;CORP;P;otro;;False;Oblig. Negociables;;;;
KR1BC;KR1BO;cable;CORP;C;primary;;True;Oblig. Negociables;;;;
KR1BD;KR1BO;MEP;CORP;D;primary;;True;Oblig. Negociables;;;;
KR1BP;KR1BO;ARS;CORP;P;otro;;False;Oblig. Negociables;;;;
KYS1P;KYS1O;ARS;CORP;P;otro;;False;Oblig. Negociables;AR0724814501;Oblig. Negociables PYMES;BOND;Milkynet S.A.
LA21P;LA21O;ARS;CORP;P;otro;;False;Oblig. Negociables;AR0688125100;Oblig. Negociables PYMES;BOND;Latitud 45 Petróleo y Gas S.A.
LA23P;LA23O;ARS;CORP;P;otro;;False;Oblig. Negociables;AR0281082906;Oblig. Negociables PYMES;BOND;Latitud 45 Petróleo y Gas S.A.
LDCGC;LDCGO;cable;CORP;C;primary;;True;Oblig. Negociables;AR0079775596;Obligaciones Negociables;BOND;LEDESMA S.A.
LDCGD;LDCGO;MEP;CORP;D;primary;;True;Oblig. Negociables;AR0079775596;Obligaciones Negociables;BOND;LEDESMA S.A.
LDCGO;LDCGO;ARS;CORP;O;primary;;True;Oblig. Negociables;AR0079775596;Obligaciones Negociables;BOND;LEDESMA S.A.
LDCGX;LDCGO;ARS;CORP;X;especial;;False;Oblig. Negociables;AR0079775596;Obligaciones Negociables;BOND;LEDESMA S.A.
LDCGY;LDCGO;MEP;CORP;Y;especial;;False;Oblig. Negociables;AR0079775596;Obligaciones Negociables;BOND;LEDESMA S.A.
LDCGZ;LDCGO;cable;CORP;Z;especial;;False;Oblig. Negociables;AR0079775596;Obligaciones Negociables;BOND;LEDESMA S.A.
LH13D;LH13O;MEP;CORP;D;primary;;True;Oblig. Negociables;;;;
LIC6D;LIC6O;MEP;CORP;D;primary;;True;Oblig. Negociables;AR0844690534;Obligaciones Negociables;BOND;Lipsa S.R.L.
LIC6O;LIC6O;ARS;CORP;O;primary;;True;Oblig. Negociables;AR0844690534;Obligaciones Negociables;BOND;Lipsa S.R.L.
LIC6Y;LIC6O;MEP;CORP;Y;especial;;False;Oblig. Negociables;AR0844690534;Obligaciones Negociables;BOND;Lipsa S.R.L.
LL1LC;LL1LO;cable;CORP;C;primary;;True;Oblig. Negociables;;;;
LL1LD;LL1LO;MEP;CORP;D;primary;;True;Oblig. Negociables;;;;
LLS1C;LLS1O;cable;CORP;C;primary;;True;Oblig. Negociables;;;;
LLS1D;LLS1O;MEP;CORP;D;primary;;True;Oblig. Negociables;;;;
LLS1L;LLS1O;ARS;CORP;L;otro;;False;Oblig. Negociables;;;;
LLS1P;LLS1O;ARS;CORP;P;otro;;False;Oblig. Negociables;;;;
LMS1C;LMS1O;cable;CORP;C;primary;;True;Oblig. Negociables;;;;
LMS1D;LMS1O;MEP;CORP;D;primary;;True;Oblig. Negociables;;;;
LMS1P;LMS1O;ARS;CORP;P;otro;;False;Oblig. Negociables;;;;
LMS6C;LMS6O;cable;CORP;C;primary;;True;Oblig. Negociables;ARALUA560047;Obligaciones Negociables;BOND;ALUAR ALUMINIO ARGENTINO S.A.
LMS6D;LMS6O;MEP;CORP;D;primary;;True;Oblig. Negociables;ARALUA560047;Obligaciones Negociables;BOND;ALUAR ALUMINIO ARGENTINO S.A.
LMS6O;LMS6O;ARS;CORP;O;primary;;True;Oblig. Negociables;ARALUA560047;Obligaciones Negociables;BOND;ALUAR ALUMINIO ARGENTINO S.A.
LMS6X;LMS6O;ARS;CORP;X;especial;;False;Oblig. Negociables;ARALUA560047;Obligaciones Negociables;BOND;ALUAR ALUMINIO ARGENTINO S.A.
LMS6Z;LMS6O;cable;CORP;Z;especial;;False;Oblig. Negociables;ARALUA560047;Obligaciones Negociables;BOND;ALUAR ALUMINIO ARGENTINO S.A.
LMS7C;LMS7O;cable;CORP;C;primary;;True;Oblig. Negociables;AR0183513875;Obligaciones Negociables;BOND;ALUAR ALUMINIO ARGENTINO S.A.
LMS7D;LMS7O;MEP;CORP;D;primary;;True;Oblig. Negociables;AR0183513875;Obligaciones Negociables;BOND;ALUAR ALUMINIO ARGENTINO S.A.
LMS7O;LMS7O;ARS;CORP;O;primary;;True;Oblig. Negociables;AR0183513875;Obligaciones Negociables;BOND;ALUAR ALUMINIO ARGENTINO S.A.
LMS7X;LMS7O;ARS;CORP;X;especial;;False;Oblig. Negociables;AR0183513875;Obligaciones Negociables;BOND;ALUAR ALUMINIO ARGENTINO S.A.
LMS7Y;LMS7O;MEP;CORP;Y;especial;;False;Oblig. Negociables;AR0183513875;Obligaciones Negociables;BOND;ALUAR ALUMINIO ARGENTINO S.A.
LMS7Z;LMS7O;cable;CORP;Z;especial;;False;Oblig. Negociables;AR0183513875;Obligaciones Negociables;BOND;ALUAR ALUMINIO ARGENTINO S.A.
LMS8C;LMS8O;cable;CORP;C;primary;;True;Oblig. Negociables;AR0787528089;Obligaciones Negociables;BOND;ALUAR ALUMINIO ARGENTINO S.A.
LMS8D;LMS8O;MEP;CORP;D;primary;;True;Oblig. Negociables;AR0787528089;Obligaciones Negociables;BOND;ALUAR ALUMINIO ARGENTINO S.A.
LMS8O;LMS8O;ARS;CORP;O;primary;;True;Oblig. Negociables;AR0787528089;Obligaciones Negociables;BOND;ALUAR ALUMINIO ARGENTINO S.A.
LMS8X;LMS8O;ARS;CORP;X;especial;;False;Oblig. Negociables;AR0787528089;Obligaciones Negociables;BOND;ALUAR ALUMINIO ARGENTINO S.A.
LMS8Y;LMS8O;MEP;CORP;Y;especial;;False;Oblig. Negociables;AR0787528089;Obligaciones Negociables;BOND;ALUAR ALUMINIO ARGENTINO S.A.
LMS8Z;LMS8O;cable;CORP;Z;especial;;False;Oblig. Negociables;AR0787528089;Obligaciones Negociables;BOND;ALUAR ALUMINIO ARGENTINO S.A.
LMS9C;LMS9O;cable;CORP;C;primary;;True;Oblig. Negociables;AR0226237573;Obligaciones Negociables;BOND;ALUAR ALUMINIO ARGENTINO S.A.
LMS9D;LMS9O;MEP;CORP;D;primary;;True;Oblig. Negociables;AR0226237573;Obligaciones Negociables;BOND;ALUAR ALUMINIO ARGENTINO S.A.
LMS9O;LMS9O;ARS;CORP;O;primary;;True;Oblig. Negociables;AR0226237573;Obligaciones Negociables;BOND;ALUAR ALUMINIO ARGENTINO S.A.
LMS9X;LMS9O;ARS;CORP;X;especial;;False;Oblig. Negociables;AR0226237573;Obligaciones Negociables;BOND;ALUAR ALUMINIO ARGENTINO S.A.
LMS9Y;LMS9O;MEP;CORP;Y;especial;;False;Oblig. Negociables;AR0226237573;Obligaciones Negociables;BOND;ALUAR ALUMINIO ARGENTINO S.A.
LMS9Z;LMS9O;cable;CORP;Z;especial;;False;Oblig. Negociables;AR0226237573;Obligaciones Negociables;BOND;ALUAR ALUMINIO ARGENTINO S.A.
LNS3C;LNS3O;cable;CORP;C;primary;;True;Oblig. Negociables;;;;
LNS3D;LNS3O;MEP;CORP;D;primary;;True;Oblig. Negociables;;;;
LNS3P;LNS3O;ARS;CORP;P;otro;;False;Oblig. Negociables;;;;
LOC5C;LOC5O;cable;CORP;C;primary;;True;Oblig. Negociables;AR0579536985;Obligaciones Negociables;BOND;LOMA NEGRA COMPAÑIA INDUSTRIAL ARGENTINA SOCIEDAD ANONIMA
LOC5D;LOC5O;MEP;CORP;D;primary;;True;Oblig. Negociables;AR0579536985;Obligaciones Negociables;BOND;LOMA NEGRA COMPAÑIA INDUSTRIAL ARGENTINA SOCIEDAD ANONIMA
LOC5O;LOC5O;ARS;CORP;O;primary;;True;Oblig. Negociables;AR0579536985;Obligaciones Negociables;BOND;LOMA NEGRA COMPAÑIA INDUSTRIAL ARGENTINA SOCIEDAD ANONIMA
LOC5X;LOC5O;ARS;CORP;X;especial;;False;Oblig. Negociables;AR0579536985;Obligaciones Negociables;BOND;LOMA NEGRA COMPAÑIA INDUSTRIAL ARGENTINA SOCIEDAD ANONIMA
LOC5Y;LOC5O;MEP;CORP;Y;especial;;False;Oblig. Negociables;AR0579536985;Obligaciones Negociables;BOND;LOMA NEGRA COMPAÑIA INDUSTRIAL ARGENTINA SOCIEDAD ANONIMA
LOC5Z;LOC5O;cable;CORP;Z;especial;;False;Oblig. Negociables;AR0579536985;Obligaciones Negociables;BOND;LOMA NEGRA COMPAÑIA INDUSTRIAL ARGENTINA SOCIEDAD ANONIMA
LOC6C;LOC6O;cable;CORP;C;primary;;True;Oblig. Negociables;AR0204516451;Obligaciones Negociables;BOND;LOMA NEGRA COMPAÑIA INDUSTRIAL ARGENTINA SOCIEDAD ANONIMA
LOC6D;LOC6O;MEP;CORP;D;primary;;True;Oblig. Negociables;AR0204516451;Obligaciones Negociables;BOND;LOMA NEGRA COMPAÑIA INDUSTRIAL ARGENTINA SOCIEDAD ANONIMA
LOC6O;LOC6O;ARS;CORP;O;primary;;True;Oblig. Negociables;AR0204516451;Obligaciones Negociables;BOND;LOMA NEGRA COMPAÑIA INDUSTRIAL ARGENTINA SOCIEDAD ANONIMA
LOC6X;LOC6O;ARS;CORP;X;especial;;False;Oblig. Negociables;AR0204516451;Obligaciones Negociables;BOND;LOMA NEGRA COMPAÑIA INDUSTRIAL ARGENTINA SOCIEDAD ANONIMA
LOC6Y;LOC6O;MEP;CORP;Y;especial;;False;Oblig. Negociables;AR0204516451;Obligaciones Negociables;BOND;LOMA NEGRA COMPAÑIA INDUSTRIAL ARGENTINA SOCIEDAD ANONIMA
LOC6Z;LOC6O;cable;CORP;Z;especial;;False;Oblig. Negociables;AR0204516451;Obligaciones Negociables;BOND;LOMA NEGRA COMPAÑIA INDUSTRIAL ARGENTINA SOCIEDAD ANONIMA
LR3DO;LR3DO;ARS;CORP;O;primary;;True;Oblig. Negociables;ARLRIC560034;Obligaciones Negociables;BOND;LABORATORIOS RICHMOND S.A.C.I.F.
LR6BC;LR6BO;cable;CORP;C;primary;;True;Oblig. Negociables;AR0863488745;Obligaciones Negociables;BOND;LABORATORIOS RICHMOND S.A.C.I.F.
LR6BD;LR6BO;MEP;CORP;D;primary;;True;Oblig. Negociables;AR0863488745;Obligaciones Negociables;BOND;LABORATORIOS RICHMOND S.A.C.I.F.
LR6BO;LR6BO;ARS;CORP;O;primary;;True;Oblig. Negociables;AR0863488745;Obligaciones Negociables;BOND;LABORATORIOS RICHMOND S.A.C.I.F.
LR6BX;LR6BO;ARS;CORP;X;especial;;False;Oblig. Negociables;AR0863488745;Obligaciones Negociables;BOND;LABORATORIOS RICHMOND S.A.C.I.F.
LR6BY;LR6BO;MEP;CORP;Y;especial;;False;Oblig. Negociables;AR0863488745;Obligaciones Negociables;BOND;LABORATORIOS RICHMOND S.A.C.I.F.
LR6BZ;LR6BO;cable;CORP;Z;especial;;False;Oblig. Negociables;AR0863488745;Obligaciones Negociables;BOND;LABORATORIOS RICHMOND S.A.C.I.F.
LR6CC;LR6CO;cable;CORP;C;primary;;True;Oblig. Negociables;;;;
LR6CD;LR6CO;MEP;CORP;D;primary;;True;Oblig. Negociables;;;;
LR6CO;LR6CO;ARS;CORP;O;primary;;True;Oblig. Negociables;;;;
LR6CX;LR6CO;ARS;CORP;X;especial;;False;Oblig. Negociables;;;;
LR6CY;LR6CO;MEP;CORP;Y;especial;;False;Oblig. Negociables;;;;
LR6CZ;LR6CO;cable;CORP;Z;especial;;False;Oblig. Negociables;;;;
LR7AC;LR7AO;cable;CORP;C;primary;;True;Oblig. Negociables;AR0905777444;Obligaciones Negociables;BOND;LABORATORIOS RICHMOND S.A.C.I.F.
LR7AD;LR7AO;MEP;CORP;D;primary;;True;Oblig. Negociables;AR0905777444;Obligaciones Negociables;BOND;LABORATORIOS RICHMOND S.A.C.I.F.
LR7AO;LR7AO;ARS;CORP;O;primary;;True;Oblig. Negociables;AR0905777444;Obligaciones Negociables;BOND;LABORATORIOS RICHMOND S.A.C.I.F.
LR7AX;LR7AO;ARS;CORP;X;especial;;False;Oblig. Negociables;AR0905777444;Obligaciones Negociables;BOND;LABORATORIOS RICHMOND S.A.C.I.F.
LR7AY;LR7AO;MEP;CORP;Y;especial;;False;Oblig. Negociables;AR0905777444;Obligaciones Negociables;BOND;LABORATORIOS RICHMOND S.A.C.I.F.
LR7AZ;LR7AO;cable;CORP;Z;especial;;False;Oblig. Negociables;AR0905777444;Obligaciones Negociables;BOND;LABORATORIOS RICHMOND S.A.C.I.F.
LR7BC;LR7BO;cable;CORP;C;primary;;True;Oblig. Negociables;AR0025550911;Obligaciones Negociables;BOND;LABORATORIOS RICHMOND S.A.C.I.F.
LR7BD;LR7BO;MEP;CORP;D;primary;;True;Oblig. Negociables;AR0025550911;Obligaciones Negociables;BOND;LABORATORIOS RICHMOND S.A.C.I.F.
LR7BO;LR7BO;ARS;CORP;O;primary;;True;Oblig. Negociables;AR0025550911;Obligaciones Negociables;BOND;LABORATORIOS RICHMOND S.A.C.I.F.
LR7BX;LR7BO;ARS;CORP;X;especial;;False;Oblig. Negociables;AR0025550911;Obligaciones Negociables;BOND;LABORATORIOS RICHMOND S.A.C.I.F.
LR7BY;LR7BO;MEP;CORP;Y;especial;;False;Oblig. Negociables;AR0025550911;Obligaciones Negociables;BOND;LABORATORIOS RICHMOND S.A.C.I.F.
LR7BZ;LR7BO;cable;CORP;Z;especial;;False;Oblig. Negociables;AR0025550911;Obligaciones Negociables;BOND;LABORATORIOS RICHMOND S.A.C.I.F.
LRS5D;LRS5O;MEP;CORP;D;primary;;True;Oblig. Negociables;AR0723421910;Obligaciones Negociables;BOND;LABORATORIOS RICHMOND S.A.C.I.F.
LRS5O;LRS5O;ARS;CORP;O;primary;;True;Oblig. Negociables;AR0723421910;Obligaciones Negociables;BOND;LABORATORIOS RICHMOND S.A.C.I.F.
LRS5X;LRS5O;ARS;CORP;X;especial;;False;Oblig. Negociables;AR0723421910;Obligaciones Negociables;BOND;LABORATORIOS RICHMOND S.A.C.I.F.
LRS5Y;LRS5O;MEP;CORP;Y;especial;;False;Oblig. Negociables;AR0723421910;Obligaciones Negociables;BOND;LABORATORIOS RICHMOND S.A.C.I.F.
LRS5Z;LRS5O;cable;CORP;Z;especial;;False;Oblig. Negociables;AR0723421910;Obligaciones Negociables;BOND;LABORATORIOS RICHMOND S.A.C.I.F.
LT1LC;LT1LO;cable;CORP;C;primary;;True;Oblig. Negociables;;;;
LT1LD;LT1LO;MEP;CORP;D;primary;;True;Oblig. Negociables;;;;
LTS1L;LTS1O;ARS;CORP;L;otro;;False;Oblig. Negociables;AR0573516967;Oblig. Negociables PYMES;BOND;Latamly S.A.
LUC3D;LUC3O;MEP;CORP;D;primary;;True;Oblig. Negociables;ARLUZT560039;Obligaciones Negociables;BOND;Luz de Tres Picos S.A.
LUC3O;LUC3O;ARS;CORP;O;primary;;True;Oblig. Negociables;ARLUZT560039;Obligaciones Negociables;BOND;Luz de Tres Picos S.A.
LUC3X;LUC3O;ARS;CORP;X;especial;;False;Oblig. Negociables;ARLUZT560039;Obligaciones Negociables;BOND;Luz de Tres Picos S.A.
LUC4C;LUC4O;cable;CORP;C;primary;;True;Oblig. Negociables;ARLUZT560047;Obligaciones Negociables;BOND;Luz de Tres Picos S.A.
LUC4D;LUC4O;MEP;CORP;D;primary;;True;Oblig. Negociables;ARLUZT560047;Obligaciones Negociables;BOND;Luz de Tres Picos S.A.
LUC4O;LUC4O;ARS;CORP;O;primary;;True;Oblig. Negociables;ARLUZT560047;Obligaciones Negociables;BOND;Luz de Tres Picos S.A.
LUC4X;LUC4O;ARS;CORP;X;especial;;False;Oblig. Negociables;ARLUZT560047;Obligaciones Negociables;BOND;Luz de Tres Picos S.A.
LUC4Z;LUC4O;cable;CORP;Z;especial;;False;Oblig. Negociables;ARLUZT560047;Obligaciones Negociables;BOND;Luz de Tres Picos S.A.
LUC5C;LUC5O;cable;CORP;C;primary;;True;Oblig. Negociables;AR0305664218;Obligaciones Negociables;BOND;Luz de Tres Picos S.A.
LUC5D;LUC5O;MEP;CORP;D;primary;;True;Oblig. Negociables;AR0305664218;Obligaciones Negociables;BOND;Luz de Tres Picos S.A.
LUC5O;LUC5O;ARS;CORP;O;primary;;True;Oblig. Negociables;AR0305664218;Obligaciones Negociables;BOND;Luz de Tres Picos S.A.
LUC5X;LUC5O;ARS;CORP;X;especial;;False;Oblig. Negociables;AR0305664218;Obligaciones Negociables;BOND;Luz de Tres Picos S.A.
LUC5Y;LUC5O;MEP;CORP;Y;especial;;False;Oblig. Negociables;AR0305664218;Obligaciones Negociables;BOND;Luz de Tres Picos S.A.
LUC5Z;LUC5O;cable;CORP;Z;especial;;False;Oblig. Negociables;AR0305664218;Obligaciones Negociables;BOND;Luz de Tres Picos S.A.
LVS1P;LVS1O;ARS;CORP;P;otro;;False;Oblig. Negociables;AR0594346634;Oblig. Negociables PYMES;BOND;Los Valientes S.A.
MCC1C;MCC1O;cable;CORP;C;primary;;True;Oblig. Negociables;AR0518594251;Obligaciones Negociables;BOND;Pecom Servicios de Energía S.A.U.
MCC1D;MCC1O;MEP;CORP;D;primary;;True;Oblig. Negociables;AR0518594251;Obligaciones Negociables;BOND;Pecom Servicios de Energía S.A.U.
MCC1O;MCC1O;ARS;CORP;O;primary;;True;Oblig. Negociables;AR0518594251;Obligaciones Negociables;BOND;Pecom Servicios de Energía S.A.U.
MCC2C;MCC2O;cable;CORP;C;primary;;True;Oblig. Negociables;AR0713356035;Obligaciones Negociables;BOND;Pecom Servicios de Energía S.A.U.
MCC2D;MCC2O;MEP;CORP;D;primary;;True;Oblig. Negociables;AR0713356035;Obligaciones Negociables;BOND;Pecom Servicios de Energía S.A.U.
MCC2O;MCC2O;ARS;CORP;O;primary;;True;Oblig. Negociables;AR0713356035;Obligaciones Negociables;BOND;Pecom Servicios de Energía S.A.U.
MCC2Y;MCC2O;MEP;CORP;Y;especial;;False;Oblig. Negociables;AR0713356035;Obligaciones Negociables;BOND;Pecom Servicios de Energía S.A.U.
MCC3C;MCC3O;cable;CORP;C;primary;;True;Oblig. Negociables;AR0922852063;Obligaciones Negociables;BOND;Pecom Servicios de Energía S.A.U.
MCC3D;MCC3O;MEP;CORP;D;primary;;True;Oblig. Negociables;AR0922852063;Obligaciones Negociables;BOND;Pecom Servicios de Energía S.A.U.
MCC3O;MCC3O;ARS;CORP;O;primary;;True;Oblig. Negociables;AR0922852063;Obligaciones Negociables;BOND;Pecom Servicios de Energía S.A.U.
MCC3X;MCC3O;ARS;CORP;X;especial;;False;Oblig. Negociables;AR0922852063;Obligaciones Negociables;BOND;Pecom Servicios de Energía S.A.U.
MCC3Y;MCC3O;MEP;CORP;Y;especial;;False;Oblig. Negociables;AR0922852063;Obligaciones Negociables;BOND;Pecom Servicios de Energía S.A.U.
MCC3Z;MCC3O;cable;CORP;Z;especial;;False;Oblig. Negociables;AR0922852063;Obligaciones Negociables;BOND;Pecom Servicios de Energía S.A.U.
MG1RC;MG1RO;cable;CORP;C;primary;;True;Oblig. Negociables;US697660AH13;Obligaciones Negociables;BOND;PAMPA ENERGIA S.A
MG1RD;MG1RO;MEP;CORP;D;primary;;True;Oblig. Negociables;US697660AH13;Obligaciones Negociables;BOND;PAMPA ENERGIA S.A
MG1RO;MG1RO;ARS;CORP;O;primary;;True;Oblig. Negociables;US697660AH13;Obligaciones Negociables;BOND;PAMPA ENERGIA S.A
MG1RX;MG1RO;ARS;CORP;X;especial;;False;Oblig. Negociables;US697660AH13;Obligaciones Negociables;BOND;PAMPA ENERGIA S.A
MG1RZ;MG1RO;cable;CORP;Z;especial;;False;Oblig. Negociables;US697660AH13;Obligaciones Negociables;BOND;PAMPA ENERGIA S.A
MGCEC;MGCEO;cable;CORP;C;primary;;True;Oblig. Negociables;ARPAMP5600G7;Obligaciones Negociables;BOND;PAMPA ENERGIA S.A
MGCED;MGCEO;MEP;CORP;D;primary;;True;Oblig. Negociables;ARPAMP5600G7;Obligaciones Negociables;BOND;PAMPA ENERGIA S.A
MGCEO;MGCEO;ARS;CORP;O;primary;;True;Oblig. Negociables;ARPAMP5600G7;Obligaciones Negociables;BOND;PAMPA ENERGIA S.A
MGCEX;MGCEO;ARS;CORP;X;especial;;False;Oblig. Negociables;ARPAMP5600G7;Obligaciones Negociables;BOND;PAMPA ENERGIA S.A
MGCMC;MGCMO;cable;CORP;C;primary;;True;Oblig. Negociables;USP7464EAS56;Obligaciones Negociables;BOND;PAMPA ENERGIA S.A
MGCMD;MGCMO;MEP;CORP;D;primary;;True;Oblig. Negociables;USP7464EAS56;Obligaciones Negociables;BOND;PAMPA ENERGIA S.A
MGCMO;MGCMO;ARS;CORP;O;primary;;True;Oblig. Negociables;USP7464EAS56;Obligaciones Negociables;BOND;PAMPA ENERGIA S.A
MGCMX;MGCMO;ARS;CORP;X;especial;;False;Oblig. Negociables;USP7464EAS56;Obligaciones Negociables;BOND;PAMPA ENERGIA S.A
MGCMY;MGCMO;MEP;CORP;Y;especial;;False;Oblig. Negociables;USP7464EAS56;Obligaciones Negociables;BOND;PAMPA ENERGIA S.A
MGCMZ;MGCMO;cable;CORP;Z;especial;;False;Oblig. Negociables;USP7464EAS56;Obligaciones Negociables;BOND;PAMPA ENERGIA S.A
MGCNC;MGCNO;cable;CORP;C;primary;;True;Oblig. Negociables;AR0765746752;Obligaciones Negociables;BOND;PAMPA ENERGIA S.A
MGCND;MGCNO;MEP;CORP;D;primary;;True;Oblig. Negociables;AR0765746752;Obligaciones Negociables;BOND;PAMPA ENERGIA S.A
MGCNO;MGCNO;ARS;CORP;O;primary;;True;Oblig. Negociables;AR0765746752;Obligaciones Negociables;BOND;PAMPA ENERGIA S.A
MGCNX;MGCNO;ARS;CORP;X;especial;;False;Oblig. Negociables;AR0765746752;Obligaciones Negociables;BOND;PAMPA ENERGIA S.A
MGCNY;MGCNO;MEP;CORP;Y;especial;;False;Oblig. Negociables;AR0765746752;Obligaciones Negociables;BOND;PAMPA ENERGIA S.A
MGCNZ;MGCNO;cable;CORP;Z;especial;;False;Oblig. Negociables;AR0765746752;Obligaciones Negociables;BOND;PAMPA ENERGIA S.A
MGCOC;MGCOO;cable;CORP;C;primary;;True;Oblig. Negociables;USP7464EAT30;Obligaciones Negociables;BOND;PAMPA ENERGIA S.A
MGCOD;MGCOO;MEP;CORP;D;primary;;True;Oblig. Negociables;USP7464EAT30;Obligaciones Negociables;BOND;PAMPA ENERGIA S.A
MGCOO;MGCOO;ARS;CORP;O;primary;;True;Oblig. Negociables;USP7464EAT30;Obligaciones Negociables;BOND;PAMPA ENERGIA S.A
MGCOX;MGCOO;ARS;CORP;X;especial;;False;Oblig. Negociables;USP7464EAT30;Obligaciones Negociables;BOND;PAMPA ENERGIA S.A
MGCOY;MGCOO;MEP;CORP;Y;especial;;False;Oblig. Negociables;USP7464EAT30;Obligaciones Negociables;BOND;PAMPA ENERGIA S.A
MGCOZ;MGCOO;cable;CORP;Z;especial;;False;Oblig. Negociables;USP7464EAT30;Obligaciones Negociables;BOND;PAMPA ENERGIA S.A
MGCQC;MGCQO;cable;CORP;C;primary;;True;Oblig. Negociables;AR0519406398;Obligaciones Negociables;BOND;PAMPA ENERGIA S.A
MGCQD;MGCQO;MEP;CORP;D;primary;;True;Oblig. Negociables;AR0519406398;Obligaciones Negociables;BOND;PAMPA ENERGIA S.A
MGCQO;MGCQO;ARS;CORP;O;primary;;True;Oblig. Negociables;AR0519406398;Obligaciones Negociables;BOND;PAMPA ENERGIA S.A
MGCQX;MGCQO;ARS;CORP;X;especial;;False;Oblig. Negociables;AR0519406398;Obligaciones Negociables;BOND;PAMPA ENERGIA S.A
MGCQY;MGCQO;MEP;CORP;Y;especial;;False;Oblig. Negociables;AR0519406398;Obligaciones Negociables;BOND;PAMPA ENERGIA S.A
MGCQZ;MGCQO;cable;CORP;Z;especial;;False;Oblig. Negociables;AR0519406398;Obligaciones Negociables;BOND;PAMPA ENERGIA S.A
MGCRC;MGCRO;cable;CORP;C;primary;;True;Oblig. Negociables;USP7464EAY25;Obligaciones Negociables;BOND;PAMPA ENERGIA S.A
MGCRD;MGCRO;MEP;CORP;D;primary;;True;Oblig. Negociables;USP7464EAY25;Obligaciones Negociables;BOND;PAMPA ENERGIA S.A
MGCRO;MGCRO;ARS;CORP;O;primary;;True;Oblig. Negociables;USP7464EAY25;Obligaciones Negociables;BOND;PAMPA ENERGIA S.A
MGCRX;MGCRO;ARS;CORP;X;especial;;False;Oblig. Negociables;USP7464EAY25;Obligaciones Negociables;BOND;PAMPA ENERGIA S.A
MGCRY;MGCRO;MEP;CORP;Y;especial;;False;Oblig. Negociables;USP7464EAY25;Obligaciones Negociables;BOND;PAMPA ENERGIA S.A
MGCRZ;MGCRO;cable;CORP;Z;especial;;False;Oblig. Negociables;USP7464EAY25;Obligaciones Negociables;BOND;PAMPA ENERGIA S.A
MGCTC;MGCTO;cable;CORP;C;primary;;True;Oblig. Negociables;AR0145481872;Obligaciones Negociables;BOND;PAMPA ENERGIA S.A
MGCTD;MGCTO;MEP;CORP;D;primary;;True;Oblig. Negociables;AR0145481872;Obligaciones Negociables;BOND;PAMPA ENERGIA S.A
MGCTO;MGCTO;ARS;CORP;O;primary;;True;Oblig. Negociables;AR0145481872;Obligaciones Negociables;BOND;PAMPA ENERGIA S.A
MGCTX;MGCTO;ARS;CORP;X;especial;;False;Oblig. Negociables;AR0145481872;Obligaciones Negociables;BOND;PAMPA ENERGIA S.A
MGCTY;MGCTO;MEP;CORP;Y;especial;;False;Oblig. Negociables;AR0145481872;Obligaciones Negociables;BOND;PAMPA ENERGIA S.A
MGCTZ;MGCTO;cable;CORP;Z;especial;;False;Oblig. Negociables;AR0145481872;Obligaciones Negociables;BOND;PAMPA ENERGIA S.A
MIC3C;MIC3O;cable;CORP;C;primary;;True;Oblig. Negociables;AR0743608512;Obligaciones Negociables;BOND;MIRGOR S.A.
MIC3D;MIC3O;MEP;CORP;D;primary;;True;Oblig. Negociables;AR0743608512;Obligaciones Negociables;BOND;MIRGOR S.A.
MIC3O;MIC3O;ARS;CORP;O;primary;;True;Oblig. Negociables;AR0743608512;Obligaciones Negociables;BOND;MIRGOR S.A.
MIC3X;MIC3O;ARS;CORP;X;especial;;False;Oblig. Negociables;AR0743608512;Obligaciones Negociables;BOND;MIRGOR S.A.
MIC3Y;MIC3O;MEP;CORP;Y;especial;;False;Oblig. Negociables;AR0743608512;Obligaciones Negociables;BOND;MIRGOR S.A.
MIC3Z;MIC3O;cable;CORP;Z;especial;;False;Oblig. Negociables;AR0743608512;Obligaciones Negociables;BOND;MIRGOR S.A.
MIC4C;MIC4O;cable;CORP;C;primary;;True;Oblig. Negociables;AR0262817601;Obligaciones Negociables;BOND;MIRGOR S.A.
MIC4D;MIC4O;MEP;CORP;D;primary;;True;Oblig. Negociables;AR0262817601;Obligaciones Negociables;BOND;MIRGOR S.A.
MIC4O;MIC4O;ARS;CORP;O;primary;;True;Oblig. Negociables;AR0262817601;Obligaciones Negociables;BOND;MIRGOR S.A.
MIC4X;MIC4O;ARS;CORP;X;especial;;False;Oblig. Negociables;AR0262817601;Obligaciones Negociables;BOND;MIRGOR S.A.
MIC4Y;MIC4O;MEP;CORP;Y;especial;;False;Oblig. Negociables;AR0262817601;Obligaciones Negociables;BOND;MIRGOR S.A.
MIC4Z;MIC4O;cable;CORP;Z;especial;;False;Oblig. Negociables;AR0262817601;Obligaciones Negociables;BOND;MIRGOR S.A.
MIC6C;MIC6O;cable;CORP;C;primary;;True;Oblig. Negociables;AR0958484906;Obligaciones Negociables;BOND;MIRGOR S.A.
MIC6D;MIC6O;MEP;CORP;D;primary;;True;Oblig. Negociables;AR0958484906;Obligaciones Negociables;BOND;MIRGOR S.A.
MIC6O;MIC6O;ARS;CORP;O;primary;;True;Oblig. Negociables;AR0958484906;Obligaciones Negociables;BOND;MIRGOR S.A.
MIC6X;MIC6O;ARS;CORP;X;especial;;False;Oblig. Negociables;AR0958484906;Obligaciones Negociables;BOND;MIRGOR S.A.
MIC6Y;MIC6O;MEP;CORP;Y;especial;;False;Oblig. Negociables;AR0958484906;Obligaciones Negociables;BOND;MIRGOR S.A.
MIC6Z;MIC6O;cable;CORP;Z;especial;;False;Oblig. Negociables;AR0958484906;Obligaciones Negociables;BOND;MIRGOR S.A.
MJC1C;MJC1O;cable;CORP;C;primary;;True;Oblig. Negociables;AR0207947562;Obligaciones Negociables;BOND;Minas Argentinas S.A.
MJC1D;MJC1O;MEP;CORP;D;primary;;True;Oblig. Negociables;AR0207947562;Obligaciones Negociables;BOND;Minas Argentinas S.A.
MJC1O;MJC1O;ARS;CORP;O;primary;;True;Oblig. Negociables;AR0207947562;Obligaciones Negociables;BOND;Minas Argentinas S.A.
MR39C;MR39O;cable;CORP;C;primary;;True;Oblig. Negociables;USP46214AG00;Obligaciones Negociables;BOND;Generación Mediterránea S.A. - Central Térmica Roca S.A.
MR39D;MR39O;MEP;CORP;D;primary;;True;Oblig. Negociables;USP46214AG00;Obligaciones Negociables;BOND;Generación Mediterránea S.A. - Central Térmica Roca S.A.
MR39O;MR39O;ARS;CORP;O;primary;;True;Oblig. Negociables;USP46214AG00;Obligaciones Negociables;BOND;Generación Mediterránea S.A. - Central Térmica Roca S.A.
MR39X;MR39O;ARS;CORP;X;especial;;False;Oblig. Negociables;USP46214AG00;Obligaciones Negociables;BOND;Generación Mediterránea S.A. - Central Térmica Roca S.A.
MR39Y;MR39O;MEP;CORP;Y;especial;;False;Oblig. Negociables;USP46214AG00;Obligaciones Negociables;BOND;Generación Mediterránea S.A. - Central Térmica Roca S.A.
MR39Z;MR39O;cable;CORP;Z;especial;;False;Oblig. Negociables;USP46214AG00;Obligaciones Negociables;BOND;Generación Mediterránea S.A. - Central Térmica Roca S.A.
MR41C;MR41O;cable;CORP;C;primary;;True;Oblig. Negociables;AR0620372109;Obligaciones Negociables;BOND;Generación Mediterránea S.A. - Central Térmica Roca S.A.
MR41D;MR41O;MEP;CORP;D;primary;;True;Oblig. Negociables;AR0620372109;Obligaciones Negociables;BOND;Generación Mediterránea S.A. - Central Térmica Roca S.A.
MR41O;MR41O;ARS;CORP;O;primary;;True;Oblig. Negociables;AR0620372109;Obligaciones Negociables;BOND;Generación Mediterránea S.A. - Central Térmica Roca S.A.
MR41X;MR41O;ARS;CORP;X;especial;;False;Oblig. Negociables;AR0620372109;Obligaciones Negociables;BOND;Generación Mediterránea S.A. - Central Térmica Roca S.A.
MR41Y;MR41O;MEP;CORP;Y;especial;;False;Oblig. Negociables;AR0620372109;Obligaciones Negociables;BOND;Generación Mediterránea S.A. - Central Térmica Roca S.A.
MR41Z;MR41O;cable;CORP;Z;especial;;False;Oblig. Negociables;AR0620372109;Obligaciones Negociables;BOND;Generación Mediterránea S.A. - Central Térmica Roca S.A.
MSSBC;MSSBO;cable;CORP;C;primary;;True;Oblig. Negociables;ARLEDE5600D8;Obligaciones Negociables;BOND;MSU S.A.
MSSBO;MSSBO;ARS;CORP;O;primary;;True;Oblig. Negociables;ARLEDE5600D8;Obligaciones Negociables;BOND;MSU S.A.
MSSBX;MSSBO;ARS;CORP;X;especial;;False;Oblig. Negociables;ARLEDE5600D8;Obligaciones Negociables;BOND;MSU S.A.
MSSBY;MSSBO;MEP;CORP;Y;especial;;False;Oblig. Negociables;ARLEDE5600D8;Obligaciones Negociables;BOND;MSU S.A.
MSSBZ;MSSBO;cable;CORP;Z;especial;;False;Oblig. Negociables;ARLEDE5600D8;Obligaciones Negociables;BOND;MSU S.A.
MSSDC;MSSDO;cable;CORP;C;primary;;True;Oblig. Negociables;;;;
MSSDD;MSSDO;MEP;CORP;D;primary;;True;Oblig. Negociables;;;;
MSSDX;MSSDO;ARS;CORP;X;especial;;False;Oblig. Negociables;;;;
MSSDY;MSSDO;MEP;CORP;Y;especial;;False;Oblig. Negociables;;;;
MSSDZ;MSSDO;cable;CORP;Z;especial;;False;Oblig. Negociables;;;;
MSSEC;MSSEO;cable;CORP;C;primary;;True;Oblig. Negociables;ARMSUS5600F5;Obligaciones Negociables;BOND;MSU S.A.
MSSED;MSSEO;MEP;CORP;D;primary;;True;Oblig. Negociables;ARMSUS5600F5;Obligaciones Negociables;BOND;MSU S.A.
MSSEO;MSSEO;ARS;CORP;O;primary;;True;Oblig. Negociables;ARMSUS5600F5;Obligaciones Negociables;BOND;MSU S.A.
MSSEX;MSSEO;ARS;CORP;X;especial;;False;Oblig. Negociables;ARMSUS5600F5;Obligaciones Negociables;BOND;MSU S.A.
MSSEY;MSSEO;MEP;CORP;Y;especial;;False;Oblig. Negociables;ARMSUS5600F5;Obligaciones Negociables;BOND;MSU S.A.
MSSEZ;MSSEO;cable;CORP;Z;especial;;False;Oblig. Negociables;ARMSUS5600F5;Obligaciones Negociables;BOND;MSU S.A.
MSSFC;MSSFO;cable;CORP;C;primary;;True;Oblig. Negociables;AR0820572623;Obligaciones Negociables;BOND;MSU S.A.
MSSFD;MSSFO;MEP;CORP;D;primary;;True;Oblig. Negociables;AR0820572623;Obligaciones Negociables;BOND;MSU S.A.
MSSFO;MSSFO;ARS;CORP;O;primary;;True;Oblig. Negociables;AR0820572623;Obligaciones Negociables;BOND;MSU S.A.
MSSFX;MSSFO;ARS;CORP;X;especial;;False;Oblig. Negociables;AR0820572623;Obligaciones Negociables;BOND;MSU S.A.
MSSFY;MSSFO;MEP;CORP;Y;especial;;False;Oblig. Negociables;AR0820572623;Obligaciones Negociables;BOND;MSU S.A.
MSSFZ;MSSFO;cable;CORP;Z;especial;;False;Oblig. Negociables;AR0820572623;Obligaciones Negociables;BOND;MSU S.A.
MSSGC;MSSGO;cable;CORP;C;primary;;True;Oblig. Negociables;AR0268611834;Obligaciones Negociables;BOND;MSU S.A.
MSSGD;MSSGO;MEP;CORP;D;primary;;True;Oblig. Negociables;AR0268611834;Obligaciones Negociables;BOND;MSU S.A.
MSSGO;MSSGO;ARS;CORP;O;primary;;True;Oblig. Negociables;AR0268611834;Obligaciones Negociables;BOND;MSU S.A.
MSSGX;MSSGO;ARS;CORP;X;especial;;False;Oblig. Negociables;AR0268611834;Obligaciones Negociables;BOND;MSU S.A.
MSSGY;MSSGO;MEP;CORP;Y;especial;;False;Oblig. Negociables;AR0268611834;Obligaciones Negociables;BOND;MSU S.A.
MSSGZ;MSSGO;cable;CORP;Z;especial;;False;Oblig. Negociables;AR0268611834;Obligaciones Negociables;BOND;MSU S.A.
MTCGC;MTCGO;cable;CORP;C;primary;;True;Oblig. Negociables;USP6460MAK01;Obligaciones Negociables;BOND;MASTELLONE HNOS. S.A.
MTCGD;MTCGO;MEP;CORP;D;primary;;True;Oblig. Negociables;USP6460MAK01;Obligaciones Negociables;BOND;MASTELLONE HNOS. S.A.
MTCGO;MTCGO;ARS;CORP;O;primary;;True;Oblig. Negociables;USP6460MAK01;Obligaciones Negociables;BOND;MASTELLONE HNOS. S.A.
MTCGX;MTCGO;ARS;CORP;X;especial;;False;Oblig. Negociables;USP6460MAK01;Obligaciones Negociables;BOND;MASTELLONE HNOS. S.A.
MTCGZ;MTCGO;cable;CORP;Z;especial;;False;Oblig. Negociables;USP6460MAK01;Obligaciones Negociables;BOND;MASTELLONE HNOS. S.A.
MU31C;MU31O;cable;CORP;C;primary;;True;Oblig. Negociables;AR0703345477;Obligaciones Negociables;BOND;Hijos de Salvador Muñoz S.A.
MU31D;MU31O;MEP;CORP;D;primary;;True;Oblig. Negociables;AR0703345477;Obligaciones Negociables;BOND;Hijos de Salvador Muñoz S.A.
MU31O;MU31O;ARS;CORP;O;primary;;True;Oblig. Negociables;AR0703345477;Obligaciones Negociables;BOND;Hijos de Salvador Muñoz S.A.
MU32C;MU32O;cable;CORP;C;primary;;True;Oblig. Negociables;AR0492624165;Obligaciones Negociables;BOND;Hijos de Salvador Muñoz S.A.
MU32D;MU32O;MEP;CORP;D;primary;;True;Oblig. Negociables;AR0492624165;Obligaciones Negociables;BOND;Hijos de Salvador Muñoz S.A.
MU32O;MU32O;ARS;CORP;O;primary;;True;Oblig. Negociables;AR0492624165;Obligaciones Negociables;BOND;Hijos de Salvador Muñoz S.A.
MU32X;MU32O;ARS;CORP;X;especial;;False;Oblig. Negociables;AR0492624165;Obligaciones Negociables;BOND;Hijos de Salvador Muñoz S.A.
MU32Y;MU32O;MEP;CORP;Y;especial;;False;Oblig. Negociables;AR0492624165;Obligaciones Negociables;BOND;Hijos de Salvador Muñoz S.A.
MU32Z;MU32O;cable;CORP;Z;especial;;False;Oblig. Negociables;AR0492624165;Obligaciones Negociables;BOND;Hijos de Salvador Muñoz S.A.
MXS1C;MXS1O;cable;CORP;C;primary;;True;Oblig. Negociables;;;;
MXS1D;MXS1O;MEP;CORP;D;primary;;True;Oblig. Negociables;;;;
MXS1P;MXS1O;ARS;CORP;P;otro;;False;Oblig. Negociables;;;;
NHC1C;NHC1O;cable;CORP;C;primary;;True;Oblig. Negociables;AR0049886879;Obligaciones Negociables;BOND;Nuevo Banco del Chaco S.A.
NHC1D;NHC1O;MEP;CORP;D;primary;;True;Oblig. Negociables;AR0049886879;Obligaciones Negociables;BOND;Nuevo Banco del Chaco S.A.
NHC1O;NHC1O;ARS;CORP;O;primary;;True;Oblig. Negociables;AR0049886879;Obligaciones Negociables;BOND;Nuevo Banco del Chaco S.A.
NHC1X;NHC1O;ARS;CORP;X;especial;;False;Oblig. Negociables;AR0049886879;Obligaciones Negociables;BOND;Nuevo Banco del Chaco S.A.
NHC1Y;NHC1O;MEP;CORP;Y;especial;;False;Oblig. Negociables;AR0049886879;Obligaciones Negociables;BOND;Nuevo Banco del Chaco S.A.
NHC1Z;NHC1O;cable;CORP;Z;especial;;False;Oblig. Negociables;AR0049886879;Obligaciones Negociables;BOND;Nuevo Banco del Chaco S.A.
NLCDX;NLCDO;ARS;CORP;X;especial;;False;Oblig. Negociables;;;;
NLCJC;NLCJO;cable;CORP;C;primary;;True;Oblig. Negociables;AR0790209800;Obligaciones Negociables;BOND;ANGEL ESTRADA Y CIA. S.A.
NLCJD;NLCJO;MEP;CORP;D;primary;;True;Oblig. Negociables;AR0790209800;Obligaciones Negociables;BOND;ANGEL ESTRADA Y CIA. S.A.
NLCJO;NLCJO;ARS;CORP;O;primary;;True;Oblig. Negociables;AR0790209800;Obligaciones Negociables;BOND;ANGEL ESTRADA Y CIA. S.A.
NLCJX;NLCJO;ARS;CORP;X;especial;;False;Oblig. Negociables;AR0790209800;Obligaciones Negociables;BOND;ANGEL ESTRADA Y CIA. S.A.
NLCJY;NLCJO;MEP;CORP;Y;especial;;False;Oblig. Negociables;AR0790209800;Obligaciones Negociables;BOND;ANGEL ESTRADA Y CIA. S.A.
NLCJZ;NLCJO;cable;CORP;Z;especial;;False;Oblig. Negociables;AR0790209800;Obligaciones Negociables;BOND;ANGEL ESTRADA Y CIA. S.A.
NPCCC;NPCCO;cable;CORP;C;primary;;True;Oblig. Negociables;AR0630055561;Obligaciones Negociables;BOND;CENTRAL PUERTO S.A.
NPCCD;NPCCO;MEP;CORP;D;primary;;True;Oblig. Negociables;AR0630055561;Obligaciones Negociables;BOND;CENTRAL PUERTO S.A.
NPCCO;NPCCO;ARS;CORP;O;primary;;True;Oblig. Negociables;AR0630055561;Obligaciones Negociables;BOND;CENTRAL PUERTO S.A.
NPCCX;NPCCO;ARS;CORP;X;especial;;False;Oblig. Negociables;AR0630055561;Obligaciones Negociables;BOND;CENTRAL PUERTO S.A.
NPCCY;NPCCO;MEP;CORP;Y;especial;;False;Oblig. Negociables;AR0630055561;Obligaciones Negociables;BOND;CENTRAL PUERTO S.A.
NPCCZ;NPCCO;cable;CORP;Z;especial;;False;Oblig. Negociables;AR0630055561;Obligaciones Negociables;BOND;CENTRAL PUERTO S.A.
NPCDC;NPCDO;cable;CORP;C;primary;;True;Oblig. Negociables;AR0670326856;Obligaciones Negociables;BOND;CENTRAL PUERTO S.A.
NPCDD;NPCDO;MEP;CORP;D;primary;;True;Oblig. Negociables;AR0670326856;Obligaciones Negociables;BOND;CENTRAL PUERTO S.A.
NPCDO;NPCDO;ARS;CORP;O;primary;;True;Oblig. Negociables;AR0670326856;Obligaciones Negociables;BOND;CENTRAL PUERTO S.A.
NPCDY;NPCDO;MEP;CORP;Y;especial;;False;Oblig. Negociables;AR0670326856;Obligaciones Negociables;BOND;CENTRAL PUERTO S.A.
NV11C;NV11O;cable;CORP;C;primary;;True;Oblig. Negociables;;;;
NV11D;NV11O;MEP;CORP;D;primary;;True;Oblig. Negociables;;;;
NV11P;NV11O;ARS;CORP;P;otro;;False;Oblig. Negociables;;;;
NV12C;NV12O;cable;CORP;C;primary;;True;Oblig. Negociables;;;;
NV12D;NV12O;MEP;CORP;D;primary;;True;Oblig. Negociables;;;;
NV12P;NV12O;ARS;CORP;P;otro;;False;Oblig. Negociables;;;;
NV61D;NV61O;MEP;CORP;D;primary;;True;Oblig. Negociables;;;;
NV61X;NV61O;ARS;CORP;X;especial;;False;Oblig. Negociables;;;;
NV61Y;NV61O;cable;CORP;Y;especial;;False;Oblig. Negociables;;;;
NV61Z;NV61O;cable;CORP;Z;especial;;False;Oblig. Negociables;;;;
O11LC;O11LO;cable;CORP;C;primary;;True;Oblig. Negociables;;;;
O1BLC;O1BLO;cable;CORP;C;primary;;True;Oblig. Negociables;;;;
O1BLD;O1BLO;MEP;CORP;D;primary;;True;Oblig. Negociables;;;;
OC12C;OC12O;cable;CORP;C;primary;;True;Oblig. Negociables;;;;
OC12D;OC12O;MEP;CORP;D;primary;;True;Oblig. Negociables;;;;
OC12P;OC12O;ARS;CORP;P;otro;;False;Oblig. Negociables;;;;
OF1LC;OF1LO;cable;CORP;C;primary;;True;Oblig. Negociables;;;;
OF1LD;OF1LO;MEP;CORP;D;primary;;True;Oblig. Negociables;;;;
OFS1L;OFS1O;ARS;CORP;L;otro;;False;Oblig. Negociables;;;;
OL1AD;OL1AO;MEP;CORP;D;primary;;True;Oblig. Negociables;;;;
OL1BP;OL1BO;ARS;CORP;P;otro;;False;Oblig. Negociables;AR0681075047;Oblig. Negociables PYMES;BOND;Centro de Rehabilitación Integral Los Nogales S.R.L.
OLC2D;OLC2O;MEP;CORP;D;primary;;True;Oblig. Negociables;AROLDV560021;Obligaciones Negociables;BOND;Oleoductos del Valle S.A.
OLC2O;OLC2O;ARS;CORP;O;primary;;True;Oblig. Negociables;AROLDV560021;Obligaciones Negociables;BOND;Oleoductos del Valle S.A.
OLC2X;OLC2O;ARS;CORP;X;especial;;False;Oblig. Negociables;AROLDV560021;Obligaciones Negociables;BOND;Oleoductos del Valle S.A.
OLC2Y;OLC2O;MEP;CORP;Y;especial;;False;Oblig. Negociables;AROLDV560021;Obligaciones Negociables;BOND;Oleoductos del Valle S.A.
OLC3C;OLC3O;cable;CORP;C;primary;;True;Oblig. Negociables;AROLDV560039;Obligaciones Negociables;BOND;Oleoductos del Valle S.A.
OLC3O;OLC3O;ARS;CORP;O;primary;;True;Oblig. Negociables;AROLDV560039;Obligaciones Negociables;BOND;Oleoductos del Valle S.A.
OLC3X;OLC3O;ARS;CORP;X;especial;;False;Oblig. Negociables;AROLDV560039;Obligaciones Negociables;BOND;Oleoductos del Valle S.A.
OLC3Y;OLC3O;MEP;CORP;Y;especial;;False;Oblig. Negociables;AROLDV560039;Obligaciones Negociables;BOND;Oleoductos del Valle S.A.
OLC4D;OLC4O;MEP;CORP;D;primary;;True;Oblig. Negociables;AR0909041870;Obligaciones Negociables;BOND;Oleoductos del Valle S.A.
OLC4O;OLC4O;ARS;CORP;O;primary;;True;Oblig. Negociables;AR0909041870;Obligaciones Negociables;BOND;Oleoductos del Valle S.A.
OLC4X;OLC4O;ARS;CORP;X;especial;;False;Oblig. Negociables;AR0909041870;Obligaciones Negociables;BOND;Oleoductos del Valle S.A.
OLC4Y;OLC4O;MEP;CORP;Y;especial;;False;Oblig. Negociables;AR0909041870;Obligaciones Negociables;BOND;Oleoductos del Valle S.A.
OLC4Z;OLC4O;cable;CORP;Z;especial;;False;Oblig. Negociables;AR0909041870;Obligaciones Negociables;BOND;Oleoductos del Valle S.A.
OLC5C;OLC5O;cable;CORP;C;primary;;True;Oblig. Negociables;AR0467419146;Obligaciones Negociables;BOND;Oleoductos del Valle S.A.
OLC5D;OLC5O;MEP;CORP;D;primary;;True;Oblig. Negociables;AR0467419146;Obligaciones Negociables;BOND;Oleoductos del Valle S.A.
OLC5O;OLC5O;ARS;CORP;O;primary;;True;Oblig. Negociables;AR0467419146;Obligaciones Negociables;BOND;Oleoductos del Valle S.A.
OLC5X;OLC5O;ARS;CORP;X;especial;;False;Oblig. Negociables;AR0467419146;Obligaciones Negociables;BOND;Oleoductos del Valle S.A.
OLC5Y;OLC5O;MEP;CORP;Y;especial;;False;Oblig. Negociables;AR0467419146;Obligaciones Negociables;BOND;Oleoductos del Valle S.A.
OLC5Z;OLC5O;cable;CORP;Z;especial;;False;Oblig. Negociables;AR0467419146;Obligaciones Negociables;BOND;Oleoductos del Valle S.A.
OLC6C;OLC6O;cable;CORP;C;primary;;True;Oblig. Negociables;AR0828163235;Obligaciones Negociables;BOND;Oleoductos del Valle S.A.
OLC6D;OLC6O;MEP;CORP;D;primary;;True;Oblig. Negociables;AR0828163235;Obligaciones Negociables;BOND;Oleoductos del Valle S.A.
OLC6O;OLC6O;ARS;CORP;O;primary;;True;Oblig. Negociables;AR0828163235;Obligaciones Negociables;BOND;Oleoductos del Valle S.A.
OLC6X;OLC6O;ARS;CORP;X;especial;;False;Oblig. Negociables;AR0828163235;Obligaciones Negociables;BOND;Oleoductos del Valle S.A.
OLC6Y;OLC6O;MEP;CORP;Y;especial;;False;Oblig. Negociables;AR0828163235;Obligaciones Negociables;BOND;Oleoductos del Valle S.A.
OLC6Z;OLC6O;cable;CORP;Z;especial;;False;Oblig. Negociables;AR0828163235;Obligaciones Negociables;BOND;Oleoductos del Valle S.A.
OLC7C;OLC7O;cable;CORP;C;primary;;True;Oblig. Negociables;AR0888142434;Obligaciones Negociables;BOND;Oleoductos del Valle S.A.
OLC7D;OLC7O;MEP;CORP;D;primary;;True;Oblig. Negociables;AR0888142434;Obligaciones Negociables;BOND;Oleoductos del Valle S.A.
OLC7O;OLC7O;ARS;CORP;O;primary;;True;Oblig. Negociables;AR0888142434;Obligaciones Negociables;BOND;Oleoductos del Valle S.A.
OLC7X;OLC7O;ARS;CORP;X;especial;;False;Oblig. Negociables;AR0888142434;Obligaciones Negociables;BOND;Oleoductos del Valle S.A.
OLC7Y;OLC7O;MEP;CORP;Y;especial;;False;Oblig. Negociables;AR0888142434;Obligaciones Negociables;BOND;Oleoductos del Valle S.A.
OLC7Z;OLC7O;cable;CORP;Z;especial;;False;Oblig. Negociables;AR0888142434;Obligaciones Negociables;BOND;Oleoductos del Valle S.A.
OM1BL;OM1BO;ARS;CORP;L;otro;;False;Oblig. Negociables;AR0694147783;Oblig. Negociables PYMES;BOND;Máquinas Agrícolas Ombú S.A.
ONS1C;ONS1O;cable;CORP;C;primary;;True;Oblig. Negociables;;;;
ONS1D;ONS1O;MEP;CORP;D;primary;;True;Oblig. Negociables;;;;
ONS1P;ONS1O;ARS;CORP;P;otro;;False;Oblig. Negociables;;;;
OR1LC;OR1LO;cable;CORP;C;primary;;True;Oblig. Negociables;;;;
OR3AC;OR3AO;cable;CORP;C;primary;;True;Oblig. Negociables;;;;
OR3AD;OR3AO;MEP;CORP;D;primary;;True;Oblig. Negociables;;;;
OR3AP;OR3AO;ARS;CORP;P;otro;;False;Oblig. Negociables;;;;
OR3BC;OR3BO;cable;CORP;C;primary;;True;Oblig. Negociables;;;;
OR3BD;OR3BO;MEP;CORP;D;primary;;True;Oblig. Negociables;;;;
OR3BP;OR3BO;ARS;CORP;P;otro;;False;Oblig. Negociables;;;;
ORS1L;ORS1O;ARS;CORP;L;otro;;False;Oblig. Negociables;;;;
OT41C;OT41O;cable;CORP;C;primary;;True;Oblig. Negociables;AR0369871972;Obligaciones Negociables;BOND;OTAMERICA EBYTEM SOCIEDAD ANONIMA
OT41D;OT41O;MEP;CORP;D;primary;;True;Oblig. Negociables;AR0369871972;Obligaciones Negociables;BOND;OTAMERICA EBYTEM SOCIEDAD ANONIMA
OT41O;OT41O;ARS;CORP;O;primary;;True;Oblig. Negociables;AR0369871972;Obligaciones Negociables;BOND;OTAMERICA EBYTEM SOCIEDAD ANONIMA
OT41X;OT41O;ARS;CORP;X;especial;;False;Oblig. Negociables;AR0369871972;Obligaciones Negociables;BOND;OTAMERICA EBYTEM SOCIEDAD ANONIMA
OT41Y;OT41O;MEP;CORP;Y;especial;;False;Oblig. Negociables;AR0369871972;Obligaciones Negociables;BOND;OTAMERICA EBYTEM SOCIEDAD ANONIMA
OT41Z;OT41O;cable;CORP;Z;especial;;False;Oblig. Negociables;AR0369871972;Obligaciones Negociables;BOND;OTAMERICA EBYTEM SOCIEDAD ANONIMA
OT42C;OT42O;cable;CORP;C;primary;;True;Oblig. Negociables;AR0061093123;Obligaciones Negociables;BOND;OTAMERICA EBYTEM SOCIEDAD ANONIMA
OT42D;OT42O;MEP;CORP;D;primary;;True;Oblig. Negociables;AR0061093123;Obligaciones Negociables;BOND;OTAMERICA EBYTEM SOCIEDAD ANONIMA
OT42O;OT42O;ARS;CORP;O;primary;;True;Oblig. Negociables;AR0061093123;Obligaciones Negociables;BOND;OTAMERICA EBYTEM SOCIEDAD ANONIMA
OT42X;OT42O;ARS;CORP;X;especial;;False;Oblig. Negociables;AR0061093123;Obligaciones Negociables;BOND;OTAMERICA EBYTEM SOCIEDAD ANONIMA
OT42Y;OT42O;MEP;CORP;Y;especial;;False;Oblig. Negociables;AR0061093123;Obligaciones Negociables;BOND;OTAMERICA EBYTEM SOCIEDAD ANONIMA
OT42Z;OT42O;cable;CORP;Z;especial;;False;Oblig. Negociables;AR0061093123;Obligaciones Negociables;BOND;OTAMERICA EBYTEM SOCIEDAD ANONIMA
OTS2C;OTS2O;cable;CORP;C;primary;;True;Oblig. Negociables;AR0182698750;Obligaciones Negociables;BOND;OTAMERICA EBYTEM SOCIEDAD ANONIMA
OTS2D;OTS2O;MEP;CORP;D;primary;;True;Oblig. Negociables;AR0182698750;Obligaciones Negociables;BOND;OTAMERICA EBYTEM SOCIEDAD ANONIMA
OTS2O;OTS2O;ARS;CORP;O;primary;;True;Oblig. Negociables;AR0182698750;Obligaciones Negociables;BOND;OTAMERICA EBYTEM SOCIEDAD ANONIMA
OTS2X;OTS2O;ARS;CORP;X;especial;;False;Oblig. Negociables;AR0182698750;Obligaciones Negociables;BOND;OTAMERICA EBYTEM SOCIEDAD ANONIMA
OTS2Y;OTS2O;MEP;CORP;Y;especial;;False;Oblig. Negociables;AR0182698750;Obligaciones Negociables;BOND;OTAMERICA EBYTEM SOCIEDAD ANONIMA
OTS2Z;OTS2O;cable;CORP;Z;especial;;False;Oblig. Negociables;AR0182698750;Obligaciones Negociables;BOND;OTAMERICA EBYTEM SOCIEDAD ANONIMA
OTS3C;OTS3O;cable;CORP;C;primary;;True;Oblig. Negociables;AR0912860969;Obligaciones Negociables;BOND;OTAMERICA EBYTEM SOCIEDAD ANONIMA
OTS3D;OTS3O;MEP;CORP;D;primary;;True;Oblig. Negociables;AR0912860969;Obligaciones Negociables;BOND;OTAMERICA EBYTEM SOCIEDAD ANONIMA
OTS3O;OTS3O;ARS;CORP;O;primary;;True;Oblig. Negociables;AR0912860969;Obligaciones Negociables;BOND;OTAMERICA EBYTEM SOCIEDAD ANONIMA
OTS3X;OTS3O;ARS;CORP;X;especial;;False;Oblig. Negociables;AR0912860969;Obligaciones Negociables;BOND;OTAMERICA EBYTEM SOCIEDAD ANONIMA
OTS3Y;OTS3O;MEP;CORP;Y;especial;;False;Oblig. Negociables;AR0912860969;Obligaciones Negociables;BOND;OTAMERICA EBYTEM SOCIEDAD ANONIMA
OTS3Z;OTS3O;cable;CORP;Z;especial;;False;Oblig. Negociables;AR0912860969;Obligaciones Negociables;BOND;OTAMERICA EBYTEM SOCIEDAD ANONIMA
OTS5C;OTS5O;cable;CORP;C;primary;;True;Oblig. Negociables;AR0034370418;Obligaciones Negociables;BOND;OTAMERICA EBYTEM SOCIEDAD ANONIMA
OTS5D;OTS5O;MEP;CORP;D;primary;;True;Oblig. Negociables;AR0034370418;Obligaciones Negociables;BOND;OTAMERICA EBYTEM SOCIEDAD ANONIMA
OTS5O;OTS5O;ARS;CORP;O;primary;;True;Oblig. Negociables;AR0034370418;Obligaciones Negociables;BOND;OTAMERICA EBYTEM SOCIEDAD ANONIMA
OTS5X;OTS5O;ARS;CORP;X;especial;;False;Oblig. Negociables;AR0034370418;Obligaciones Negociables;BOND;OTAMERICA EBYTEM SOCIEDAD ANONIMA
OTS5Y;OTS5O;MEP;CORP;Y;especial;;False;Oblig. Negociables;AR0034370418;Obligaciones Negociables;BOND;OTAMERICA EBYTEM SOCIEDAD ANONIMA
OTS5Z;OTS5O;cable;CORP;Z;especial;;False;Oblig. Negociables;AR0034370418;Obligaciones Negociables;BOND;OTAMERICA EBYTEM SOCIEDAD ANONIMA
OTS6C;OTS6O;cable;CORP;C;primary;;True;Oblig. Negociables;AR0110435994;Obligaciones Negociables;BOND;OTAMERICA EBYTEM SOCIEDAD ANONIMA
OTS6D;OTS6O;MEP;CORP;D;primary;;True;Oblig. Negociables;AR0110435994;Obligaciones Negociables;BOND;OTAMERICA EBYTEM SOCIEDAD ANONIMA
OTS6O;OTS6O;ARS;CORP;O;primary;;True;Oblig. Negociables;AR0110435994;Obligaciones Negociables;BOND;OTAMERICA EBYTEM SOCIEDAD ANONIMA
OTS6X;OTS6O;ARS;CORP;X;especial;;False;Oblig. Negociables;AR0110435994;Obligaciones Negociables;BOND;OTAMERICA EBYTEM SOCIEDAD ANONIMA
OTS6Y;OTS6O;MEP;CORP;Y;especial;;False;Oblig. Negociables;AR0110435994;Obligaciones Negociables;BOND;OTAMERICA EBYTEM SOCIEDAD ANONIMA
OTS6Z;OTS6O;cable;CORP;Z;especial;;False;Oblig. Negociables;AR0110435994;Obligaciones Negociables;BOND;OTAMERICA EBYTEM SOCIEDAD ANONIMA
OV1BP;OV1BO;ARS;CORP;P;otro;;False;Oblig. Negociables;AROZOG560039;Oblig. Negociables PYMES;BOND;Ozog Vial S.R.L.
OW11L;OW11O;ARS;CORP;L;otro;;False;Oblig. Negociables;;;;
OZC3C;OZC3O;cable;CORP;C;primary;;True;Oblig. Negociables;AR0428738048;Obligaciones Negociables;BOND;EMPRESA DISTRIBUIDORA DE ELECTRICIDAD DE MENDOZA S.A. (EDEMSA)
OZC3D;OZC3O;MEP;CORP;D;primary;;True;Oblig. Negociables;AR0428738048;Obligaciones Negociables;BOND;EMPRESA DISTRIBUIDORA DE ELECTRICIDAD DE MENDOZA S.A. (EDEMSA)
OZC3O;OZC3O;ARS;CORP;O;primary;;True;Oblig. Negociables;AR0428738048;Obligaciones Negociables;BOND;EMPRESA DISTRIBUIDORA DE ELECTRICIDAD DE MENDOZA S.A. (EDEMSA)
OZC6C;OZC6O;cable;CORP;C;primary;;True;Oblig. Negociables;USP37213AG34;Obligaciones Negociables;BOND;EMPRESA DISTRIBUIDORA DE ELECTRICIDAD DE MENDOZA S.A. (EDEMSA)
OZC6D;OZC6O;MEP;CORP;D;primary;;True;Oblig. Negociables;USP37213AG34;Obligaciones Negociables;BOND;EMPRESA DISTRIBUIDORA DE ELECTRICIDAD DE MENDOZA S.A. (EDEMSA)
OZC6O;OZC6O;ARS;CORP;O;primary;;True;Oblig. Negociables;USP37213AG34;Obligaciones Negociables;BOND;EMPRESA DISTRIBUIDORA DE ELECTRICIDAD DE MENDOZA S.A. (EDEMSA)
OZC6X;OZC6O;ARS;CORP;X;especial;;False;Oblig. Negociables;USP37213AG34;Obligaciones Negociables;BOND;EMPRESA DISTRIBUIDORA DE ELECTRICIDAD DE MENDOZA S.A. (EDEMSA)
OZC6Y;OZC6O;MEP;CORP;Y;especial;;False;Oblig. Negociables;USP37213AG34;Obligaciones Negociables;BOND;EMPRESA DISTRIBUIDORA DE ELECTRICIDAD DE MENDOZA S.A. (EDEMSA)
OZC6Z;OZC6O;cable;CORP;Z;especial;;False;Oblig. Negociables;USP37213AG34;Obligaciones Negociables;BOND;EMPRESA DISTRIBUIDORA DE ELECTRICIDAD DE MENDOZA S.A. (EDEMSA)
OZC7C;OZC7O;cable;CORP;C;primary;;True;Oblig. Negociables;AR0275664305;Obligaciones Negociables;BOND;EMPRESA DISTRIBUIDORA DE ELECTRICIDAD DE MENDOZA S.A. (EDEMSA)
OZC7D;OZC7O;MEP;CORP;D;primary;;True;Oblig. Negociables;AR0275664305;Obligaciones Negociables;BOND;EMPRESA DISTRIBUIDORA DE ELECTRICIDAD DE MENDOZA S.A. (EDEMSA)
OZC7O;OZC7O;ARS;CORP;O;primary;;True;Oblig. Negociables;AR0275664305;Obligaciones Negociables;BOND;EMPRESA DISTRIBUIDORA DE ELECTRICIDAD DE MENDOZA S.A. (EDEMSA)
OZC7X;OZC7O;ARS;CORP;X;especial;;False;Oblig. Negociables;AR0275664305;Obligaciones Negociables;BOND;EMPRESA DISTRIBUIDORA DE ELECTRICIDAD DE MENDOZA S.A. (EDEMSA)
OZC7Y;OZC7O;MEP;CORP;Y;especial;;False;Oblig. Negociables;AR0275664305;Obligaciones Negociables;BOND;EMPRESA DISTRIBUIDORA DE ELECTRICIDAD DE MENDOZA S.A. (EDEMSA)
OZC7Z;OZC7O;cable;CORP;Z;especial;;False;Oblig. Negociables;AR0275664305;Obligaciones Negociables;BOND;EMPRESA DISTRIBUIDORA DE ELECTRICIDAD DE MENDOZA S.A. (EDEMSA)
P11LC;P11LO;cable;CORP;C;primary;;True;Oblig. Negociables;;;;
P11LD;P11LO;MEP;CORP;D;primary;;True;Oblig. Negociables;;;;
PB1MC;PB1MO;cable;CORP;C;primary;;True;Oblig. Negociables;AR0896115646;Obligaciones Negociables;BOND;Promedon S.A.
PB1MD;PB1MO;MEP;CORP;D;primary;;True;Oblig. Negociables;AR0896115646;Obligaciones Negociables;BOND;Promedon S.A.
PBS1M;PB1MO;ARS;CORP;M;otro;;False;Oblig. Negociables;AR0896115646;Obligaciones Negociables;BOND;Promedon S.A.
PDS2C;PDS2O;cable;CORP;C;primary;;True;Oblig. Negociables;;;;
PDS2D;PDS2O;MEP;CORP;D;primary;;True;Oblig. Negociables;;;;
PDS2P;PDS2O;ARS;CORP;P;otro;;False;Oblig. Negociables;;;;
PE1LC;PE1LO;cable;CORP;C;primary;;True;Oblig. Negociables;;;;
PE1LD;PE1LO;MEP;CORP;D;primary;;True;Oblig. Negociables;;;;
PECJC;PECJO;cable;CORP;C;primary;;True;Oblig. Negociables;AR0042334919;Obligaciones Negociables;BOND;Tango Energy Argentina S.A.
PECJD;PECJO;MEP;CORP;D;primary;;True;Oblig. Negociables;AR0042334919;Obligaciones Negociables;BOND;Tango Energy Argentina S.A.
PECJO;PECJO;ARS;CORP;O;primary;;True;Oblig. Negociables;AR0042334919;Obligaciones Negociables;BOND;Tango Energy Argentina S.A.
PECJX;PECJO;ARS;CORP;X;especial;;False;Oblig. Negociables;AR0042334919;Obligaciones Negociables;BOND;Tango Energy Argentina S.A.
PECJY;PECJO;MEP;CORP;Y;especial;;False;Oblig. Negociables;AR0042334919;Obligaciones Negociables;BOND;Tango Energy Argentina S.A.
PECJZ;PECJO;cable;CORP;Z;especial;;False;Oblig. Negociables;AR0042334919;Obligaciones Negociables;BOND;Tango Energy Argentina S.A.
PECKC;PECKO;cable;CORP;C;primary;;True;Oblig. Negociables;AR0176873831;Obligaciones Negociables;BOND;Tango Energy Argentina S.A.
PECKD;PECKO;MEP;CORP;D;primary;;True;Oblig. Negociables;AR0176873831;Obligaciones Negociables;BOND;Tango Energy Argentina S.A.
PECKO;PECKO;ARS;CORP;O;primary;;True;Oblig. Negociables;AR0176873831;Obligaciones Negociables;BOND;Tango Energy Argentina S.A.
PECKX;PECKO;ARS;CORP;X;especial;;False;Oblig. Negociables;AR0176873831;Obligaciones Negociables;BOND;Tango Energy Argentina S.A.
PECKY;PECKO;MEP;CORP;Y;especial;;False;Oblig. Negociables;AR0176873831;Obligaciones Negociables;BOND;Tango Energy Argentina S.A.
PECKZ;PECKO;cable;CORP;Z;especial;;False;Oblig. Negociables;AR0176873831;Obligaciones Negociables;BOND;Tango Energy Argentina S.A.
PECLC;PECLO;cable;CORP;C;primary;;True;Oblig. Negociables;AR0277195662;Obligaciones Negociables;BOND;Tango Energy Argentina S.A.
PECLD;PECLO;MEP;CORP;D;primary;;True;Oblig. Negociables;AR0277195662;Obligaciones Negociables;BOND;Tango Energy Argentina S.A.
PECLO;PECLO;ARS;CORP;O;primary;;True;Oblig. Negociables;AR0277195662;Obligaciones Negociables;BOND;Tango Energy Argentina S.A.
PECLX;PECLO;ARS;CORP;X;especial;;False;Oblig. Negociables;AR0277195662;Obligaciones Negociables;BOND;Tango Energy Argentina S.A.
PECLY;PECLO;MEP;CORP;Y;especial;;False;Oblig. Negociables;AR0277195662;Obligaciones Negociables;BOND;Tango Energy Argentina S.A.
PECLZ;PECLO;cable;CORP;Z;especial;;False;Oblig. Negociables;AR0277195662;Obligaciones Negociables;BOND;Tango Energy Argentina S.A.
PECMC;PECMO;cable;CORP;C;primary;;True;Oblig. Negociables;AR0990368851;Obligaciones Negociables;BOND;Tango Energy Argentina S.A.
PECMD;PECMO;MEP;CORP;D;primary;;True;Oblig. Negociables;AR0990368851;Obligaciones Negociables;BOND;Tango Energy Argentina S.A.
PECMO;PECMO;ARS;CORP;O;primary;;True;Oblig. Negociables;AR0990368851;Obligaciones Negociables;BOND;Tango Energy Argentina S.A.
PECMX;PECMO;ARS;CORP;X;especial;;False;Oblig. Negociables;AR0990368851;Obligaciones Negociables;BOND;Tango Energy Argentina S.A.
PECMY;PECMO;MEP;CORP;Y;especial;;False;Oblig. Negociables;AR0990368851;Obligaciones Negociables;BOND;Tango Energy Argentina S.A.
PECMZ;PECMO;cable;CORP;Z;especial;;False;Oblig. Negociables;AR0990368851;Obligaciones Negociables;BOND;Tango Energy Argentina S.A.
PECNC;PECNO;cable;CORP;C;primary;;True;Oblig. Negociables;AR0199819753;Obligaciones Negociables;BOND;Tango Energy Argentina S.A.
PECND;PECNO;MEP;CORP;D;primary;;True;Oblig. Negociables;AR0199819753;Obligaciones Negociables;BOND;Tango Energy Argentina S.A.
PECNO;PECNO;ARS;CORP;O;primary;;True;Oblig. Negociables;AR0199819753;Obligaciones Negociables;BOND;Tango Energy Argentina S.A.
PECNX;PECNO;ARS;CORP;X;especial;;False;Oblig. Negociables;AR0199819753;Obligaciones Negociables;BOND;Tango Energy Argentina S.A.
PECNY;PECNO;MEP;CORP;Y;especial;;False;Oblig. Negociables;AR0199819753;Obligaciones Negociables;BOND;Tango Energy Argentina S.A.
PECNZ;PECNO;cable;CORP;Z;especial;;False;Oblig. Negociables;AR0199819753;Obligaciones Negociables;BOND;Tango Energy Argentina S.A.
PECOC;PECOO;cable;CORP;C;primary;;True;Oblig. Negociables;AR0465148036;Obligaciones Negociables;BOND;Tango Energy Argentina S.A.
PECOD;PECOO;MEP;CORP;D;primary;;True;Oblig. Negociables;AR0465148036;Obligaciones Negociables;BOND;Tango Energy Argentina S.A.
PECOO;PECOO;ARS;CORP;O;primary;;True;Oblig. Negociables;AR0465148036;Obligaciones Negociables;BOND;Tango Energy Argentina S.A.
PECOX;PECOO;ARS;CORP;X;especial;;False;Oblig. Negociables;AR0465148036;Obligaciones Negociables;BOND;Tango Energy Argentina S.A.
PECOY;PECOO;MEP;CORP;Y;especial;;False;Oblig. Negociables;AR0465148036;Obligaciones Negociables;BOND;Tango Energy Argentina S.A.
PECOZ;PECOO;cable;CORP;Z;especial;;False;Oblig. Negociables;AR0465148036;Obligaciones Negociables;BOND;Tango Energy Argentina S.A.
PES1L;PES1O;ARS;CORP;L;otro;;False;Oblig. Negociables;AR0658693657;Oblig. Negociables PYMES;BOND;Pedrolga S.A.
PF3AC;PF3AO;cable;CORP;C;primary;;True;Oblig. Negociables;;;;
PF3AD;PF3AO;MEP;CORP;D;primary;;True;Oblig. Negociables;;;;
PF3AP;PF3AO;ARS;CORP;P;otro;;False;Oblig. Negociables;;;;
PF3BC;PF3BO;cable;CORP;C;primary;;True;Oblig. Negociables;;;;
PF3BD;PF3BO;MEP;CORP;D;primary;;True;Oblig. Negociables;;;;
PFC2C;PFC2O;cable;CORP;C;primary;;True;Oblig. Negociables;AR0416362439;Obligaciones Negociables;BOND;PROFERTIL S.A.
PFC2D;PFC2O;MEP;CORP;D;primary;;True;Oblig. Negociables;AR0416362439;Obligaciones Negociables;BOND;PROFERTIL S.A.
PFC2O;PFC2O;ARS;CORP;O;primary;;True;Oblig. Negociables;AR0416362439;Obligaciones Negociables;BOND;PROFERTIL S.A.
PFC2X;PFC2O;ARS;CORP;X;especial;;False;Oblig. Negociables;AR0416362439;Obligaciones Negociables;BOND;PROFERTIL S.A.
PFC2Y;PFC2O;MEP;CORP;Y;especial;;False;Oblig. Negociables;AR0416362439;Obligaciones Negociables;BOND;PROFERTIL S.A.
PFC2Z;PFC2O;cable;CORP;Z;especial;;False;Oblig. Negociables;AR0416362439;Obligaciones Negociables;BOND;PROFERTIL S.A.
PFC3C;PFC3O;cable;CORP;C;primary;;True;Oblig. Negociables;AR0645095644;Obligaciones Negociables;BOND;PROFERTIL S.A.
PFC3D;PFC3O;MEP;CORP;D;primary;;True;Oblig. Negociables;AR0645095644;Obligaciones Negociables;BOND;PROFERTIL S.A.
PFC3O;PFC3O;ARS;CORP;O;primary;;True;Oblig. Negociables;AR0645095644;Obligaciones Negociables;BOND;PROFERTIL S.A.
PG11L;PG11O;ARS;CORP;L;otro;;False;Oblig. Negociables;AR0632907264;Oblig. Negociables PYMES;BOND;Prigioni Agro S.R.L.
PHC3C;PHC3O;cable;CORP;C;primary;;True;Oblig. Negociables;AR0269744345;Obligaciones Negociables;BOND;Puente Hnos. S.A.
PHC3D;PHC3O;MEP;CORP;D;primary;;True;Oblig. Negociables;AR0269744345;Obligaciones Negociables;BOND;Puente Hnos. S.A.
PHC3O;PHC3O;ARS;CORP;O;primary;;True;Oblig. Negociables;AR0269744345;Obligaciones Negociables;BOND;Puente Hnos. S.A.
PHC4C;PHC4O;cable;CORP;C;primary;;True;Oblig. Negociables;AR0585258590;Obligaciones Negociables;BOND;Puente Hnos. S.A.
PHC4D;PHC4O;MEP;CORP;D;primary;;True;Oblig. Negociables;AR0585258590;Obligaciones Negociables;BOND;Puente Hnos. S.A.
PHC4O;PHC4O;ARS;CORP;O;primary;;True;Oblig. Negociables;AR0585258590;Obligaciones Negociables;BOND;Puente Hnos. S.A.
PHC4X;PHC4O;ARS;CORP;X;especial;;False;Oblig. Negociables;AR0585258590;Obligaciones Negociables;BOND;Puente Hnos. S.A.
PHC4Y;PHC4O;MEP;CORP;Y;especial;;False;Oblig. Negociables;AR0585258590;Obligaciones Negociables;BOND;Puente Hnos. S.A.
PHC4Z;PHC4O;cable;CORP;Z;especial;;False;Oblig. Negociables;AR0585258590;Obligaciones Negociables;BOND;Puente Hnos. S.A.
PJS1C;PJS1O;cable;CORP;C;primary;;True;Oblig. Negociables;;;;
PLC1C;PLC1O;cable;CORP;C;primary;;True;Oblig. Negociables;AR0502588418;Obligaciones Negociables;BOND;Pluspetrol S.A.
PLC1D;PLC1O;MEP;CORP;D;primary;;True;Oblig. Negociables;AR0502588418;Obligaciones Negociables;BOND;Pluspetrol S.A.
PLC1O;PLC1O;ARS;CORP;O;primary;;True;Oblig. Negociables;AR0502588418;Obligaciones Negociables;BOND;Pluspetrol S.A.
PLC1X;PLC1O;ARS;CORP;X;especial;;False;Oblig. Negociables;AR0502588418;Obligaciones Negociables;BOND;Pluspetrol S.A.
PLC1Y;PLC1O;MEP;CORP;Y;especial;;False;Oblig. Negociables;AR0502588418;Obligaciones Negociables;BOND;Pluspetrol S.A.
PLC1Z;PLC1O;cable;CORP;Z;especial;;False;Oblig. Negociables;AR0502588418;Obligaciones Negociables;BOND;Pluspetrol S.A.
PLC2C;PLC2O;cable;CORP;C;primary;;True;Oblig. Negociables;AR0036431960;Obligaciones Negociables;BOND;Pluspetrol S.A.
PLC2D;PLC2O;MEP;CORP;D;primary;;True;Oblig. Negociables;AR0036431960;Obligaciones Negociables;BOND;Pluspetrol S.A.
PLC2O;PLC2O;ARS;CORP;O;primary;;True;Oblig. Negociables;AR0036431960;Obligaciones Negociables;BOND;Pluspetrol S.A.
PLC2Y;PLC2O;MEP;CORP;Y;especial;;False;Oblig. Negociables;AR0036431960;Obligaciones Negociables;BOND;Pluspetrol S.A.
PLC3C;PLC3O;cable;CORP;C;primary;;True;Oblig. Negociables;AR0808016403;Obligaciones Negociables;BOND;Pluspetrol S.A.
PLC3D;PLC3O;MEP;CORP;D;primary;;True;Oblig. Negociables;AR0808016403;Obligaciones Negociables;BOND;Pluspetrol S.A.
PLC3O;PLC3O;ARS;CORP;O;primary;;True;Oblig. Negociables;AR0808016403;Obligaciones Negociables;BOND;Pluspetrol S.A.
PLC3X;PLC3O;ARS;CORP;X;especial;;False;Oblig. Negociables;AR0808016403;Obligaciones Negociables;BOND;Pluspetrol S.A.
PLC3Y;PLC3O;MEP;CORP;Y;especial;;False;Oblig. Negociables;AR0808016403;Obligaciones Negociables;BOND;Pluspetrol S.A.
PLC3Z;PLC3O;cable;CORP;Z;especial;;False;Oblig. Negociables;AR0808016403;Obligaciones Negociables;BOND;Pluspetrol S.A.
PLC4C;PLC4O;cable;CORP;C;primary;;True;Oblig. Negociables;USP7924AAA62;Obligaciones Negociables;BOND;Pluspetrol S.A.
PLC4D;PLC4O;MEP;CORP;D;primary;;True;Oblig. Negociables;USP7924AAA62;Obligaciones Negociables;BOND;Pluspetrol S.A.
PLC4O;PLC4O;ARS;CORP;O;primary;;True;Oblig. Negociables;USP7924AAA62;Obligaciones Negociables;BOND;Pluspetrol S.A.
PLC4X;PLC4O;ARS;CORP;X;especial;;False;Oblig. Negociables;USP7924AAA62;Obligaciones Negociables;BOND;Pluspetrol S.A.
PLC4Y;PLC4O;MEP;CORP;Y;especial;;False;Oblig. Negociables;USP7924AAA62;Obligaciones Negociables;BOND;Pluspetrol S.A.
PLC4Z;PLC4O;cable;CORP;Z;especial;;False;Oblig. Negociables;USP7924AAA62;Obligaciones Negociables;BOND;Pluspetrol S.A.
PLC5C;PLC5O;cable;CORP;C;primary;;True;Oblig. Negociables;USP7924AAC29;Obligaciones Negociables;BOND;Pluspetrol S.A.
PLC5D;PLC5O;MEP;CORP;D;primary;;True;Oblig. Negociables;USP7924AAC29;Obligaciones Negociables;BOND;Pluspetrol S.A.
PLC5O;PLC5O;ARS;CORP;O;primary;;True;Oblig. Negociables;USP7924AAC29;Obligaciones Negociables;BOND;Pluspetrol S.A.
PLC5X;PLC5O;ARS;CORP;X;especial;;False;Oblig. Negociables;USP7924AAC29;Obligaciones Negociables;BOND;Pluspetrol S.A.
PLC5Y;PLC5O;MEP;CORP;Y;especial;;False;Oblig. Negociables;USP7924AAC29;Obligaciones Negociables;BOND;Pluspetrol S.A.
PLC5Z;PLC5O;cable;CORP;Z;especial;;False;Oblig. Negociables;USP7924AAC29;Obligaciones Negociables;BOND;Pluspetrol S.A.
PLC6C;PLC6O;cable;CORP;C;primary;;True;Oblig. Negociables;AR0559091100;Obligaciones Negociables;BOND;Pluspetrol S.A.
PLC6D;PLC6O;MEP;CORP;D;primary;;True;Oblig. Negociables;AR0559091100;Obligaciones Negociables;BOND;Pluspetrol S.A.
PLC6O;PLC6O;ARS;CORP;O;primary;;True;Oblig. Negociables;AR0559091100;Obligaciones Negociables;BOND;Pluspetrol S.A.
PLC6X;PLC6O;ARS;CORP;X;especial;;False;Oblig. Negociables;AR0559091100;Obligaciones Negociables;BOND;Pluspetrol S.A.
PLC6Y;PLC6O;MEP;CORP;Y;especial;;False;Oblig. Negociables;AR0559091100;Obligaciones Negociables;BOND;Pluspetrol S.A.
PLC6Z;PLC6O;cable;CORP;Z;especial;;False;Oblig. Negociables;AR0559091100;Obligaciones Negociables;BOND;Pluspetrol S.A.
PM1DP;PM1DO;MEP;CORP;P;otro;;False;Oblig. Negociables;;;;
PM31P;PM31O;ARS;CORP;P;otro;;False;Oblig. Negociables;AR0822041072;Oblig. Negociables PYMES;BOND;PRO-DE-MAN S.A.
PN34C;PN34O;cable;CORP;C;primary;;True;Oblig. Negociables;AR0770773957;Obligaciones Negociables;BOND;PAN AMERICAN ENERGY, S.L. SUCURSAL ARGENTINA
PN34D;PN34O;MEP;CORP;D;primary;;True;Oblig. Negociables;AR0770773957;Obligaciones Negociables;BOND;PAN AMERICAN ENERGY, S.L. SUCURSAL ARGENTINA
PN34O;PN34O;ARS;CORP;O;primary;;True;Oblig. Negociables;AR0770773957;Obligaciones Negociables;BOND;PAN AMERICAN ENERGY, S.L. SUCURSAL ARGENTINA
PN35C;PN35O;cable;CORP;C;primary;;True;Oblig. Negociables;AR0623274765;Obligaciones Negociables;BOND;PAN AMERICAN ENERGY, S.L. SUCURSAL ARGENTINA
PN35D;PN35O;MEP;CORP;D;primary;;True;Oblig. Negociables;AR0623274765;Obligaciones Negociables;BOND;PAN AMERICAN ENERGY, S.L. SUCURSAL ARGENTINA
PN35O;PN35O;ARS;CORP;O;primary;;True;Oblig. Negociables;AR0623274765;Obligaciones Negociables;BOND;PAN AMERICAN ENERGY, S.L. SUCURSAL ARGENTINA
PN35X;PN35O;ARS;CORP;X;especial;;False;Oblig. Negociables;AR0623274765;Obligaciones Negociables;BOND;PAN AMERICAN ENERGY, S.L. SUCURSAL ARGENTINA
PN35Y;PN35O;MEP;CORP;Y;especial;;False;Oblig. Negociables;AR0623274765;Obligaciones Negociables;BOND;PAN AMERICAN ENERGY, S.L. SUCURSAL ARGENTINA
PN35Z;PN35O;cable;CORP;Z;especial;;False;Oblig. Negociables;AR0623274765;Obligaciones Negociables;BOND;PAN AMERICAN ENERGY, S.L. SUCURSAL ARGENTINA
PN36C;PN36O;cable;CORP;C;primary;;True;Oblig. Negociables;AR0677571967;Obligaciones Negociables;BOND;PAN AMERICAN ENERGY, S.L. SUCURSAL ARGENTINA
PN36D;PN36O;MEP;CORP;D;primary;;True;Oblig. Negociables;AR0677571967;Obligaciones Negociables;BOND;PAN AMERICAN ENERGY, S.L. SUCURSAL ARGENTINA
PN36O;PN36O;ARS;CORP;O;primary;;True;Oblig. Negociables;AR0677571967;Obligaciones Negociables;BOND;PAN AMERICAN ENERGY, S.L. SUCURSAL ARGENTINA
PN36X;PN36O;ARS;CORP;X;especial;;False;Oblig. Negociables;AR0677571967;Obligaciones Negociables;BOND;PAN AMERICAN ENERGY, S.L. SUCURSAL ARGENTINA
PN36Y;PN36O;MEP;CORP;Y;especial;;False;Oblig. Negociables;AR0677571967;Obligaciones Negociables;BOND;PAN AMERICAN ENERGY, S.L. SUCURSAL ARGENTINA
PN36Z;PN36O;cable;CORP;Z;especial;;False;Oblig. Negociables;AR0677571967;Obligaciones Negociables;BOND;PAN AMERICAN ENERGY, S.L. SUCURSAL ARGENTINA
PN37C;PN37O;cable;CORP;C;primary;;True;Oblig. Negociables;AR0098578880;Obligaciones Negociables;BOND;PAN AMERICAN ENERGY, S.L. SUCURSAL ARGENTINA
PN37D;PN37O;MEP;CORP;D;primary;;True;Oblig. Negociables;AR0098578880;Obligaciones Negociables;BOND;PAN AMERICAN ENERGY, S.L. SUCURSAL ARGENTINA
PN37O;PN37O;ARS;CORP;O;primary;;True;Oblig. Negociables;AR0098578880;Obligaciones Negociables;BOND;PAN AMERICAN ENERGY, S.L. SUCURSAL ARGENTINA
PN37X;PN37O;ARS;CORP;X;especial;;False;Oblig. Negociables;AR0098578880;Obligaciones Negociables;BOND;PAN AMERICAN ENERGY, S.L. SUCURSAL ARGENTINA
PN37Y;PN37O;MEP;CORP;Y;especial;;False;Oblig. Negociables;AR0098578880;Obligaciones Negociables;BOND;PAN AMERICAN ENERGY, S.L. SUCURSAL ARGENTINA
PN37Z;PN37O;cable;CORP;Z;especial;;False;Oblig. Negociables;AR0098578880;Obligaciones Negociables;BOND;PAN AMERICAN ENERGY, S.L. SUCURSAL ARGENTINA
PN38C;PN38O;cable;CORP;C;primary;;True;Oblig. Negociables;AR0554009248;Obligaciones Negociables;BOND;PAN AMERICAN ENERGY, S.L. SUCURSAL ARGENTINA
PN38D;PN38O;MEP;CORP;D;primary;;True;Oblig. Negociables;AR0554009248;Obligaciones Negociables;BOND;PAN AMERICAN ENERGY, S.L. SUCURSAL ARGENTINA
PN38O;PN38O;ARS;CORP;O;primary;;True;Oblig. Negociables;AR0554009248;Obligaciones Negociables;BOND;PAN AMERICAN ENERGY, S.L. SUCURSAL ARGENTINA
PN38X;PN38O;ARS;CORP;X;especial;;False;Oblig. Negociables;AR0554009248;Obligaciones Negociables;BOND;PAN AMERICAN ENERGY, S.L. SUCURSAL ARGENTINA
PN38Y;PN38O;MEP;CORP;Y;especial;;False;Oblig. Negociables;AR0554009248;Obligaciones Negociables;BOND;PAN AMERICAN ENERGY, S.L. SUCURSAL ARGENTINA
PN38Z;PN38O;cable;CORP;Z;especial;;False;Oblig. Negociables;AR0554009248;Obligaciones Negociables;BOND;PAN AMERICAN ENERGY, S.L. SUCURSAL ARGENTINA
PN40C;PN40O;cable;CORP;C;primary;;True;Oblig. Negociables;AR0351070781;Obligaciones Negociables;BOND;PAN AMERICAN ENERGY, S.L. SUCURSAL ARGENTINA
PN40D;PN40O;MEP;CORP;D;primary;;True;Oblig. Negociables;AR0351070781;Obligaciones Negociables;BOND;PAN AMERICAN ENERGY, S.L. SUCURSAL ARGENTINA
PN40O;PN40O;ARS;CORP;O;primary;;True;Oblig. Negociables;AR0351070781;Obligaciones Negociables;BOND;PAN AMERICAN ENERGY, S.L. SUCURSAL ARGENTINA
PN40X;PN40O;ARS;CORP;X;especial;;False;Oblig. Negociables;AR0351070781;Obligaciones Negociables;BOND;PAN AMERICAN ENERGY, S.L. SUCURSAL ARGENTINA
PN40Y;PN40O;MEP;CORP;Y;especial;;False;Oblig. Negociables;AR0351070781;Obligaciones Negociables;BOND;PAN AMERICAN ENERGY, S.L. SUCURSAL ARGENTINA
PN40Z;PN40O;cable;CORP;Z;especial;;False;Oblig. Negociables;AR0351070781;Obligaciones Negociables;BOND;PAN AMERICAN ENERGY, S.L. SUCURSAL ARGENTINA
PN41C;PN41O;cable;CORP;C;primary;;True;Oblig. Negociables;AR0299198264;Obligaciones Negociables;BOND;PAN AMERICAN ENERGY, S.L. SUCURSAL ARGENTINA
PN41D;PN41O;MEP;CORP;D;primary;;True;Oblig. Negociables;AR0299198264;Obligaciones Negociables;BOND;PAN AMERICAN ENERGY, S.L. SUCURSAL ARGENTINA
PN41O;PN41O;ARS;CORP;O;primary;;True;Oblig. Negociables;AR0299198264;Obligaciones Negociables;BOND;PAN AMERICAN ENERGY, S.L. SUCURSAL ARGENTINA
PN41Y;PN41O;MEP;CORP;Y;especial;;False;Oblig. Negociables;AR0299198264;Obligaciones Negociables;BOND;PAN AMERICAN ENERGY, S.L. SUCURSAL ARGENTINA
PN42C;PN42O;cable;CORP;C;primary;;True;Oblig. Negociables;AR0081130814;Obligaciones Negociables;BOND;PAN AMERICAN ENERGY, S.L. SUCURSAL ARGENTINA
PN42D;PN42O;MEP;CORP;D;primary;;True;Oblig. Negociables;AR0081130814;Obligaciones Negociables;BOND;PAN AMERICAN ENERGY, S.L. SUCURSAL ARGENTINA
PN42O;PN42O;ARS;CORP;O;primary;;True;Oblig. Negociables;AR0081130814;Obligaciones Negociables;BOND;PAN AMERICAN ENERGY, S.L. SUCURSAL ARGENTINA
PN42X;PN42O;ARS;CORP;X;especial;;False;Oblig. Negociables;AR0081130814;Obligaciones Negociables;BOND;PAN AMERICAN ENERGY, S.L. SUCURSAL ARGENTINA
PN42Y;PN42O;MEP;CORP;Y;especial;;False;Oblig. Negociables;AR0081130814;Obligaciones Negociables;BOND;PAN AMERICAN ENERGY, S.L. SUCURSAL ARGENTINA
PN42Z;PN42O;cable;CORP;Z;especial;;False;Oblig. Negociables;AR0081130814;Obligaciones Negociables;BOND;PAN AMERICAN ENERGY, S.L. SUCURSAL ARGENTINA
PN43C;PN43O;cable;CORP;C;primary;;True;Oblig. Negociables;USE7S78BAD49;Obligaciones Negociables;BOND;PAN AMERICAN ENERGY, S.L. SUCURSAL ARGENTINA
PN43D;PN43O;MEP;CORP;D;primary;;True;Oblig. Negociables;USE7S78BAD49;Obligaciones Negociables;BOND;PAN AMERICAN ENERGY, S.L. SUCURSAL ARGENTINA
PN43O;PN43O;ARS;CORP;O;primary;;True;Oblig. Negociables;USE7S78BAD49;Obligaciones Negociables;BOND;PAN AMERICAN ENERGY, S.L. SUCURSAL ARGENTINA
PN43X;PN43O;ARS;CORP;X;especial;;False;Oblig. Negociables;USE7S78BAD49;Obligaciones Negociables;BOND;PAN AMERICAN ENERGY, S.L. SUCURSAL ARGENTINA
PN43Y;PN43O;MEP;CORP;Y;especial;;False;Oblig. Negociables;USE7S78BAD49;Obligaciones Negociables;BOND;PAN AMERICAN ENERGY, S.L. SUCURSAL ARGENTINA
PN43Z;PN43O;cable;CORP;Z;especial;;False;Oblig. Negociables;USE7S78BAD49;Obligaciones Negociables;BOND;PAN AMERICAN ENERGY, S.L. SUCURSAL ARGENTINA
PNDCC;PNDCO;cable;CORP;C;primary;;True;Oblig. Negociables;USE7S78BAB82;Obligaciones Negociables;BOND;PAN AMERICAN ENERGY, S.L. SUCURSAL ARGENTINA
PNDCD;PNDCO;MEP;CORP;D;primary;;True;Oblig. Negociables;USE7S78BAB82;Obligaciones Negociables;BOND;PAN AMERICAN ENERGY, S.L. SUCURSAL ARGENTINA
PNDCO;PNDCO;ARS;CORP;O;primary;;True;Oblig. Negociables;USE7S78BAB82;Obligaciones Negociables;BOND;PAN AMERICAN ENERGY, S.L. SUCURSAL ARGENTINA
PNDCX;PNDCO;ARS;CORP;X;especial;;False;Oblig. Negociables;USE7S78BAB82;Obligaciones Negociables;BOND;PAN AMERICAN ENERGY, S.L. SUCURSAL ARGENTINA
PNDCY;PNDCO;MEP;CORP;Y;especial;;False;Oblig. Negociables;USE7S78BAB82;Obligaciones Negociables;BOND;PAN AMERICAN ENERGY, S.L. SUCURSAL ARGENTINA
PNDCZ;PNDCO;cable;CORP;Z;especial;;False;Oblig. Negociables;USE7S78BAB82;Obligaciones Negociables;BOND;PAN AMERICAN ENERGY, S.L. SUCURSAL ARGENTINA
PNECC;PNECO;cable;CORP;C;primary;;True;Oblig. Negociables;ARAXIO5600L2;Obligaciones Negociables;BOND;PAN AMERICAN ENERGY, S.L. SUCURSAL ARGENTINA
PNECD;PNECO;MEP;CORP;D;primary;;True;Oblig. Negociables;ARAXIO5600L2;Obligaciones Negociables;BOND;PAN AMERICAN ENERGY, S.L. SUCURSAL ARGENTINA
PNECO;PNECO;ARS;CORP;O;primary;;True;Oblig. Negociables;ARAXIO5600L2;Obligaciones Negociables;BOND;PAN AMERICAN ENERGY, S.L. SUCURSAL ARGENTINA
PNECX;PNECO;ARS;CORP;X;especial;;False;Oblig. Negociables;ARAXIO5600L2;Obligaciones Negociables;BOND;PAN AMERICAN ENERGY, S.L. SUCURSAL ARGENTINA
PNECY;PNECO;MEP;CORP;Y;especial;;False;Oblig. Negociables;ARAXIO5600L2;Obligaciones Negociables;BOND;PAN AMERICAN ENERGY, S.L. SUCURSAL ARGENTINA
PNECZ;PNECO;cable;CORP;Z;especial;;False;Oblig. Negociables;ARAXIO5600L2;Obligaciones Negociables;BOND;PAN AMERICAN ENERGY, S.L. SUCURSAL ARGENTINA
PNFCC;PNFCO;cable;CORP;C;primary;;True;Oblig. Negociables;ARAXIO5600M0;Obligaciones Negociables;BOND;PAN AMERICAN ENERGY, S.L. SUCURSAL ARGENTINA
PNFCD;PNFCO;MEP;CORP;D;primary;;True;Oblig. Negociables;ARAXIO5600M0;Obligaciones Negociables;BOND;PAN AMERICAN ENERGY, S.L. SUCURSAL ARGENTINA
PNFCO;PNFCO;ARS;CORP;O;primary;;True;Oblig. Negociables;ARAXIO5600M0;Obligaciones Negociables;BOND;PAN AMERICAN ENERGY, S.L. SUCURSAL ARGENTINA
PNFCX;PNFCO;ARS;CORP;X;especial;;False;Oblig. Negociables;ARAXIO5600M0;Obligaciones Negociables;BOND;PAN AMERICAN ENERGY, S.L. SUCURSAL ARGENTINA
PNFCY;PNFCO;MEP;CORP;Y;especial;;False;Oblig. Negociables;ARAXIO5600M0;Obligaciones Negociables;BOND;PAN AMERICAN ENERGY, S.L. SUCURSAL ARGENTINA
PNICC;PNICO;cable;CORP;C;primary;;True;Oblig. Negociables;ARAXIO5600Q1;Obligaciones Negociables;BOND;PAN AMERICAN ENERGY, S.L. SUCURSAL ARGENTINA
PNICD;PNICO;MEP;CORP;D;primary;;True;Oblig. Negociables;ARAXIO5600Q1;Obligaciones Negociables;BOND;PAN AMERICAN ENERGY, S.L. SUCURSAL ARGENTINA
PNICO;PNICO;ARS;CORP;O;primary;;True;Oblig. Negociables;ARAXIO5600Q1;Obligaciones Negociables;BOND;PAN AMERICAN ENERGY, S.L. SUCURSAL ARGENTINA
PNICX;PNICO;ARS;CORP;X;especial;;False;Oblig. Negociables;ARAXIO5600Q1;Obligaciones Negociables;BOND;PAN AMERICAN ENERGY, S.L. SUCURSAL ARGENTINA
PNJCC;PNJCO;cable;CORP;C;primary;;True;Oblig. Negociables;ARAXIO5600P3;Obligaciones Negociables;BOND;PAN AMERICAN ENERGY, S.L. SUCURSAL ARGENTINA
PNJCD;PNJCO;MEP;CORP;D;primary;;True;Oblig. Negociables;ARAXIO5600P3;Obligaciones Negociables;BOND;PAN AMERICAN ENERGY, S.L. SUCURSAL ARGENTINA
PNJCO;PNJCO;ARS;CORP;O;primary;;True;Oblig. Negociables;ARAXIO5600P3;Obligaciones Negociables;BOND;PAN AMERICAN ENERGY, S.L. SUCURSAL ARGENTINA
PNJCX;PNJCO;ARS;CORP;X;especial;;False;Oblig. Negociables;ARAXIO5600P3;Obligaciones Negociables;BOND;PAN AMERICAN ENERGY, S.L. SUCURSAL ARGENTINA
PNJCY;PNJCO;MEP;CORP;Y;especial;;False;Oblig. Negociables;ARAXIO5600P3;Obligaciones Negociables;BOND;PAN AMERICAN ENERGY, S.L. SUCURSAL ARGENTINA
PNJCZ;PNJCO;cable;CORP;Z;especial;;False;Oblig. Negociables;ARAXIO5600P3;Obligaciones Negociables;BOND;PAN AMERICAN ENERGY, S.L. SUCURSAL ARGENTINA
PNRCD;PNRCO;MEP;CORP;D;primary;;True;Oblig. Negociables;ARAXIO5600X7;Obligaciones Negociables;BOND;PAN AMERICAN ENERGY, S.L. SUCURSAL ARGENTINA
PNRCO;PNRCO;ARS;CORP;O;primary;;True;Oblig. Negociables;ARAXIO5600X7;Obligaciones Negociables;BOND;PAN AMERICAN ENERGY, S.L. SUCURSAL ARGENTINA
PNRCX;PNRCO;ARS;CORP;X;especial;;False;Oblig. Negociables;ARAXIO5600X7;Obligaciones Negociables;BOND;PAN AMERICAN ENERGY, S.L. SUCURSAL ARGENTINA
PNRCZ;PNRCO;cable;CORP;Z;especial;;False;Oblig. Negociables;ARAXIO5600X7;Obligaciones Negociables;BOND;PAN AMERICAN ENERGY, S.L. SUCURSAL ARGENTINA
PNXCC;PNXCO;cable;CORP;C;primary;;True;Oblig. Negociables;USE7S78BAC65;Obligaciones Negociables;BOND;PAN AMERICAN ENERGY, S.L. SUCURSAL ARGENTINA
PNXCD;PNXCO;MEP;CORP;D;primary;;True;Oblig. Negociables;USE7S78BAC65;Obligaciones Negociables;BOND;PAN AMERICAN ENERGY, S.L. SUCURSAL ARGENTINA
PNXCO;PNXCO;ARS;CORP;O;primary;;True;Oblig. Negociables;USE7S78BAC65;Obligaciones Negociables;BOND;PAN AMERICAN ENERGY, S.L. SUCURSAL ARGENTINA
PNXCX;PNXCO;ARS;CORP;X;especial;;False;Oblig. Negociables;USE7S78BAC65;Obligaciones Negociables;BOND;PAN AMERICAN ENERGY, S.L. SUCURSAL ARGENTINA
PNXCY;PNXCO;MEP;CORP;Y;especial;;False;Oblig. Negociables;USE7S78BAC65;Obligaciones Negociables;BOND;PAN AMERICAN ENERGY, S.L. SUCURSAL ARGENTINA
PNXCZ;PNXCO;cable;CORP;Z;especial;;False;Oblig. Negociables;USE7S78BAC65;Obligaciones Negociables;BOND;PAN AMERICAN ENERGY, S.L. SUCURSAL ARGENTINA
PNZCC;PNZCO;cable;CORP;C;primary;;True;Oblig. Negociables;AR0614200928;Obligaciones Negociables;BOND;PAN AMERICAN ENERGY, S.L. SUCURSAL ARGENTINA
PNZCD;PNZCO;MEP;CORP;D;primary;;True;Oblig. Negociables;AR0614200928;Obligaciones Negociables;BOND;PAN AMERICAN ENERGY, S.L. SUCURSAL ARGENTINA
PNZCO;PNZCO;ARS;CORP;O;primary;;True;Oblig. Negociables;AR0614200928;Obligaciones Negociables;BOND;PAN AMERICAN ENERGY, S.L. SUCURSAL ARGENTINA
PNZCX;PNZCO;ARS;CORP;X;especial;;False;Oblig. Negociables;AR0614200928;Obligaciones Negociables;BOND;PAN AMERICAN ENERGY, S.L. SUCURSAL ARGENTINA
PNZCY;PNZCO;MEP;CORP;Y;especial;;False;Oblig. Negociables;AR0614200928;Obligaciones Negociables;BOND;PAN AMERICAN ENERGY, S.L. SUCURSAL ARGENTINA
PNZCZ;PNZCO;cable;CORP;Z;especial;;False;Oblig. Negociables;AR0614200928;Obligaciones Negociables;BOND;PAN AMERICAN ENERGY, S.L. SUCURSAL ARGENTINA
PQCKO;PQCKO;ARS;CORP;O;primary;;True;Oblig. Negociables;ARPETQ5600H0;Obligaciones Negociables;BOND;PETROQUIMICA COMODORO RIVADAVIA S.A.
PQCKX;PQCKO;ARS;CORP;X;especial;;False;Oblig. Negociables;ARPETQ5600H0;Obligaciones Negociables;BOND;PETROQUIMICA COMODORO RIVADAVIA S.A.
PQCKY;PQCKO;MEP;CORP;Y;especial;;False;Oblig. Negociables;ARPETQ5600H0;Obligaciones Negociables;BOND;PETROQUIMICA COMODORO RIVADAVIA S.A.
PQCKZ;PQCKO;cable;CORP;Z;especial;;False;Oblig. Negociables;ARPETQ5600H0;Obligaciones Negociables;BOND;PETROQUIMICA COMODORO RIVADAVIA S.A.
PQCOD;PQCOO;MEP;CORP;D;primary;;True;Oblig. Negociables;ARPETQ5600N8;Obligaciones Negociables;BOND;PETROQUIMICA COMODORO RIVADAVIA S.A.
PQCOO;PQCOO;ARS;CORP;O;primary;;True;Oblig. Negociables;ARPETQ5600N8;Obligaciones Negociables;BOND;PETROQUIMICA COMODORO RIVADAVIA S.A.
PQCOX;PQCOO;ARS;CORP;X;especial;;False;Oblig. Negociables;ARPETQ5600N8;Obligaciones Negociables;BOND;PETROQUIMICA COMODORO RIVADAVIA S.A.
PQCOY;PQCOO;MEP;CORP;Y;especial;;False;Oblig. Negociables;ARPETQ5600N8;Obligaciones Negociables;BOND;PETROQUIMICA COMODORO RIVADAVIA S.A.
PQCOZ;PQCOO;cable;CORP;Z;especial;;False;Oblig. Negociables;ARPETQ5600N8;Obligaciones Negociables;BOND;PETROQUIMICA COMODORO RIVADAVIA S.A.
PQCQC;PQCQO;cable;CORP;C;primary;;True;Oblig. Negociables;AR0761744397;Obligaciones Negociables;BOND;PETROQUIMICA COMODORO RIVADAVIA S.A.
PQCQD;PQCQO;MEP;CORP;D;primary;;True;Oblig. Negociables;AR0761744397;Obligaciones Negociables;BOND;PETROQUIMICA COMODORO RIVADAVIA S.A.
PQCQO;PQCQO;ARS;CORP;O;primary;;True;Oblig. Negociables;AR0761744397;Obligaciones Negociables;BOND;PETROQUIMICA COMODORO RIVADAVIA S.A.
PQCQX;PQCQO;ARS;CORP;X;especial;;False;Oblig. Negociables;AR0761744397;Obligaciones Negociables;BOND;PETROQUIMICA COMODORO RIVADAVIA S.A.
PQCQY;PQCQO;MEP;CORP;Y;especial;;False;Oblig. Negociables;AR0761744397;Obligaciones Negociables;BOND;PETROQUIMICA COMODORO RIVADAVIA S.A.
PQCQZ;PQCQO;cable;CORP;Z;especial;;False;Oblig. Negociables;AR0761744397;Obligaciones Negociables;BOND;PETROQUIMICA COMODORO RIVADAVIA S.A.
PQCRC;PQCRO;cable;CORP;C;primary;;True;Oblig. Negociables;AR0530125704;Obligaciones Negociables;BOND;PETROQUIMICA COMODORO RIVADAVIA S.A.
PQCRD;PQCRO;MEP;CORP;D;primary;;True;Oblig. Negociables;AR0530125704;Obligaciones Negociables;BOND;PETROQUIMICA COMODORO RIVADAVIA S.A.
PQCRO;PQCRO;ARS;CORP;O;primary;;True;Oblig. Negociables;AR0530125704;Obligaciones Negociables;BOND;PETROQUIMICA COMODORO RIVADAVIA S.A.
PQCRX;PQCRO;ARS;CORP;X;especial;;False;Oblig. Negociables;AR0530125704;Obligaciones Negociables;BOND;PETROQUIMICA COMODORO RIVADAVIA S.A.
PQCRY;PQCRO;MEP;CORP;Y;especial;;False;Oblig. Negociables;AR0530125704;Obligaciones Negociables;BOND;PETROQUIMICA COMODORO RIVADAVIA S.A.
PQCRZ;PQCRO;cable;CORP;Z;especial;;False;Oblig. Negociables;AR0530125704;Obligaciones Negociables;BOND;PETROQUIMICA COMODORO RIVADAVIA S.A.
PQCSC;PQCSO;cable;CORP;C;primary;;True;Oblig. Negociables;AR0309447628;Obligaciones Negociables;BOND;PETROQUIMICA COMODORO RIVADAVIA S.A.
PQCSD;PQCSO;MEP;CORP;D;primary;;True;Oblig. Negociables;AR0309447628;Obligaciones Negociables;BOND;PETROQUIMICA COMODORO RIVADAVIA S.A.
PQCSO;PQCSO;ARS;CORP;O;primary;;True;Oblig. Negociables;AR0309447628;Obligaciones Negociables;BOND;PETROQUIMICA COMODORO RIVADAVIA S.A.
PQCSX;PQCSO;ARS;CORP;X;especial;;False;Oblig. Negociables;AR0309447628;Obligaciones Negociables;BOND;PETROQUIMICA COMODORO RIVADAVIA S.A.
PQCSY;PQCSO;MEP;CORP;Y;especial;;False;Oblig. Negociables;AR0309447628;Obligaciones Negociables;BOND;PETROQUIMICA COMODORO RIVADAVIA S.A.
PQCSZ;PQCSO;cable;CORP;Z;especial;;False;Oblig. Negociables;AR0309447628;Obligaciones Negociables;BOND;PETROQUIMICA COMODORO RIVADAVIA S.A.
PQCTC;PQCTO;cable;CORP;C;primary;;True;Oblig. Negociables;AR0998747122;Obligaciones Negociables;BOND;PETROQUIMICA COMODORO RIVADAVIA S.A.
PQCTD;PQCTO;MEP;CORP;D;primary;;True;Oblig. Negociables;AR0998747122;Obligaciones Negociables;BOND;PETROQUIMICA COMODORO RIVADAVIA S.A.
PQCTO;PQCTO;ARS;CORP;O;primary;;True;Oblig. Negociables;AR0998747122;Obligaciones Negociables;BOND;PETROQUIMICA COMODORO RIVADAVIA S.A.
PQCTX;PQCTO;ARS;CORP;X;especial;;False;Oblig. Negociables;AR0998747122;Obligaciones Negociables;BOND;PETROQUIMICA COMODORO RIVADAVIA S.A.
PQCTY;PQCTO;MEP;CORP;Y;especial;;False;Oblig. Negociables;AR0998747122;Obligaciones Negociables;BOND;PETROQUIMICA COMODORO RIVADAVIA S.A.
PQCTZ;PQCTO;cable;CORP;Z;especial;;False;Oblig. Negociables;AR0998747122;Obligaciones Negociables;BOND;PETROQUIMICA COMODORO RIVADAVIA S.A.
PR21C;PR21O;cable;CORP;C;primary;;True;Oblig. Negociables;;;;
PR21D;PR21O;MEP;CORP;D;primary;;True;Oblig. Negociables;;;;
PR21P;PR21O;ARS;CORP;P;otro;;False;Oblig. Negociables;;;;
PS34C;PS34O;cable;CORP;C;primary;;True;Oblig. Negociables;AR0667383571;Obligaciones Negociables;BOND;PSA FINANCE  ARGENTINA COMPAÑIA FINANCIERA S.A.
PS34D;PS34O;MEP;CORP;D;primary;;True;Oblig. Negociables;AR0667383571;Obligaciones Negociables;BOND;PSA FINANCE  ARGENTINA COMPAÑIA FINANCIERA S.A.
PS34O;PS34O;ARS;CORP;O;primary;;True;Oblig. Negociables;AR0667383571;Obligaciones Negociables;BOND;PSA FINANCE  ARGENTINA COMPAÑIA FINANCIERA S.A.
PS34X;PS34O;ARS;CORP;X;especial;;False;Oblig. Negociables;AR0667383571;Obligaciones Negociables;BOND;PSA FINANCE  ARGENTINA COMPAÑIA FINANCIERA S.A.
PS34Y;PS34O;MEP;CORP;Y;especial;;False;Oblig. Negociables;AR0667383571;Obligaciones Negociables;BOND;PSA FINANCE  ARGENTINA COMPAÑIA FINANCIERA S.A.
PS34Z;PS34O;cable;CORP;Z;especial;;False;Oblig. Negociables;AR0667383571;Obligaciones Negociables;BOND;PSA FINANCE  ARGENTINA COMPAÑIA FINANCIERA S.A.
PS35C;PS35O;cable;CORP;C;primary;;True;Oblig. Negociables;;;;
PS35D;PS35O;MEP;CORP;D;primary;;True;Oblig. Negociables;;;;
PS35O;PS35O;ARS;CORP;O;primary;;True;Oblig. Negociables;;;;
PS35X;PS35O;ARS;CORP;X;especial;;False;Oblig. Negociables;;;;
PS35Y;PS35O;MEP;CORP;Y;especial;;False;Oblig. Negociables;;;;
PS35Z;PS35O;cable;CORP;Z;especial;;False;Oblig. Negociables;;;;
PS36C;PS36O;cable;CORP;C;primary;;True;Oblig. Negociables;;;;
PS36D;PS36O;MEP;CORP;D;primary;;True;Oblig. Negociables;;;;
PS36O;PS36O;ARS;CORP;O;primary;;True;Oblig. Negociables;;;;
PS36X;PS36O;ARS;CORP;X;especial;;False;Oblig. Negociables;;;;
PS36Y;PS36O;MEP;CORP;Y;especial;;False;Oblig. Negociables;;;;
PS36Z;PS36O;cable;CORP;Z;especial;;False;Oblig. Negociables;;;;
PS37C;PS37O;cable;CORP;C;primary;;True;Oblig. Negociables;;;;
PS37D;PS37O;MEP;CORP;D;primary;;True;Oblig. Negociables;;;;
PS37O;PS37O;ARS;CORP;O;primary;;True;Oblig. Negociables;;;;
PS37X;PS37O;ARS;CORP;X;especial;;False;Oblig. Negociables;;;;
PS37Y;PS37O;MEP;CORP;Y;especial;;False;Oblig. Negociables;;;;
PS37Z;PS37O;cable;CORP;Z;especial;;False;Oblig. Negociables;;;;
PS38C;PS38O;cable;CORP;C;primary;;True;Oblig. Negociables;;;;
PS38D;PS38O;MEP;CORP;D;primary;;True;Oblig. Negociables;;;;
PS38O;PS38O;ARS;CORP;O;primary;;True;Oblig. Negociables;;;;
PS38X;PS38O;ARS;CORP;X;especial;;False;Oblig. Negociables;;;;
PS38Y;PS38O;MEP;CORP;Y;especial;;False;Oblig. Negociables;;;;
PS38Z;PS38O;cable;CORP;Z;especial;;False;Oblig. Negociables;;;;
PSSWC;PSSWO;cable;CORP;C;primary;;True;Oblig. Negociables;AR0605030706;Obligaciones Negociables;BOND;PSA FINANCE  ARGENTINA COMPAÑIA FINANCIERA S.A.
PSSWD;PSSWO;MEP;CORP;D;primary;;True;Oblig. Negociables;AR0605030706;Obligaciones Negociables;BOND;PSA FINANCE  ARGENTINA COMPAÑIA FINANCIERA S.A.
PSSWO;PSSWO;ARS;CORP;O;primary;;True;Oblig. Negociables;AR0605030706;Obligaciones Negociables;BOND;PSA FINANCE  ARGENTINA COMPAÑIA FINANCIERA S.A.
PSSXC;PSSXO;cable;CORP;C;primary;;True;Oblig. Negociables;AR0593873687;Obligaciones Negociables;BOND;PSA FINANCE  ARGENTINA COMPAÑIA FINANCIERA S.A.
PSSXD;PSSXO;MEP;CORP;D;primary;;True;Oblig. Negociables;AR0593873687;Obligaciones Negociables;BOND;PSA FINANCE  ARGENTINA COMPAÑIA FINANCIERA S.A.
PSSXO;PSSXO;ARS;CORP;O;primary;;True;Oblig. Negociables;AR0593873687;Obligaciones Negociables;BOND;PSA FINANCE  ARGENTINA COMPAÑIA FINANCIERA S.A.
PUC2C;PUC2O;cable;CORP;C;primary;;True;Oblig. Negociables;AR0069816632;Obligaciones Negociables;BOND;Petróleos Sudamericanos S.A.
PUC2D;PUC2O;MEP;CORP;D;primary;;True;Oblig. Negociables;AR0069816632;Obligaciones Negociables;BOND;Petróleos Sudamericanos S.A.
PUC2O;PUC2O;ARS;CORP;O;primary;;True;Oblig. Negociables;AR0069816632;Obligaciones Negociables;BOND;Petróleos Sudamericanos S.A.
PV1LC;PV1LO;cable;CORP;C;primary;;True;Oblig. Negociables;;;;
PV1LD;PV1LO;MEP;CORP;D;primary;;True;Oblig. Negociables;;;;
PVS1L;PVS1O;ARS;CORP;L;otro;;False;Oblig. Negociables;;;;
PZCAO;PZCAO;ARS;CORP;O;primary;;True;Oblig. Negociables;ARPLAZ560094;Obligaciones Negociables;BOND;Plaza Logística S.R.L.
PZCAX;PZCAO;ARS;CORP;X;especial;;False;Oblig. Negociables;ARPLAZ560094;Obligaciones Negociables;BOND;Plaza Logística S.R.L.
PZCAY;PZCAO;MEP;CORP;Y;especial;;False;Oblig. Negociables;ARPLAZ560094;Obligaciones Negociables;BOND;Plaza Logística S.R.L.
PZCAZ;PZCAO;cable;CORP;Z;especial;;False;Oblig. Negociables;ARPLAZ560094;Obligaciones Negociables;BOND;Plaza Logística S.R.L.
PZCEC;PZCEO;cable;CORP;C;primary;;True;Oblig. Negociables;AR0500841934;Obligaciones Negociables;BOND;Plaza Logística S.R.L.
PZCED;PZCEO;MEP;CORP;D;primary;;True;Oblig. Negociables;AR0500841934;Obligaciones Negociables;BOND;Plaza Logística S.R.L.
PZCEO;PZCEO;ARS;CORP;O;primary;;True;Oblig. Negociables;AR0500841934;Obligaciones Negociables;BOND;Plaza Logística S.R.L.
PZCEX;PZCEO;ARS;CORP;X;especial;;False;Oblig. Negociables;AR0500841934;Obligaciones Negociables;BOND;Plaza Logística S.R.L.
PZCEY;PZCEO;MEP;CORP;Y;especial;;False;Oblig. Negociables;AR0500841934;Obligaciones Negociables;BOND;Plaza Logística S.R.L.
PZCEZ;PZCEO;cable;CORP;Z;especial;;False;Oblig. Negociables;AR0500841934;Obligaciones Negociables;BOND;Plaza Logística S.R.L.
PZCGD;PZCGO;MEP;CORP;D;primary;;True;Oblig. Negociables;AR0560145721;Obligaciones Negociables;BOND;Plaza Logística S.R.L.
PZCGO;PZCGO;ARS;CORP;O;primary;;True;Oblig. Negociables;AR0560145721;Obligaciones Negociables;BOND;Plaza Logística S.R.L.
RAC5C;RAC5O;cable;CORP;C;primary;;True;Oblig. Negociables;USP79849AE89;Obligaciones Negociables;BOND;RAGHSA S. A.
RAC5D;RAC5O;MEP;CORP;D;primary;;True;Oblig. Negociables;USP79849AE89;Obligaciones Negociables;BOND;RAGHSA S. A.
RAC5O;RAC5O;ARS;CORP;O;primary;;True;Oblig. Negociables;USP79849AE89;Obligaciones Negociables;BOND;RAGHSA S. A.
RAC5X;RAC5O;ARS;CORP;X;especial;;False;Oblig. Negociables;USP79849AE89;Obligaciones Negociables;BOND;RAGHSA S. A.
RAC5Y;RAC5O;MEP;CORP;Y;especial;;False;Oblig. Negociables;USP79849AE89;Obligaciones Negociables;BOND;RAGHSA S. A.
RAC5Z;RAC5O;cable;CORP;Z;especial;;False;Oblig. Negociables;USP79849AE89;Obligaciones Negociables;BOND;RAGHSA S. A.
RAC7C;RAC7O;cable;CORP;C;primary;;True;Oblig. Negociables;USP79849AF54;Obligaciones Negociables;BOND;RAGHSA S. A.
RAC7D;RAC7O;MEP;CORP;D;primary;;True;Oblig. Negociables;USP79849AF54;Obligaciones Negociables;BOND;RAGHSA S. A.
RAC7O;RAC7O;ARS;CORP;O;primary;;True;Oblig. Negociables;USP79849AF54;Obligaciones Negociables;BOND;RAGHSA S. A.
RAC7X;RAC7O;ARS;CORP;X;especial;;False;Oblig. Negociables;USP79849AF54;Obligaciones Negociables;BOND;RAGHSA S. A.
RAC7Y;RAC7O;MEP;CORP;Y;especial;;False;Oblig. Negociables;USP79849AF54;Obligaciones Negociables;BOND;RAGHSA S. A.
RAC7Z;RAC7O;cable;CORP;Z;especial;;False;Oblig. Negociables;USP79849AF54;Obligaciones Negociables;BOND;RAGHSA S. A.
RAS4C;RAS4O;cable;CORP;C;primary;;True;Oblig. Negociables;;;;
RAS4D;RAS4O;MEP;CORP;D;primary;;True;Oblig. Negociables;;;;
RAS4P;RAS4O;ARS;CORP;P;otro;;False;Oblig. Negociables;;;;
RB58C;RB58O;cable;CORP;C;primary;;True;Oblig. Negociables;AR0653309416;Obligaciones Negociables;BOND;ROMBO COMPAÑÍA FINANCIERA S.A.
RB58D;RB58O;MEP;CORP;D;primary;;True;Oblig. Negociables;AR0653309416;Obligaciones Negociables;BOND;ROMBO COMPAÑÍA FINANCIERA S.A.
RB58O;RB58O;ARS;CORP;O;primary;;True;Oblig. Negociables;AR0653309416;Obligaciones Negociables;BOND;ROMBO COMPAÑÍA FINANCIERA S.A.
RB58X;RB58O;ARS;CORP;X;especial;;False;Oblig. Negociables;AR0653309416;Obligaciones Negociables;BOND;ROMBO COMPAÑÍA FINANCIERA S.A.
RB58Y;RB58O;MEP;CORP;Y;especial;;False;Oblig. Negociables;AR0653309416;Obligaciones Negociables;BOND;ROMBO COMPAÑÍA FINANCIERA S.A.
RB58Z;RB58O;cable;CORP;Z;especial;;False;Oblig. Negociables;AR0653309416;Obligaciones Negociables;BOND;ROMBO COMPAÑÍA FINANCIERA S.A.
RB59C;RB59O;cable;CORP;C;primary;;True;Oblig. Negociables;AR0480183265;Obligaciones Negociables;BOND;ROMBO COMPAÑÍA FINANCIERA S.A.
RB59D;RB59O;MEP;CORP;D;primary;;True;Oblig. Negociables;AR0480183265;Obligaciones Negociables;BOND;ROMBO COMPAÑÍA FINANCIERA S.A.
RB59O;RB59O;ARS;CORP;O;primary;;True;Oblig. Negociables;AR0480183265;Obligaciones Negociables;BOND;ROMBO COMPAÑÍA FINANCIERA S.A.
RB59X;RB59O;ARS;CORP;X;especial;;False;Oblig. Negociables;AR0480183265;Obligaciones Negociables;BOND;ROMBO COMPAÑÍA FINANCIERA S.A.
RB59Y;RB59O;MEP;CORP;Y;especial;;False;Oblig. Negociables;AR0480183265;Obligaciones Negociables;BOND;ROMBO COMPAÑÍA FINANCIERA S.A.
RB59Z;RB59O;cable;CORP;Z;especial;;False;Oblig. Negociables;AR0480183265;Obligaciones Negociables;BOND;ROMBO COMPAÑÍA FINANCIERA S.A.
RB60C;RB60O;cable;CORP;C;primary;;True;Oblig. Negociables;AR0377743502;Obligaciones Negociables;BOND;ROMBO COMPAÑÍA FINANCIERA S.A.
RB60D;RB60O;MEP;CORP;D;primary;;True;Oblig. Negociables;AR0377743502;Obligaciones Negociables;BOND;ROMBO COMPAÑÍA FINANCIERA S.A.
RB60O;RB60O;ARS;CORP;O;primary;;True;Oblig. Negociables;AR0377743502;Obligaciones Negociables;BOND;ROMBO COMPAÑÍA FINANCIERA S.A.
RB60X;RB60O;ARS;CORP;X;especial;;False;Oblig. Negociables;AR0377743502;Obligaciones Negociables;BOND;ROMBO COMPAÑÍA FINANCIERA S.A.
RB60Y;RB60O;MEP;CORP;Y;especial;;False;Oblig. Negociables;AR0377743502;Obligaciones Negociables;BOND;ROMBO COMPAÑÍA FINANCIERA S.A.
RB60Z;RB60O;cable;CORP;Z;especial;;False;Oblig. Negociables;AR0377743502;Obligaciones Negociables;BOND;ROMBO COMPAÑÍA FINANCIERA S.A.
RB61C;RB61O;cable;CORP;C;primary;;True;Oblig. Negociables;;;;
RB61D;RB61O;MEP;CORP;D;primary;;True;Oblig. Negociables;;;;
RB61O;RB61O;ARS;CORP;O;primary;;True;Oblig. Negociables;;;;
RB61X;RB61O;ARS;CORP;X;especial;;False;Oblig. Negociables;;;;
RB61Y;RB61O;MEP;CORP;Y;especial;;False;Oblig. Negociables;;;;
RB61Z;RB61O;cable;CORP;Z;especial;;False;Oblig. Negociables;;;;
RB64C;RB64O;cable;CORP;C;primary;;True;Oblig. Negociables;;;;
RB64D;RB64O;MEP;CORP;D;primary;;True;Oblig. Negociables;;;;
RB64O;RB64O;ARS;CORP;O;primary;;True;Oblig. Negociables;;;;
RB64X;RB64O;ARS;CORP;X;especial;;False;Oblig. Negociables;;;;
RB64Y;RB64O;MEP;CORP;Y;especial;;False;Oblig. Negociables;;;;
RB64Z;RB64O;cable;CORP;Z;especial;;False;Oblig. Negociables;;;;
RB65C;RB65O;cable;CORP;C;primary;;True;Oblig. Negociables;;;;
RB65D;RB65O;MEP;CORP;D;primary;;True;Oblig. Negociables;;;;
RB65O;RB65O;ARS;CORP;O;primary;;True;Oblig. Negociables;;;;
RB65X;RB65O;ARS;CORP;X;especial;;False;Oblig. Negociables;;;;
RB65Y;RB65O;MEP;CORP;Y;especial;;False;Oblig. Negociables;;;;
RB65Z;RB65O;cable;CORP;Z;especial;;False;Oblig. Negociables;;;;
RB66C;RB66O;cable;CORP;C;primary;;True;Oblig. Negociables;AR0006343054;Obligaciones Negociables;BOND;ROMBO COMPAÑÍA FINANCIERA S.A.
RB66D;RB66O;MEP;CORP;D;primary;;True;Oblig. Negociables;AR0006343054;Obligaciones Negociables;BOND;ROMBO COMPAÑÍA FINANCIERA S.A.
RB66O;RB66O;ARS;CORP;O;primary;;True;Oblig. Negociables;AR0006343054;Obligaciones Negociables;BOND;ROMBO COMPAÑÍA FINANCIERA S.A.
RB66X;RB66O;ARS;CORP;X;especial;;False;Oblig. Negociables;AR0006343054;Obligaciones Negociables;BOND;ROMBO COMPAÑÍA FINANCIERA S.A.
RB66Y;RB66O;MEP;CORP;Y;especial;;False;Oblig. Negociables;AR0006343054;Obligaciones Negociables;BOND;ROMBO COMPAÑÍA FINANCIERA S.A.
RB66Z;RB66O;cable;CORP;Z;especial;;False;Oblig. Negociables;AR0006343054;Obligaciones Negociables;BOND;ROMBO COMPAÑÍA FINANCIERA S.A.
RC1CC;RC1CO;cable;CORP;C;primary;;True;Oblig. Negociables;USP04559BE29;Obligaciones Negociables;BOND;ARCOR S.A.I.C.
RC1CD;RC1CO;MEP;CORP;D;primary;;True;Oblig. Negociables;USP04559BE29;Obligaciones Negociables;BOND;ARCOR S.A.I.C.
RC1CO;RC1CO;ARS;CORP;O;primary;;True;Oblig. Negociables;USP04559BE29;Obligaciones Negociables;BOND;ARCOR S.A.I.C.
RC1CX;RC1CO;ARS;CORP;X;especial;;False;Oblig. Negociables;USP04559BE29;Obligaciones Negociables;BOND;ARCOR S.A.I.C.
RC1CY;RC1CO;MEP;CORP;Y;especial;;False;Oblig. Negociables;USP04559BE29;Obligaciones Negociables;BOND;ARCOR S.A.I.C.
RC1CZ;RC1CO;cable;CORP;Z;especial;;False;Oblig. Negociables;USP04559BE29;Obligaciones Negociables;BOND;ARCOR S.A.I.C.
RC2CC;RC2CO;cable;CORP;C;primary;;True;Oblig. Negociables;AR0004792187;Obligaciones Negociables;BOND;ARCOR S.A.I.C.
RC2CD;RC2CO;MEP;CORP;D;primary;;True;Oblig. Negociables;AR0004792187;Obligaciones Negociables;BOND;ARCOR S.A.I.C.
RC2CO;RC2CO;ARS;CORP;O;primary;;True;Oblig. Negociables;AR0004792187;Obligaciones Negociables;BOND;ARCOR S.A.I.C.
RC2CX;RC2CO;ARS;CORP;X;especial;;False;Oblig. Negociables;AR0004792187;Obligaciones Negociables;BOND;ARCOR S.A.I.C.
RC3CC;RC3CO;cable;CORP;C;primary;;True;Oblig. Negociables;AR0417951990;Obligaciones Negociables;BOND;ARCOR S.A.I.C.
RC3CD;RC3CO;MEP;CORP;D;primary;;True;Oblig. Negociables;AR0417951990;Obligaciones Negociables;BOND;ARCOR S.A.I.C.
RC3CO;RC3CO;ARS;CORP;O;primary;;True;Oblig. Negociables;AR0417951990;Obligaciones Negociables;BOND;ARCOR S.A.I.C.
RC3CX;RC3CO;ARS;CORP;X;especial;;False;Oblig. Negociables;AR0417951990;Obligaciones Negociables;BOND;ARCOR S.A.I.C.
RC3CY;RC3CO;MEP;CORP;Y;especial;;False;Oblig. Negociables;AR0417951990;Obligaciones Negociables;BOND;ARCOR S.A.I.C.
RC3CZ;RC3CO;cable;CORP;Z;especial;;False;Oblig. Negociables;AR0417951990;Obligaciones Negociables;BOND;ARCOR S.A.I.C.
RC4CC;RC4CO;cable;CORP;C;primary;;True;Oblig. Negociables;AR0328747875;Obligaciones Negociables;BOND;ARCOR S.A.I.C.
RC4CD;RC4CO;MEP;CORP;D;primary;;True;Oblig. Negociables;AR0328747875;Obligaciones Negociables;BOND;ARCOR S.A.I.C.
RC4CO;RC4CO;ARS;CORP;O;primary;;True;Oblig. Negociables;AR0328747875;Obligaciones Negociables;BOND;ARCOR S.A.I.C.
RC4CX;RC4CO;ARS;CORP;X;especial;;False;Oblig. Negociables;AR0328747875;Obligaciones Negociables;BOND;ARCOR S.A.I.C.
RC4CY;RC4CO;MEP;CORP;Y;especial;;False;Oblig. Negociables;AR0328747875;Obligaciones Negociables;BOND;ARCOR S.A.I.C.
RC4CZ;RC4CO;cable;CORP;Z;especial;;False;Oblig. Negociables;AR0328747875;Obligaciones Negociables;BOND;ARCOR S.A.I.C.
RC5CC;RC5CO;cable;CORP;C;primary;;True;Oblig. Negociables;AR0634275322;Obligaciones Negociables;BOND;ARCOR S.A.I.C.
RC5CD;RC5CO;MEP;CORP;D;primary;;True;Oblig. Negociables;AR0634275322;Obligaciones Negociables;BOND;ARCOR S.A.I.C.
RC5CO;RC5CO;ARS;CORP;O;primary;;True;Oblig. Negociables;AR0634275322;Obligaciones Negociables;BOND;ARCOR S.A.I.C.
RC5CX;RC5CO;ARS;CORP;X;especial;;False;Oblig. Negociables;AR0634275322;Obligaciones Negociables;BOND;ARCOR S.A.I.C.
RC5CY;RC5CO;MEP;CORP;Y;especial;;False;Oblig. Negociables;AR0634275322;Obligaciones Negociables;BOND;ARCOR S.A.I.C.
RC5CZ;RC5CO;cable;CORP;Z;especial;;False;Oblig. Negociables;AR0634275322;Obligaciones Negociables;BOND;ARCOR S.A.I.C.
RC6CC;RC6CO;cable;CORP;C;primary;;True;Oblig. Negociables;AR0322335479;Obligaciones Negociables;BOND;ARCOR S.A.I.C.
RC6CD;RC6CO;MEP;CORP;D;primary;;True;Oblig. Negociables;AR0322335479;Obligaciones Negociables;BOND;ARCOR S.A.I.C.
RC6CO;RC6CO;ARS;CORP;O;primary;;True;Oblig. Negociables;AR0322335479;Obligaciones Negociables;BOND;ARCOR S.A.I.C.
RC6CX;RC6CO;ARS;CORP;X;especial;;False;Oblig. Negociables;AR0322335479;Obligaciones Negociables;BOND;ARCOR S.A.I.C.
RC6CY;RC6CO;MEP;CORP;Y;especial;;False;Oblig. Negociables;AR0322335479;Obligaciones Negociables;BOND;ARCOR S.A.I.C.
RC6CZ;RC6CO;cable;CORP;Z;especial;;False;Oblig. Negociables;AR0322335479;Obligaciones Negociables;BOND;ARCOR S.A.I.C.
RCCRC;RCCRO;cable;CORP;C;primary;;True;Oblig. Negociables;AR0016944933;Obligaciones Negociables;BOND;ARCOR S.A.I.C.
RCCRD;RCCRO;MEP;CORP;D;primary;;True;Oblig. Negociables;AR0016944933;Obligaciones Negociables;BOND;ARCOR S.A.I.C.
RCCRO;RCCRO;ARS;CORP;O;primary;;True;Oblig. Negociables;AR0016944933;Obligaciones Negociables;BOND;ARCOR S.A.I.C.
RCCRX;RCCRO;ARS;CORP;X;especial;;False;Oblig. Negociables;AR0016944933;Obligaciones Negociables;BOND;ARCOR S.A.I.C.
RCCRY;RCCRO;MEP;CORP;Y;especial;;False;Oblig. Negociables;AR0016944933;Obligaciones Negociables;BOND;ARCOR S.A.I.C.
RCCRZ;RCCRO;cable;CORP;Z;especial;;False;Oblig. Negociables;AR0016944933;Obligaciones Negociables;BOND;ARCOR S.A.I.C.
RD1LC;RD1LO;cable;CORP;C;primary;;True;Oblig. Negociables;;;;
RD1LD;RD1LO;MEP;CORP;D;primary;;True;Oblig. Negociables;;;;
RD2LC;RD2LO;cable;CORP;C;primary;;True;Oblig. Negociables;;;;
RD2LD;RD2LO;MEP;CORP;D;primary;;True;Oblig. Negociables;;;;
RD42C;RD42O;cable;CORP;C;primary;;True;Oblig. Negociables;;;;
RDS1L;RDS1O;ARS;CORP;L;otro;;False;Oblig. Negociables;;;;
RDS2L;RDS2O;ARS;CORP;L;otro;;False;Oblig. Negociables;AR0268583827;Oblig. Negociables PYMES;BOND;RDA Renting S.A.
RES1L;RES1O;ARS;CORP;L;otro;;False;Oblig. Negociables;;;;
RI12C;RI12O;cable;CORP;C;primary;;True;Oblig. Negociables;;;;
RI12D;RI12O;MEP;CORP;D;primary;;True;Oblig. Negociables;;;;
ROC1C;ROC1O;cable;CORP;C;primary;;True;Oblig. Negociables;ARROCH5600A5;Obligaciones Negociables;BOND;ROCH S.A.
ROC1D;ROC1O;MEP;CORP;D;primary;;True;Oblig. Negociables;ARROCH5600A5;Obligaciones Negociables;BOND;ROCH S.A.
ROC1O;ROC1O;ARS;CORP;O;primary;;True;Oblig. Negociables;ARROCH5600A5;Obligaciones Negociables;BOND;ROCH S.A.
ROS2P;ROS2O;ARS;CORP;P;otro;;False;Oblig. Negociables;AR0755732085;Oblig. Negociables PYMES;BOND;Radiadores Prats S.A.
RUCDC;RUCDO;cable;CORP;C;primary;;True;Oblig. Negociables;USP7000QAJ96;Obligaciones Negociables;BOND;MSU ENERGY S.A.
RUCDD;RUCDO;MEP;CORP;D;primary;;True;Oblig. Negociables;USP7000QAJ96;Obligaciones Negociables;BOND;MSU ENERGY S.A.
RUCDO;RUCDO;ARS;CORP;O;primary;;True;Oblig. Negociables;USP7000QAJ96;Obligaciones Negociables;BOND;MSU ENERGY S.A.
RUCDX;RUCDO;ARS;CORP;X;especial;;False;Oblig. Negociables;USP7000QAJ96;Obligaciones Negociables;BOND;MSU ENERGY S.A.
RUCEC;RUCEO;cable;CORP;C;primary;;True;Oblig. Negociables;AR0207865277;Obligaciones Negociables;BOND;MSU ENERGY S.A.
RUCED;RUCEO;MEP;CORP;D;primary;;True;Oblig. Negociables;AR0207865277;Obligaciones Negociables;BOND;MSU ENERGY S.A.
RUCEO;RUCEO;ARS;CORP;O;primary;;True;Oblig. Negociables;AR0207865277;Obligaciones Negociables;BOND;MSU ENERGY S.A.
RUCEX;RUCEO;ARS;CORP;X;especial;;False;Oblig. Negociables;AR0207865277;Obligaciones Negociables;BOND;MSU ENERGY S.A.
RUCEY;RUCEO;MEP;CORP;Y;especial;;False;Oblig. Negociables;AR0207865277;Obligaciones Negociables;BOND;MSU ENERGY S.A.
RUCEZ;RUCEO;cable;CORP;Z;especial;;False;Oblig. Negociables;AR0207865277;Obligaciones Negociables;BOND;MSU ENERGY S.A.
RVS1D;RVS1O;MEP;CORP;D;primary;;True;Oblig. Negociables;AR0550419177;Obligaciones Negociables;BOND;Club Atlético River Plate Asociación Civil
RVS1O;RVS1O;ARS;CORP;O;primary;;True;Oblig. Negociables;AR0550419177;Obligaciones Negociables;BOND;Club Atlético River Plate Asociación Civil
RW1LC;RW1LO;cable;CORP;C;primary;;True;Oblig. Negociables;;;;
RW1LD;RW1LO;MEP;CORP;D;primary;;True;Oblig. Negociables;;;;
RWS1L;RWS1O;ARS;CORP;L;otro;;False;Oblig. Negociables;;;;
RZ1LC;RZ1LO;cable;CORP;C;primary;;True;Oblig. Negociables;;;;
RZ1LD;RZ1LO;MEP;CORP;D;primary;;True;Oblig. Negociables;;;;
RZ9AD;RZ9AO;MEP;CORP;D;primary;;True;Oblig. Negociables;AR0065093756;Obligaciones Negociables;BOND;Rizobacter Argentina S.A.
RZ9AO;RZ9AO;ARS;CORP;O;primary;;True;Oblig. Negociables;AR0065093756;Obligaciones Negociables;BOND;Rizobacter Argentina S.A.
RZ9AX;RZ9AO;ARS;CORP;X;especial;;False;Oblig. Negociables;AR0065093756;Obligaciones Negociables;BOND;Rizobacter Argentina S.A.
RZ9BC;RZ9BO;cable;CORP;C;primary;;True;Oblig. Negociables;AR0069851811;Obligaciones Negociables;BOND;Rizobacter Argentina S.A.
RZ9BD;RZ9BO;MEP;CORP;D;primary;;True;Oblig. Negociables;AR0069851811;Obligaciones Negociables;BOND;Rizobacter Argentina S.A.
RZ9BO;RZ9BO;ARS;CORP;O;primary;;True;Oblig. Negociables;AR0069851811;Obligaciones Negociables;BOND;Rizobacter Argentina S.A.
RZ9BX;RZ9BO;ARS;CORP;X;especial;;False;Oblig. Negociables;AR0069851811;Obligaciones Negociables;BOND;Rizobacter Argentina S.A.
RZAAX;RZAAO;ARS;CORP;X;especial;;False;Oblig. Negociables;;;;
RZABD;RZABO;MEP;CORP;D;primary;;True;Oblig. Negociables;AR0272566107;Obligaciones Negociables;BOND;Rizobacter Argentina S.A.
RZABO;RZABO;ARS;CORP;O;primary;;True;Oblig. Negociables;AR0272566107;Obligaciones Negociables;BOND;Rizobacter Argentina S.A.
RZS1L;RZS1O;ARS;CORP;L;otro;;False;Oblig. Negociables;AR0483460520;Oblig. Negociables PYMES;BOND;Matías Ruiz y Cía. S.A.
S12LC;S12LO;cable;CORP;C;primary;;True;Oblig. Negociables;;;;
S12LD;S12LO;MEP;CORP;D;primary;;True;Oblig. Negociables;;;;
S1ALC;S1ALO;cable;CORP;C;primary;;True;Oblig. Negociables;;;;
S1ALD;S1ALO;MEP;CORP;D;primary;;True;Oblig. Negociables;;;;
S1BLC;S1BLO;cable;CORP;C;primary;;True;Oblig. Negociables;;;;
S1BLD;S1BLO;MEP;CORP;D;primary;;True;Oblig. Negociables;;;;
SA1AC;SA1AO;cable;CORP;C;primary;;True;Oblig. Negociables;;;;
SA1AD;SA1AO;MEP;CORP;D;primary;;True;Oblig. Negociables;;;;
SA1AP;SA1AO;ARS;CORP;P;otro;;False;Oblig. Negociables;;;;
SA1BC;SA1BO;cable;CORP;C;primary;;True;Oblig. Negociables;;;;
SA1BD;SA1BO;MEP;CORP;D;primary;;True;Oblig. Negociables;;;;
SA1BP;SA1BO;ARS;CORP;P;otro;;False;Oblig. Negociables;;;;
SB12L;SB12O;ARS;CORP;L;otro;;False;Oblig. Negociables;;;;
SBC1C;SBC1O;cable;CORP;C;primary;;True;Oblig. Negociables;AR0200205687;Obligaciones Negociables;BOND;Scania Credit Argentina S.A.U.
SBC1D;SBC1O;MEP;CORP;D;primary;;True;Oblig. Negociables;AR0200205687;Obligaciones Negociables;BOND;Scania Credit Argentina S.A.U.
SBC1O;SBC1O;ARS;CORP;O;primary;;True;Oblig. Negociables;AR0200205687;Obligaciones Negociables;BOND;Scania Credit Argentina S.A.U.
SBC1X;SBC1O;ARS;CORP;X;especial;;False;Oblig. Negociables;AR0200205687;Obligaciones Negociables;BOND;Scania Credit Argentina S.A.U.
SBC1Y;SBC1O;MEP;CORP;Y;especial;;False;Oblig. Negociables;AR0200205687;Obligaciones Negociables;BOND;Scania Credit Argentina S.A.U.
SBC1Z;SBC1O;cable;CORP;Z;especial;;False;Oblig. Negociables;AR0200205687;Obligaciones Negociables;BOND;Scania Credit Argentina S.A.U.
SBC2C;SBC2O;cable;CORP;C;primary;;True;Oblig. Negociables;AR0318379242;Obligaciones Negociables;BOND;Scania Credit Argentina S.A.U.
SBC2D;SBC2O;MEP;CORP;D;primary;;True;Oblig. Negociables;AR0318379242;Obligaciones Negociables;BOND;Scania Credit Argentina S.A.U.
SBC2O;SBC2O;ARS;CORP;O;primary;;True;Oblig. Negociables;AR0318379242;Obligaciones Negociables;BOND;Scania Credit Argentina S.A.U.
SBC2X;SBC2O;ARS;CORP;X;especial;;False;Oblig. Negociables;AR0318379242;Obligaciones Negociables;BOND;Scania Credit Argentina S.A.U.
SBC2Y;SBC2O;MEP;CORP;Y;especial;;False;Oblig. Negociables;AR0318379242;Obligaciones Negociables;BOND;Scania Credit Argentina S.A.U.
SBC2Z;SBC2O;cable;CORP;Z;especial;;False;Oblig. Negociables;AR0318379242;Obligaciones Negociables;BOND;Scania Credit Argentina S.A.U.
SBC3C;SBC3O;cable;CORP;C;primary;;True;Oblig. Negociables;AR0183143921;Obligaciones Negociables;BOND;Scania Credit Argentina S.A.U.
SBC3D;SBC3O;MEP;CORP;D;primary;;True;Oblig. Negociables;AR0183143921;Obligaciones Negociables;BOND;Scania Credit Argentina S.A.U.
SBC3O;SBC3O;ARS;CORP;O;primary;;True;Oblig. Negociables;AR0183143921;Obligaciones Negociables;BOND;Scania Credit Argentina S.A.U.
SBC3Y;SBC3O;MEP;CORP;Y;especial;;False;Oblig. Negociables;AR0183143921;Obligaciones Negociables;BOND;Scania Credit Argentina S.A.U.
SF1AL;SF1AO;ARS;CORP;L;otro;;False;Oblig. Negociables;;;;
SF1BL;SF1BO;ARS;CORP;L;otro;;False;Oblig. Negociables;;;;
SG1BP;SG1BO;ARS;CORP;P;otro;;False;Oblig. Negociables;ARSUGL560025;Oblig. Negociables PYMES;BOND;Suc. de Gustavo Lagerheim S.A.
SIC1C;SIC1O;cable;CORP;C;primary;;True;Oblig. Negociables;AR0869460326;Obligaciones Negociables;BOND;SIDERSA S.A.
SIC1D;SIC1O;MEP;CORP;D;primary;;True;Oblig. Negociables;AR0869460326;Obligaciones Negociables;BOND;SIDERSA S.A.
SIC1O;SIC1O;ARS;CORP;O;primary;;True;Oblig. Negociables;AR0869460326;Obligaciones Negociables;BOND;SIDERSA S.A.
SIC1X;SIC1O;ARS;CORP;X;especial;;False;Oblig. Negociables;AR0869460326;Obligaciones Negociables;BOND;SIDERSA S.A.
SIC1Y;SIC1O;MEP;CORP;Y;especial;;False;Oblig. Negociables;AR0869460326;Obligaciones Negociables;BOND;SIDERSA S.A.
SIC1Z;SIC1O;cable;CORP;Z;especial;;False;Oblig. Negociables;AR0869460326;Obligaciones Negociables;BOND;SIDERSA S.A.
SN1MC;SN1MO;cable;CORP;C;primary;;True;Oblig. Negociables;;;;
SN1MD;SN1MO;MEP;CORP;D;primary;;True;Oblig. Negociables;;;;
SN7BC;SN7BO;cable;CORP;C;primary;;True;Oblig. Negociables;;;;
SN7BP;SN7BO;ARS;CORP;P;otro;;False;Oblig. Negociables;;;;
SNAAO;SNAAO;ARS;CORP;O;primary;;True;Oblig. Negociables;AR0682053886;Obligaciones Negociables;BOND;S.A. SAN MIGUEL
SNABD;SNABO;MEP;CORP;D;primary;;True;Oblig. Negociables;AR0398843448;Obligaciones Negociables;BOND;S.A. SAN MIGUEL
SNABO;SNABO;ARS;CORP;O;primary;;True;Oblig. Negociables;AR0398843448;Obligaciones Negociables;BOND;S.A. SAN MIGUEL
SNEAC;SNEAO;cable;CORP;C;primary;;True;Oblig. Negociables;AR0077785621;Obligaciones Negociables;BOND;S.A. SAN MIGUEL
SNEAD;SNEAO;MEP;CORP;D;primary;;True;Oblig. Negociables;AR0077785621;Obligaciones Negociables;BOND;S.A. SAN MIGUEL
SNEAO;SNEAO;ARS;CORP;O;primary;;True;Oblig. Negociables;AR0077785621;Obligaciones Negociables;BOND;S.A. SAN MIGUEL
SNEAX;SNEAO;ARS;CORP;X;especial;;False;Oblig. Negociables;AR0077785621;Obligaciones Negociables;BOND;S.A. SAN MIGUEL
SNEAY;SNEAO;MEP;CORP;Y;especial;;False;Oblig. Negociables;AR0077785621;Obligaciones Negociables;BOND;S.A. SAN MIGUEL
SNEAZ;SNEAO;cable;CORP;Z;especial;;False;Oblig. Negociables;AR0077785621;Obligaciones Negociables;BOND;S.A. SAN MIGUEL
SNEBC;SNEBO;cable;CORP;C;primary;;True;Oblig. Negociables;AR0295506908;Obligaciones Negociables;BOND;S.A. SAN MIGUEL
SNEBD;SNEBO;MEP;CORP;D;primary;;True;Oblig. Negociables;AR0295506908;Obligaciones Negociables;BOND;S.A. SAN MIGUEL
SNEBO;SNEBO;ARS;CORP;O;primary;;True;Oblig. Negociables;AR0295506908;Obligaciones Negociables;BOND;S.A. SAN MIGUEL
SNEBX;SNEBO;ARS;CORP;X;especial;;False;Oblig. Negociables;AR0295506908;Obligaciones Negociables;BOND;S.A. SAN MIGUEL
SNEBY;SNEBO;MEP;CORP;Y;especial;;False;Oblig. Negociables;AR0295506908;Obligaciones Negociables;BOND;S.A. SAN MIGUEL
SNEBZ;SNEBO;cable;CORP;Z;especial;;False;Oblig. Negociables;AR0295506908;Obligaciones Negociables;BOND;S.A. SAN MIGUEL
SNEPC;SNEPO;cable;CORP;C;primary;;True;Oblig. Negociables;;;;
SNEPD;SNEPO;MEP;CORP;D;primary;;True;Oblig. Negociables;;;;
SNHBC;SNHBO;cable;CORP;C;primary;;True;Oblig. Negociables;;;;
SNHBD;SNHBO;MEP;CORP;D;primary;;True;Oblig. Negociables;;;;
SNHBP;SNHBO;ARS;CORP;P;otro;;False;Oblig. Negociables;;;;
SNS1M;SNS1O;ARS;CORP;M;otro;;False;Oblig. Negociables;;;;
SNSBD;SNSBO;MEP;CORP;D;primary;;True;Oblig. Negociables;AR0792131879;Obligaciones Negociables;BOND;S.A. SAN MIGUEL
SNSBO;SNSBO;ARS;CORP;O;primary;;True;Oblig. Negociables;AR0792131879;Obligaciones Negociables;BOND;S.A. SAN MIGUEL
SNSDD;SNSDO;MEP;CORP;D;primary;;True;Oblig. Negociables;AR0228143829;Obligaciones Negociables;BOND;S.A. SAN MIGUEL
SNSDO;SNSDO;ARS;CORP;O;primary;;True;Oblig. Negociables;AR0228143829;Obligaciones Negociables;BOND;S.A. SAN MIGUEL
SNSDP;SNSDO;ARS;CORP;P;otro;;False;Oblig. Negociables;AR0228143829;Obligaciones Negociables;BOND;S.A. SAN MIGUEL
SNSEP;SNSEO;ARS;CORP;P;otro;;False;Oblig. Negociables;AR0975837136;Oblig. Negociables PYMES;BOND;SION S.A.
SOC3C;SOC3O;cable;CORP;C;primary;;True;Oblig. Negociables;AR0549668272;Obligaciones Negociables;BOND;Special Grains S.A. y Petroagro S.A.
SOC3O;SOC3O;ARS;CORP;O;primary;;True;Oblig. Negociables;AR0549668272;Obligaciones Negociables;BOND;Special Grains S.A. y Petroagro S.A.
SPC1C;SPC1O;cable;CORP;C;primary;;True;Oblig. Negociables;ARSPIE560011;Obligaciones Negociables;BOND;SCC POWER SAN PEDRO S.A.
SPC1D;SPC1O;MEP;CORP;D;primary;;True;Oblig. Negociables;ARSPIE560011;Obligaciones Negociables;BOND;SCC POWER SAN PEDRO S.A.
SPC1O;SPC1O;ARS;CORP;O;primary;;True;Oblig. Negociables;ARSPIE560011;Obligaciones Negociables;BOND;SCC POWER SAN PEDRO S.A.
SPC1X;SPC1O;ARS;CORP;X;especial;;False;Oblig. Negociables;ARSPIE560011;Obligaciones Negociables;BOND;SCC POWER SAN PEDRO S.A.
SPC1Y;SPC1O;MEP;CORP;Y;especial;;False;Oblig. Negociables;ARSPIE560011;Obligaciones Negociables;BOND;SCC POWER SAN PEDRO S.A.
SPC1Z;SPC1O;cable;CORP;Z;especial;;False;Oblig. Negociables;ARSPIE560011;Obligaciones Negociables;BOND;SCC POWER SAN PEDRO S.A.
SPC2C;SPC2O;cable;CORP;C;primary;;True;Oblig. Negociables;;;;
SPC2D;SPC2O;MEP;CORP;D;primary;;True;Oblig. Negociables;;;;
SPC2X;SPC2O;ARS;CORP;X;especial;;False;Oblig. Negociables;;;;
SPC2Y;SPC2O;MEP;CORP;Y;especial;;False;Oblig. Negociables;;;;
SPC2Z;SPC2O;cable;CORP;Z;especial;;False;Oblig. Negociables;;;;
STCFC;STCFO;cable;CORP;C;primary;;True;Oblig. Negociables;AR0633927196;Obligaciones Negociables;BOND;Grupo ST S.A.
STCFD;STCFO;MEP;CORP;D;primary;;True;Oblig. Negociables;AR0633927196;Obligaciones Negociables;BOND;Grupo ST S.A.
STCFO;STCFO;ARS;CORP;O;primary;;True;Oblig. Negociables;AR0633927196;Obligaciones Negociables;BOND;Grupo ST S.A.
STCFX;STCFO;ARS;CORP;X;especial;;False;Oblig. Negociables;AR0633927196;Obligaciones Negociables;BOND;Grupo ST S.A.
STCFY;STCFO;MEP;CORP;Y;especial;;False;Oblig. Negociables;AR0633927196;Obligaciones Negociables;BOND;Grupo ST S.A.
STCFZ;STCFO;cable;CORP;Z;especial;;False;Oblig. Negociables;AR0633927196;Obligaciones Negociables;BOND;Grupo ST S.A.
STCGC;STCGO;cable;CORP;C;primary;;True;Oblig. Negociables;AR0851033560;Obligaciones Negociables;BOND;Grupo ST S.A.
STCGD;STCGO;MEP;CORP;D;primary;;True;Oblig. Negociables;AR0851033560;Obligaciones Negociables;BOND;Grupo ST S.A.
STCGO;STCGO;ARS;CORP;O;primary;;True;Oblig. Negociables;AR0851033560;Obligaciones Negociables;BOND;Grupo ST S.A.
STCGX;STCGO;ARS;CORP;X;especial;;False;Oblig. Negociables;AR0851033560;Obligaciones Negociables;BOND;Grupo ST S.A.
STCGY;STCGO;MEP;CORP;Y;especial;;False;Oblig. Negociables;AR0851033560;Obligaciones Negociables;BOND;Grupo ST S.A.
STCGZ;STCGO;cable;CORP;Z;especial;;False;Oblig. Negociables;AR0851033560;Obligaciones Negociables;BOND;Grupo ST S.A.
STCHY;STCHO;MEP;CORP;Y;especial;;False;Oblig. Negociables;;;;
SXC1C;SXC1O;cable;CORP;C;primary;;True;Oblig. Negociables;AR0860224945;Obligaciones Negociables;BOND;Mercado Pago Servicios de Procesamiento S.R.L.
SXC1D;SXC1O;MEP;CORP;D;primary;;True;Oblig. Negociables;AR0860224945;Obligaciones Negociables;BOND;Mercado Pago Servicios de Procesamiento S.R.L.
SXC1O;SXC1O;ARS;CORP;O;primary;;True;Oblig. Negociables;AR0860224945;Obligaciones Negociables;BOND;Mercado Pago Servicios de Procesamiento S.R.L.
SXC1X;SXC1O;ARS;CORP;X;especial;;False;Oblig. Negociables;AR0860224945;Obligaciones Negociables;BOND;Mercado Pago Servicios de Procesamiento S.R.L.
SXC3C;SXC3O;cable;CORP;C;primary;;True;Oblig. Negociables;AR0844003837;Obligaciones Negociables;BOND;Mercado Pago Servicios de Procesamiento S.R.L.
SXC3D;SXC3O;MEP;CORP;D;primary;;True;Oblig. Negociables;AR0844003837;Obligaciones Negociables;BOND;Mercado Pago Servicios de Procesamiento S.R.L.
SXC3O;SXC3O;ARS;CORP;O;primary;;True;Oblig. Negociables;AR0844003837;Obligaciones Negociables;BOND;Mercado Pago Servicios de Procesamiento S.R.L.
SXC3X;SXC3O;ARS;CORP;X;especial;;False;Oblig. Negociables;AR0844003837;Obligaciones Negociables;BOND;Mercado Pago Servicios de Procesamiento S.R.L.
SXC3Y;SXC3O;MEP;CORP;Y;especial;;False;Oblig. Negociables;AR0844003837;Obligaciones Negociables;BOND;Mercado Pago Servicios de Procesamiento S.R.L.
SXC3Z;SXC3O;cable;CORP;Z;especial;;False;Oblig. Negociables;AR0844003837;Obligaciones Negociables;BOND;Mercado Pago Servicios de Procesamiento S.R.L.
SXC4C;SXC4O;cable;CORP;C;primary;;True;Oblig. Negociables;AR0707719248;Obligaciones Negociables;BOND;Mercado Pago Servicios de Procesamiento S.R.L.
SXC4D;SXC4O;MEP;CORP;D;primary;;True;Oblig. Negociables;AR0707719248;Obligaciones Negociables;BOND;Mercado Pago Servicios de Procesamiento S.R.L.
SXC4O;SXC4O;ARS;CORP;O;primary;;True;Oblig. Negociables;AR0707719248;Obligaciones Negociables;BOND;Mercado Pago Servicios de Procesamiento S.R.L.
SXC4X;SXC4O;ARS;CORP;X;especial;;False;Oblig. Negociables;AR0707719248;Obligaciones Negociables;BOND;Mercado Pago Servicios de Procesamiento S.R.L.
SXC4Y;SXC4O;MEP;CORP;Y;especial;;False;Oblig. Negociables;AR0707719248;Obligaciones Negociables;BOND;Mercado Pago Servicios de Procesamiento S.R.L.
SXC4Z;SXC4O;cable;CORP;Z;especial;;False;Oblig. Negociables;AR0707719248;Obligaciones Negociables;BOND;Mercado Pago Servicios de Procesamiento S.R.L.
SXC5C;SXC5O;cable;CORP;C;primary;;True;Oblig. Negociables;AR0029606974;Obligaciones Negociables;BOND;Mercado Pago Servicios de Procesamiento S.R.L.
SXC5D;SXC5O;MEP;CORP;D;primary;;True;Oblig. Negociables;AR0029606974;Obligaciones Negociables;BOND;Mercado Pago Servicios de Procesamiento S.R.L.
SXC5O;SXC5O;ARS;CORP;O;primary;;True;Oblig. Negociables;AR0029606974;Obligaciones Negociables;BOND;Mercado Pago Servicios de Procesamiento S.R.L.
SXC5X;SXC5O;ARS;CORP;X;especial;;False;Oblig. Negociables;AR0029606974;Obligaciones Negociables;BOND;Mercado Pago Servicios de Procesamiento S.R.L.
SXC5Y;SXC5O;MEP;CORP;Y;especial;;False;Oblig. Negociables;AR0029606974;Obligaciones Negociables;BOND;Mercado Pago Servicios de Procesamiento S.R.L.
SXC5Z;SXC5O;cable;CORP;Z;especial;;False;Oblig. Negociables;AR0029606974;Obligaciones Negociables;BOND;Mercado Pago Servicios de Procesamiento S.R.L.
SXC6C;SXC6O;cable;CORP;C;primary;;True;Oblig. Negociables;;;;
SXC6D;SXC6O;MEP;CORP;D;primary;;True;Oblig. Negociables;;;;
SXC6X;SXC6O;ARS;CORP;X;especial;;False;Oblig. Negociables;;;;
SXC6Y;SXC6O;MEP;CORP;Y;especial;;False;Oblig. Negociables;;;;
SXC6Z;SXC6O;cable;CORP;Z;especial;;False;Oblig. Negociables;;;;
SYS1C;SYS1O;cable;CORP;C;primary;;True;Oblig. Negociables;;;;
SYS1D;SYS1O;MEP;CORP;D;primary;;True;Oblig. Negociables;;;;
SYS1P;SYS1O;ARS;CORP;P;otro;;False;Oblig. Negociables;;;;
SZ12P;SZ12O;ARS;CORP;P;otro;;False;Oblig. Negociables;AR0107643089;Oblig. Negociables PYMES;BOND;AGRO DE SOUZA S.A.
SZ22C;SZ22O;cable;CORP;C;primary;;True;Oblig. Negociables;;;;
SZ22D;SZ22O;MEP;CORP;D;primary;;True;Oblig. Negociables;;;;
SZ22P;SZ22O;ARS;CORP;P;otro;;False;Oblig. Negociables;;;;
T1BLD;T1BLO;MEP;CORP;D;primary;;True;Oblig. Negociables;;;;
T641C;T641O;cable;CORP;C;primary;;True;Oblig. Negociables;AR0501573346;Obligaciones Negociables;BOND;TARJETA NARANJA S.A.U.
T641D;T641O;MEP;CORP;D;primary;;True;Oblig. Negociables;AR0501573346;Obligaciones Negociables;BOND;TARJETA NARANJA S.A.U.
T641O;T641O;ARS;CORP;O;primary;;True;Oblig. Negociables;AR0501573346;Obligaciones Negociables;BOND;TARJETA NARANJA S.A.U.
T641X;T641O;ARS;CORP;X;especial;;False;Oblig. Negociables;AR0501573346;Obligaciones Negociables;BOND;TARJETA NARANJA S.A.U.
T641Y;T641O;MEP;CORP;Y;especial;;False;Oblig. Negociables;AR0501573346;Obligaciones Negociables;BOND;TARJETA NARANJA S.A.U.
T641Z;T641O;cable;CORP;Z;especial;;False;Oblig. Negociables;AR0501573346;Obligaciones Negociables;BOND;TARJETA NARANJA S.A.U.
T661C;T661O;cable;CORP;C;primary;;True;Oblig. Negociables;AR0771688576;Obligaciones Negociables;BOND;TARJETA NARANJA S.A.U.
T661D;T661O;MEP;CORP;D;primary;;True;Oblig. Negociables;AR0771688576;Obligaciones Negociables;BOND;TARJETA NARANJA S.A.U.
T661O;T661O;ARS;CORP;O;primary;;True;Oblig. Negociables;AR0771688576;Obligaciones Negociables;BOND;TARJETA NARANJA S.A.U.
T661X;T661O;ARS;CORP;X;especial;;False;Oblig. Negociables;AR0771688576;Obligaciones Negociables;BOND;TARJETA NARANJA S.A.U.
T661Y;T661O;MEP;CORP;Y;especial;;False;Oblig. Negociables;AR0771688576;Obligaciones Negociables;BOND;TARJETA NARANJA S.A.U.
T661Z;T661O;cable;CORP;Z;especial;;False;Oblig. Negociables;AR0771688576;Obligaciones Negociables;BOND;TARJETA NARANJA S.A.U.
T662C;T662O;cable;CORP;C;primary;;True;Oblig. Negociables;AR0124318731;Obligaciones Negociables;BOND;TARJETA NARANJA S.A.U.
T662D;T662O;MEP;CORP;D;primary;;True;Oblig. Negociables;AR0124318731;Obligaciones Negociables;BOND;TARJETA NARANJA S.A.U.
T662O;T662O;ARS;CORP;O;primary;;True;Oblig. Negociables;AR0124318731;Obligaciones Negociables;BOND;TARJETA NARANJA S.A.U.
T662X;T662O;ARS;CORP;X;especial;;False;Oblig. Negociables;AR0124318731;Obligaciones Negociables;BOND;TARJETA NARANJA S.A.U.
T662Y;T662O;MEP;CORP;Y;especial;;False;Oblig. Negociables;AR0124318731;Obligaciones Negociables;BOND;TARJETA NARANJA S.A.U.
T662Z;T662O;cable;CORP;Z;especial;;False;Oblig. Negociables;AR0124318731;Obligaciones Negociables;BOND;TARJETA NARANJA S.A.U.
T671C;T671O;cable;CORP;C;primary;;True;Oblig. Negociables;AR0053789688;Obligaciones Negociables;BOND;TARJETA NARANJA S.A.U.
T671D;T671O;MEP;CORP;D;primary;;True;Oblig. Negociables;AR0053789688;Obligaciones Negociables;BOND;TARJETA NARANJA S.A.U.
T671O;T671O;ARS;CORP;O;primary;;True;Oblig. Negociables;AR0053789688;Obligaciones Negociables;BOND;TARJETA NARANJA S.A.U.
T671X;T671O;ARS;CORP;X;especial;;False;Oblig. Negociables;AR0053789688;Obligaciones Negociables;BOND;TARJETA NARANJA S.A.U.
T671Y;T671O;MEP;CORP;Y;especial;;False;Oblig. Negociables;AR0053789688;Obligaciones Negociables;BOND;TARJETA NARANJA S.A.U.
T671Z;T671O;cable;CORP;Z;especial;;False;Oblig. Negociables;AR0053789688;Obligaciones Negociables;BOND;TARJETA NARANJA S.A.U.
T672C;T672O;cable;CORP;C;primary;;True;Oblig. Negociables;AR0409953244;Obligaciones Negociables;BOND;TARJETA NARANJA S.A.U.
T672D;T672O;MEP;CORP;D;primary;;True;Oblig. Negociables;AR0409953244;Obligaciones Negociables;BOND;TARJETA NARANJA S.A.U.
T672O;T672O;ARS;CORP;O;primary;;True;Oblig. Negociables;AR0409953244;Obligaciones Negociables;BOND;TARJETA NARANJA S.A.U.
T672X;T672O;ARS;CORP;X;especial;;False;Oblig. Negociables;AR0409953244;Obligaciones Negociables;BOND;TARJETA NARANJA S.A.U.
T672Y;T672O;MEP;CORP;Y;especial;;False;Oblig. Negociables;AR0409953244;Obligaciones Negociables;BOND;TARJETA NARANJA S.A.U.
T672Z;T672O;cable;CORP;Z;especial;;False;Oblig. Negociables;AR0409953244;Obligaciones Negociables;BOND;TARJETA NARANJA S.A.U.
T673C;T673O;cable;CORP;C;primary;;True;Oblig. Negociables;AR0765043077;Obligaciones Negociables;BOND;TARJETA NARANJA S.A.U.
T673D;T673O;MEP;CORP;D;primary;;True;Oblig. Negociables;AR0765043077;Obligaciones Negociables;BOND;TARJETA NARANJA S.A.U.
T673O;T673O;ARS;CORP;O;primary;;True;Oblig. Negociables;AR0765043077;Obligaciones Negociables;BOND;TARJETA NARANJA S.A.U.
T673X;T673O;ARS;CORP;X;especial;;False;Oblig. Negociables;AR0765043077;Obligaciones Negociables;BOND;TARJETA NARANJA S.A.U.
T673Y;T673O;MEP;CORP;Y;especial;;False;Oblig. Negociables;AR0765043077;Obligaciones Negociables;BOND;TARJETA NARANJA S.A.U.
T673Z;T673O;cable;CORP;Z;especial;;False;Oblig. Negociables;AR0765043077;Obligaciones Negociables;BOND;TARJETA NARANJA S.A.U.
TE53C;TE53O;cable;CORP;C;primary;;True;Oblig. Negociables;;;;
TE53D;TE53O;MEP;CORP;D;primary;;True;Oblig. Negociables;;;;
TE53P;TE53O;ARS;CORP;P;otro;;False;Oblig. Negociables;;;;
TJ1LC;TJ1LO;cable;CORP;C;primary;;True;Oblig. Negociables;;;;
TJ1LD;TJ1LO;MEP;CORP;D;primary;;True;Oblig. Negociables;;;;
TJC1L;TJC1O;ARS;CORP;L;otro;;False;Oblig. Negociables;;;;
TL21C;TL21O;cable;CORP;C;primary;;True;Oblig. Negociables;;;;
TL21D;TL21O;MEP;CORP;D;primary;;True;Oblig. Negociables;;;;
TL21P;TL21O;ARS;CORP;P;otro;;False;Oblig. Negociables;;;;
TL23C;TL23O;cable;CORP;C;primary;;True;Oblig. Negociables;;;;
TL23D;TL23O;MEP;CORP;D;primary;;True;Oblig. Negociables;;;;
TLCDD;TLCDO;MEP;CORP;D;primary;;True;Oblig. Negociables;ARTECO5600E0;Obligaciones Negociables;BOND;TELECOM ARGENTINA S. A.
TLCDO;TLCDO;ARS;CORP;O;primary;;True;Oblig. Negociables;ARTECO5600E0;Obligaciones Negociables;BOND;TELECOM ARGENTINA S. A.
TLCDX;TLCDO;ARS;CORP;X;especial;;False;Oblig. Negociables;ARTECO5600E0;Obligaciones Negociables;BOND;TELECOM ARGENTINA S. A.
TLCDY;TLCDO;MEP;CORP;Y;especial;;False;Oblig. Negociables;ARTECO5600E0;Obligaciones Negociables;BOND;TELECOM ARGENTINA S. A.
TLCDZ;TLCDO;cable;CORP;Z;especial;;False;Oblig. Negociables;ARTECO5600E0;Obligaciones Negociables;BOND;TELECOM ARGENTINA S. A.
TLCFD;TLCFO;MEP;CORP;D;primary;;True;Oblig. Negociables;ARTECO5600G5;Obligaciones Negociables;BOND;TELECOM ARGENTINA S. A.
TLCFO;TLCFO;ARS;CORP;O;primary;;True;Oblig. Negociables;ARTECO5600G5;Obligaciones Negociables;BOND;TELECOM ARGENTINA S. A.
TLCFX;TLCFO;ARS;CORP;X;especial;;False;Oblig. Negociables;ARTECO5600G5;Obligaciones Negociables;BOND;TELECOM ARGENTINA S. A.
TLCFY;TLCFO;MEP;CORP;Y;especial;;False;Oblig. Negociables;ARTECO5600G5;Obligaciones Negociables;BOND;TELECOM ARGENTINA S. A.
TLCJO;TLCJO;ARS;CORP;O;primary;;True;Oblig. Negociables;AR0041103448;Obligaciones Negociables;BOND;TELECOM ARGENTINA S. A.
TLCJX;TLCJO;ARS;CORP;X;especial;;False;Oblig. Negociables;AR0041103448;Obligaciones Negociables;BOND;TELECOM ARGENTINA S. A.
TLCJY;TLCJO;MEP;CORP;Y;especial;;False;Oblig. Negociables;AR0041103448;Obligaciones Negociables;BOND;TELECOM ARGENTINA S. A.
TLCJZ;TLCJO;cable;CORP;Z;especial;;False;Oblig. Negociables;AR0041103448;Obligaciones Negociables;BOND;TELECOM ARGENTINA S. A.
TLCKC;TLCKO;cable;CORP;C;primary;;True;Oblig. Negociables;AR0849737462;Obligaciones Negociables;BOND;TELECOM ARGENTINA S. A.
TLCKO;TLCKO;ARS;CORP;O;primary;;True;Oblig. Negociables;AR0849737462;Obligaciones Negociables;BOND;TELECOM ARGENTINA S. A.
TLCKX;TLCKO;ARS;CORP;X;especial;;False;Oblig. Negociables;AR0849737462;Obligaciones Negociables;BOND;TELECOM ARGENTINA S. A.
TLCKY;TLCKO;MEP;CORP;Y;especial;;False;Oblig. Negociables;AR0849737462;Obligaciones Negociables;BOND;TELECOM ARGENTINA S. A.
TLCKZ;TLCKO;cable;CORP;Z;especial;;False;Oblig. Negociables;AR0849737462;Obligaciones Negociables;BOND;TELECOM ARGENTINA S. A.
TLCMC;TLCMO;cable;CORP;C;primary;;True;Oblig. Negociables;USP9028NBT74;Obligaciones Negociables;BOND;TELECOM ARGENTINA S. A.
TLCMD;TLCMO;MEP;CORP;D;primary;;True;Oblig. Negociables;USP9028NBT74;Obligaciones Negociables;BOND;TELECOM ARGENTINA S. A.
TLCMO;TLCMO;ARS;CORP;O;primary;;True;Oblig. Negociables;USP9028NBT74;Obligaciones Negociables;BOND;TELECOM ARGENTINA S. A.
TLCMX;TLCMO;ARS;CORP;X;especial;;False;Oblig. Negociables;USP9028NBT74;Obligaciones Negociables;BOND;TELECOM ARGENTINA S. A.
TLCMY;TLCMO;MEP;CORP;Y;especial;;False;Oblig. Negociables;USP9028NBT74;Obligaciones Negociables;BOND;TELECOM ARGENTINA S. A.
TLCMZ;TLCMO;cable;CORP;Z;especial;;False;Oblig. Negociables;USP9028NBT74;Obligaciones Negociables;BOND;TELECOM ARGENTINA S. A.
TLCOC;TLCOO;cable;CORP;C;primary;;True;Oblig. Negociables;AR0241562484;Obligaciones Negociables;BOND;TELECOM ARGENTINA S. A.
TLCOD;TLCOO;MEP;CORP;D;primary;;True;Oblig. Negociables;AR0241562484;Obligaciones Negociables;BOND;TELECOM ARGENTINA S. A.
TLCOO;TLCOO;ARS;CORP;O;primary;;True;Oblig. Negociables;AR0241562484;Obligaciones Negociables;BOND;TELECOM ARGENTINA S. A.
TLCOY;TLCOO;MEP;CORP;Y;especial;;False;Oblig. Negociables;AR0241562484;Obligaciones Negociables;BOND;TELECOM ARGENTINA S. A.
TLCPC;TLCPO;cable;CORP;C;primary;;True;Oblig. Negociables;USP9028NCA74;Obligaciones Negociables;BOND;TELECOM ARGENTINA S. A.
TLCPD;TLCPO;MEP;CORP;D;primary;;True;Oblig. Negociables;USP9028NCA74;Obligaciones Negociables;BOND;TELECOM ARGENTINA S. A.
TLCPO;TLCPO;ARS;CORP;O;primary;;True;Oblig. Negociables;USP9028NCA74;Obligaciones Negociables;BOND;TELECOM ARGENTINA S. A.
TLCPX;TLCPO;ARS;CORP;X;especial;;False;Oblig. Negociables;USP9028NCA74;Obligaciones Negociables;BOND;TELECOM ARGENTINA S. A.
TLCPY;TLCPO;MEP;CORP;Y;especial;;False;Oblig. Negociables;USP9028NCA74;Obligaciones Negociables;BOND;TELECOM ARGENTINA S. A.
TLCPZ;TLCPO;cable;CORP;Z;especial;;False;Oblig. Negociables;USP9028NCA74;Obligaciones Negociables;BOND;TELECOM ARGENTINA S. A.
TLCQC;TLCQO;cable;CORP;C;primary;;True;Oblig. Negociables;AR0006792755;Obligaciones Negociables;BOND;TELECOM ARGENTINA S. A.
TLCQD;TLCQO;MEP;CORP;D;primary;;True;Oblig. Negociables;AR0006792755;Obligaciones Negociables;BOND;TELECOM ARGENTINA S. A.
TLCQO;TLCQO;ARS;CORP;O;primary;;True;Oblig. Negociables;AR0006792755;Obligaciones Negociables;BOND;TELECOM ARGENTINA S. A.
TLCQX;TLCQO;ARS;CORP;X;especial;;False;Oblig. Negociables;AR0006792755;Obligaciones Negociables;BOND;TELECOM ARGENTINA S. A.
TLCQY;TLCQO;MEP;CORP;Y;especial;;False;Oblig. Negociables;AR0006792755;Obligaciones Negociables;BOND;TELECOM ARGENTINA S. A.
TLCRC;TLCRO;cable;CORP;C;primary;;True;Oblig. Negociables;AR0103723521;Obligaciones Negociables;BOND;TELECOM ARGENTINA S. A.
TLCRD;TLCRO;MEP;CORP;D;primary;;True;Oblig. Negociables;AR0103723521;Obligaciones Negociables;BOND;TELECOM ARGENTINA S. A.
TLCRO;TLCRO;ARS;CORP;O;primary;;True;Oblig. Negociables;AR0103723521;Obligaciones Negociables;BOND;TELECOM ARGENTINA S. A.
TLCRX;TLCRO;ARS;CORP;X;especial;;False;Oblig. Negociables;AR0103723521;Obligaciones Negociables;BOND;TELECOM ARGENTINA S. A.
TLCRY;TLCRO;MEP;CORP;Y;especial;;False;Oblig. Negociables;AR0103723521;Obligaciones Negociables;BOND;TELECOM ARGENTINA S. A.
TLCRZ;TLCRO;cable;CORP;Z;especial;;False;Oblig. Negociables;AR0103723521;Obligaciones Negociables;BOND;TELECOM ARGENTINA S. A.
TLCTC;TLCTO;cable;CORP;C;primary;;True;Oblig. Negociables;USP9028NCE96;Obligaciones Negociables;BOND;TELECOM ARGENTINA S. A.
TLCTD;TLCTO;MEP;CORP;D;primary;;True;Oblig. Negociables;USP9028NCE96;Obligaciones Negociables;BOND;TELECOM ARGENTINA S. A.
TLCTO;TLCTO;ARS;CORP;O;primary;;True;Oblig. Negociables;USP9028NCE96;Obligaciones Negociables;BOND;TELECOM ARGENTINA S. A.
TLCTX;TLCTO;ARS;CORP;X;especial;;False;Oblig. Negociables;USP9028NCE96;Obligaciones Negociables;BOND;TELECOM ARGENTINA S. A.
TLCTY;TLCTO;MEP;CORP;Y;especial;;False;Oblig. Negociables;USP9028NCE96;Obligaciones Negociables;BOND;TELECOM ARGENTINA S. A.
TLCTZ;TLCTO;cable;CORP;Z;especial;;False;Oblig. Negociables;USP9028NCE96;Obligaciones Negociables;BOND;TELECOM ARGENTINA S. A.
TLCUC;TLCUO;cable;CORP;C;primary;;True;Oblig. Negociables;AR0857544677;Obligaciones Negociables;BOND;TELECOM ARGENTINA S. A.
TLCUD;TLCUO;MEP;CORP;D;primary;;True;Oblig. Negociables;AR0857544677;Obligaciones Negociables;BOND;TELECOM ARGENTINA S. A.
TLCUO;TLCUO;ARS;CORP;O;primary;;True;Oblig. Negociables;AR0857544677;Obligaciones Negociables;BOND;TELECOM ARGENTINA S. A.
TLCUX;TLCUO;ARS;CORP;X;especial;;False;Oblig. Negociables;AR0857544677;Obligaciones Negociables;BOND;TELECOM ARGENTINA S. A.
TLCUY;TLCUO;MEP;CORP;Y;especial;;False;Oblig. Negociables;AR0857544677;Obligaciones Negociables;BOND;TELECOM ARGENTINA S. A.
TLCUZ;TLCUO;cable;CORP;Z;especial;;False;Oblig. Negociables;AR0857544677;Obligaciones Negociables;BOND;TELECOM ARGENTINA S. A.
TLCVC;TLCVO;cable;CORP;C;primary;;True;Oblig. Negociables;AR0931859976;Obligaciones Negociables;BOND;TELECOM ARGENTINA S. A.
TLCVD;TLCVO;MEP;CORP;D;primary;;True;Oblig. Negociables;AR0931859976;Obligaciones Negociables;BOND;TELECOM ARGENTINA S. A.
TLCVO;TLCVO;ARS;CORP;O;primary;;True;Oblig. Negociables;AR0931859976;Obligaciones Negociables;BOND;TELECOM ARGENTINA S. A.
TLCVX;TLCVO;ARS;CORP;X;especial;;False;Oblig. Negociables;AR0931859976;Obligaciones Negociables;BOND;TELECOM ARGENTINA S. A.
TLCVY;TLCVO;MEP;CORP;Y;especial;;False;Oblig. Negociables;AR0931859976;Obligaciones Negociables;BOND;TELECOM ARGENTINA S. A.
TLCVZ;TLCVO;cable;CORP;Z;especial;;False;Oblig. Negociables;AR0931859976;Obligaciones Negociables;BOND;TELECOM ARGENTINA S. A.
TLCWC;TLCVO;cable;CORP;C;primary;;True;Oblig. Negociables;AR0931859976;Obligaciones Negociables;BOND;TELECOM ARGENTINA S. A.
TLCWD;TLCVO;MEP;CORP;D;primary;;True;Oblig. Negociables;AR0931859976;Obligaciones Negociables;BOND;TELECOM ARGENTINA S. A.
TLCWO;TLCVO;ARS;CORP;O;primary;;True;Oblig. Negociables;AR0931859976;Obligaciones Negociables;BOND;TELECOM ARGENTINA S. A.
TLCWX;TLCVO;ARS;CORP;X;especial;;False;Oblig. Negociables;AR0931859976;Obligaciones Negociables;BOND;TELECOM ARGENTINA S. A.
TLCWY;TLCVO;MEP;CORP;Y;especial;;False;Oblig. Negociables;AR0931859976;Obligaciones Negociables;BOND;TELECOM ARGENTINA S. A.
TLCWZ;TLCVO;cable;CORP;Z;especial;;False;Oblig. Negociables;AR0931859976;Obligaciones Negociables;BOND;TELECOM ARGENTINA S. A.
TSC3C;TSC3O;cable;CORP;C;primary;;True;Oblig. Negociables;;;;
TSC3D;TSC3O;MEP;CORP;D;primary;;True;Oblig. Negociables;;;;
TSC3O;TSC3O;ARS;CORP;O;primary;;True;Oblig. Negociables;;;;
TSC3X;TSC3O;ARS;CORP;X;especial;;False;Oblig. Negociables;;;;
TSC3Y;TSC3O;MEP;CORP;Y;especial;;False;Oblig. Negociables;;;;
TSC3Z;TSC3O;cable;CORP;Z;especial;;False;Oblig. Negociables;;;;
TSC4C;TSC4O;cable;CORP;C;primary;;True;Oblig. Negociables;USP9308RBB89;Obligaciones Negociables;BOND;TRANSPORTADORA DE GAS DEL SUR S.A.
TSC4D;TSC4O;MEP;CORP;D;primary;;True;Oblig. Negociables;USP9308RBB89;Obligaciones Negociables;BOND;TRANSPORTADORA DE GAS DEL SUR S.A.
TSC4O;TSC4O;ARS;CORP;O;primary;;True;Oblig. Negociables;USP9308RBB89;Obligaciones Negociables;BOND;TRANSPORTADORA DE GAS DEL SUR S.A.
TSC4X;TSC4O;ARS;CORP;X;especial;;False;Oblig. Negociables;USP9308RBB89;Obligaciones Negociables;BOND;TRANSPORTADORA DE GAS DEL SUR S.A.
TSC4Y;TSC4O;MEP;CORP;Y;especial;;False;Oblig. Negociables;USP9308RBB89;Obligaciones Negociables;BOND;TRANSPORTADORA DE GAS DEL SUR S.A.
TSC4Z;TSC4O;cable;CORP;Z;especial;;False;Oblig. Negociables;USP9308RBB89;Obligaciones Negociables;BOND;TRANSPORTADORA DE GAS DEL SUR S.A.
TTC8C;TTC8O;cable;CORP;C;primary;;True;Oblig. Negociables;AR0166027471;Obligaciones Negociables;BOND;TECPETROL S.A.
TTC8D;TTC8O;MEP;CORP;D;primary;;True;Oblig. Negociables;AR0166027471;Obligaciones Negociables;BOND;TECPETROL S.A.
TTC8O;TTC8O;ARS;CORP;O;primary;;True;Oblig. Negociables;AR0166027471;Obligaciones Negociables;BOND;TECPETROL S.A.
TTC8X;TTC8O;ARS;CORP;X;especial;;False;Oblig. Negociables;AR0166027471;Obligaciones Negociables;BOND;TECPETROL S.A.
TTC8Y;TTC8O;MEP;CORP;Y;especial;;False;Oblig. Negociables;AR0166027471;Obligaciones Negociables;BOND;TECPETROL S.A.
TTC8Z;TTC8O;cable;CORP;Z;especial;;False;Oblig. Negociables;AR0166027471;Obligaciones Negociables;BOND;TECPETROL S.A.
TTC9C;TTC9O;cable;CORP;C;primary;;True;Oblig. Negociables;AR0482976963;Obligaciones Negociables;BOND;TECPETROL S.A.
TTC9D;TTC9O;MEP;CORP;D;primary;;True;Oblig. Negociables;AR0482976963;Obligaciones Negociables;BOND;TECPETROL S.A.
TTC9O;TTC9O;ARS;CORP;O;primary;;True;Oblig. Negociables;AR0482976963;Obligaciones Negociables;BOND;TECPETROL S.A.
TTC9X;TTC9O;ARS;CORP;X;especial;;False;Oblig. Negociables;AR0482976963;Obligaciones Negociables;BOND;TECPETROL S.A.
TTC9Y;TTC9O;MEP;CORP;Y;especial;;False;Oblig. Negociables;AR0482976963;Obligaciones Negociables;BOND;TECPETROL S.A.
TTC9Z;TTC9O;cable;CORP;Z;especial;;False;Oblig. Negociables;AR0482976963;Obligaciones Negociables;BOND;TECPETROL S.A.
TTCAC;TTCAO;cable;CORP;C;primary;;True;Oblig. Negociables;USP90187AR99;Obligaciones Negociables;BOND;TECPETROL S.A.
TTCAD;TTCAO;MEP;CORP;D;primary;;True;Oblig. Negociables;USP90187AR99;Obligaciones Negociables;BOND;TECPETROL S.A.
TTCAO;TTCAO;ARS;CORP;O;primary;;True;Oblig. Negociables;USP90187AR99;Obligaciones Negociables;BOND;TECPETROL S.A.
TTCAX;TTCAO;ARS;CORP;X;especial;;False;Oblig. Negociables;USP90187AR99;Obligaciones Negociables;BOND;TECPETROL S.A.
TTCAY;TTCAO;MEP;CORP;Y;especial;;False;Oblig. Negociables;USP90187AR99;Obligaciones Negociables;BOND;TECPETROL S.A.
TTCAZ;TTCAO;cable;CORP;Z;especial;;False;Oblig. Negociables;USP90187AR99;Obligaciones Negociables;BOND;TECPETROL S.A.
TTCBC;TTCBO;cable;CORP;C;primary;;True;Oblig. Negociables;AR0152326457;Obligaciones Negociables;BOND;TECPETROL S.A.
TTCBD;TTCBO;MEP;CORP;D;primary;;True;Oblig. Negociables;AR0152326457;Obligaciones Negociables;BOND;TECPETROL S.A.
TTCBO;TTCBO;ARS;CORP;O;primary;;True;Oblig. Negociables;AR0152326457;Obligaciones Negociables;BOND;TECPETROL S.A.
TTCBX;TTCBO;ARS;CORP;X;especial;;False;Oblig. Negociables;AR0152326457;Obligaciones Negociables;BOND;TECPETROL S.A.
TTCBY;TTCBO;MEP;CORP;Y;especial;;False;Oblig. Negociables;AR0152326457;Obligaciones Negociables;BOND;TECPETROL S.A.
TTCBZ;TTCBO;cable;CORP;Z;especial;;False;Oblig. Negociables;AR0152326457;Obligaciones Negociables;BOND;TECPETROL S.A.
TTCDC;TTCDO;cable;CORP;C;primary;;True;Oblig. Negociables;USP90187AT55;Obligaciones Negociables;BOND;TECPETROL S.A.
TTCDD;TTCDO;MEP;CORP;D;primary;;True;Oblig. Negociables;USP90187AT55;Obligaciones Negociables;BOND;TECPETROL S.A.
TTCDO;TTCDO;ARS;CORP;O;primary;;True;Oblig. Negociables;USP90187AT55;Obligaciones Negociables;BOND;TECPETROL S.A.
TTCDX;TTCDO;ARS;CORP;X;especial;;False;Oblig. Negociables;USP90187AT55;Obligaciones Negociables;BOND;TECPETROL S.A.
TTCDY;TTCDO;MEP;CORP;Y;especial;;False;Oblig. Negociables;USP90187AT55;Obligaciones Negociables;BOND;TECPETROL S.A.
TTCDZ;TTCDO;cable;CORP;Z;especial;;False;Oblig. Negociables;USP90187AT55;Obligaciones Negociables;BOND;TECPETROL S.A.
TTCEC;TTCEO;cable;CORP;C;primary;;True;Oblig. Negociables;AR0121767674;Obligaciones Negociables;BOND;TECPETROL S.A.
TTCED;TTCEO;MEP;CORP;D;primary;;True;Oblig. Negociables;AR0121767674;Obligaciones Negociables;BOND;TECPETROL S.A.
TTCEO;TTCEO;ARS;CORP;O;primary;;True;Oblig. Negociables;AR0121767674;Obligaciones Negociables;BOND;TECPETROL S.A.
TTCEX;TTCEO;ARS;CORP;X;especial;;False;Oblig. Negociables;AR0121767674;Obligaciones Negociables;BOND;TECPETROL S.A.
TTCEY;TTCEO;MEP;CORP;Y;especial;;False;Oblig. Negociables;AR0121767674;Obligaciones Negociables;BOND;TECPETROL S.A.
TTCEZ;TTCEO;cable;CORP;Z;especial;;False;Oblig. Negociables;AR0121767674;Obligaciones Negociables;BOND;TECPETROL S.A.
TUS1L;TUS1O;ARS;CORP;L;otro;;False;Oblig. Negociables;;;;
TY34C;TY34O;cable;CORP;C;primary;;True;Oblig. Negociables;AR0374250220;Obligaciones Negociables;BOND;TOYOTA COMPAÑIA FINANCIERA DE ARGENTINA S.A.
TY34D;TY34O;MEP;CORP;D;primary;;True;Oblig. Negociables;AR0374250220;Obligaciones Negociables;BOND;TOYOTA COMPAÑIA FINANCIERA DE ARGENTINA S.A.
TY34O;TY34O;ARS;CORP;O;primary;;True;Oblig. Negociables;AR0374250220;Obligaciones Negociables;BOND;TOYOTA COMPAÑIA FINANCIERA DE ARGENTINA S.A.
TY34X;TY34O;ARS;CORP;X;especial;;False;Oblig. Negociables;AR0374250220;Obligaciones Negociables;BOND;TOYOTA COMPAÑIA FINANCIERA DE ARGENTINA S.A.
TY34Y;TY34O;MEP;CORP;Y;especial;;False;Oblig. Negociables;AR0374250220;Obligaciones Negociables;BOND;TOYOTA COMPAÑIA FINANCIERA DE ARGENTINA S.A.
TY34Z;TY34O;cable;CORP;Z;especial;;False;Oblig. Negociables;AR0374250220;Obligaciones Negociables;BOND;TOYOTA COMPAÑIA FINANCIERA DE ARGENTINA S.A.
TY36C;TY36O;cable;CORP;C;primary;;True;Oblig. Negociables;;;;
TY36D;TY36O;MEP;CORP;D;primary;;True;Oblig. Negociables;;;;
TY36O;TY36O;ARS;CORP;O;primary;;True;Oblig. Negociables;;;;
TY36X;TY36O;ARS;CORP;X;especial;;False;Oblig. Negociables;;;;
TY36Y;TY36O;MEP;CORP;Y;especial;;False;Oblig. Negociables;;;;
TY36Z;TY36O;cable;CORP;Z;especial;;False;Oblig. Negociables;;;;
TY37C;TY37O;cable;CORP;C;primary;;True;Oblig. Negociables;;;;
TY37D;TY37O;MEP;CORP;D;primary;;True;Oblig. Negociables;;;;
TY37O;TY37O;ARS;CORP;O;primary;;True;Oblig. Negociables;;;;
TY37X;TY37O;ARS;CORP;X;especial;;False;Oblig. Negociables;;;;
TY37Y;TY37O;MEP;CORP;Y;especial;;False;Oblig. Negociables;;;;
TY37Z;TY37O;cable;CORP;Z;especial;;False;Oblig. Negociables;;;;
TY38C;TY38O;cable;CORP;C;primary;;True;Oblig. Negociables;AR0076726451;Obligaciones Negociables;BOND;TOYOTA COMPAÑIA FINANCIERA DE ARGENTINA S.A.
TY38D;TY38O;MEP;CORP;D;primary;;True;Oblig. Negociables;AR0076726451;Obligaciones Negociables;BOND;TOYOTA COMPAÑIA FINANCIERA DE ARGENTINA S.A.
TY38O;TY38O;ARS;CORP;O;primary;;True;Oblig. Negociables;AR0076726451;Obligaciones Negociables;BOND;TOYOTA COMPAÑIA FINANCIERA DE ARGENTINA S.A.
TY38X;TY38O;ARS;CORP;X;especial;;False;Oblig. Negociables;AR0076726451;Obligaciones Negociables;BOND;TOYOTA COMPAÑIA FINANCIERA DE ARGENTINA S.A.
TY38Y;TY38O;MEP;CORP;Y;especial;;False;Oblig. Negociables;AR0076726451;Obligaciones Negociables;BOND;TOYOTA COMPAÑIA FINANCIERA DE ARGENTINA S.A.
TY38Z;TY38O;cable;CORP;Z;especial;;False;Oblig. Negociables;AR0076726451;Obligaciones Negociables;BOND;TOYOTA COMPAÑIA FINANCIERA DE ARGENTINA S.A.
UTC3C;UTC3O;cable;CORP;C;primary;;True;Oblig. Negociables;;;;
VA1AC;VA1AO;cable;CORP;C;primary;;True;Oblig. Negociables;;;;
VA1AD;VA1AO;MEP;CORP;D;primary;;True;Oblig. Negociables;;;;
VA1AP;VA1AO;ARS;CORP;P;otro;;False;Oblig. Negociables;;;;
VA1LC;VA1LO;cable;CORP;C;primary;;True;Oblig. Negociables;;;;
VA1LD;VA1LO;MEP;CORP;D;primary;;True;Oblig. Negociables;;;;
VA2PC;VA2PO;cable;CORP;C;primary;;True;Oblig. Negociables;;;;
VAC3C;VAC3O;cable;CORP;C;primary;;True;Oblig. Negociables;;;;
VAC3D;VAC3O;MEP;CORP;D;primary;;True;Oblig. Negociables;;;;
VAC3P;VAC3O;ARS;CORP;P;otro;;False;Oblig. Negociables;;;;
VAS1L;VAS1O;ARS;CORP;L;otro;;False;Oblig. Negociables;;;;
VBC1C;VBC1O;cable;CORP;C;primary;;True;Oblig. Negociables;AR0935778958;Obligaciones Negociables;BOND;BANCO DE VALORES S.A.
VBC1D;VBC1O;MEP;CORP;D;primary;;True;Oblig. Negociables;AR0935778958;Obligaciones Negociables;BOND;BANCO DE VALORES S.A.
VBC1O;VBC1O;ARS;CORP;O;primary;;True;Oblig. Negociables;AR0935778958;Obligaciones Negociables;BOND;BANCO DE VALORES S.A.
VBC1X;VBC1O;ARS;CORP;X;especial;;False;Oblig. Negociables;AR0935778958;Obligaciones Negociables;BOND;BANCO DE VALORES S.A.
VBC1Y;VBC1O;MEP;CORP;Y;especial;;False;Oblig. Negociables;AR0935778958;Obligaciones Negociables;BOND;BANCO DE VALORES S.A.
VBC2C;VBC2O;cable;CORP;C;primary;;True;Oblig. Negociables;AR0188242348;Obligaciones Negociables;BOND;BANCO DE VALORES S.A.
VBC2D;VBC2O;MEP;CORP;D;primary;;True;Oblig. Negociables;AR0188242348;Obligaciones Negociables;BOND;BANCO DE VALORES S.A.
VBC2O;VBC2O;ARS;CORP;O;primary;;True;Oblig. Negociables;AR0188242348;Obligaciones Negociables;BOND;BANCO DE VALORES S.A.
VBC2X;VBC2O;ARS;CORP;X;especial;;False;Oblig. Negociables;AR0188242348;Obligaciones Negociables;BOND;BANCO DE VALORES S.A.
VBC2Y;VBC2O;MEP;CORP;Y;especial;;False;Oblig. Negociables;AR0188242348;Obligaciones Negociables;BOND;BANCO DE VALORES S.A.
VBC2Z;VBC2O;cable;CORP;Z;especial;;False;Oblig. Negociables;AR0188242348;Obligaciones Negociables;BOND;BANCO DE VALORES S.A.
VBC3C;VBC3O;cable;CORP;C;primary;;True;Oblig. Negociables;AR0531585807;Obligaciones Negociables;BOND;BANCO DE VALORES S.A.
VBC3D;VBC3O;MEP;CORP;D;primary;;True;Oblig. Negociables;AR0531585807;Obligaciones Negociables;BOND;BANCO DE VALORES S.A.
VBC3O;VBC3O;ARS;CORP;O;primary;;True;Oblig. Negociables;AR0531585807;Obligaciones Negociables;BOND;BANCO DE VALORES S.A.
VBC3X;VBC3O;ARS;CORP;X;especial;;False;Oblig. Negociables;AR0531585807;Obligaciones Negociables;BOND;BANCO DE VALORES S.A.
VBC3Y;VBC3O;MEP;CORP;Y;especial;;False;Oblig. Negociables;AR0531585807;Obligaciones Negociables;BOND;BANCO DE VALORES S.A.
VBC3Z;VBC3O;cable;CORP;Z;especial;;False;Oblig. Negociables;AR0531585807;Obligaciones Negociables;BOND;BANCO DE VALORES S.A.
VE2LC;VE2LO;cable;CORP;C;primary;;True;Oblig. Negociables;AR0938748222;Obligaciones Negociables;BOND;Ricardo Venturino S.A.
VE2LD;VE2LO;MEP;CORP;D;primary;;True;Oblig. Negociables;AR0938748222;Obligaciones Negociables;BOND;Ricardo Venturino S.A.
VE32C;VE32O;cable;CORP;C;primary;;True;Oblig. Negociables;;;;
VE32D;VE32O;MEP;CORP;D;primary;;True;Oblig. Negociables;;;;
VE32P;VE32O;ARS;CORP;P;otro;;False;Oblig. Negociables;;;;
VES2L;VE2LO;ARS;CORP;L;otro;;False;Oblig. Negociables;AR0938748222;Obligaciones Negociables;BOND;Ricardo Venturino S.A.
VM1AC;VM1AO;cable;CORP;C;primary;;True;Oblig. Negociables;;;;
VM1AD;VM1AO;MEP;CORP;D;primary;;True;Oblig. Negociables;;;;
VM1AP;VM1AO;ARS;CORP;P;otro;;False;Oblig. Negociables;;;;
VM1BC;VM1BO;cable;CORP;C;primary;;True;Oblig. Negociables;;;;
VM1BD;VM1BO;MEP;CORP;D;primary;;True;Oblig. Negociables;;;;
VM1BP;VM1BO;ARS;CORP;P;otro;;False;Oblig. Negociables;;;;
VSCDC;VSCDO;cable;CORP;C;primary;;True;Oblig. Negociables;AROILG5600C3;Obligaciones Negociables;BOND;VISTA ENERGY ARGENTINA S.A.U.
VSCDO;VSCDO;ARS;CORP;O;primary;;True;Oblig. Negociables;AROILG5600C3;Obligaciones Negociables;BOND;VISTA ENERGY ARGENTINA S.A.U.
VSCIC;VSCIO;cable;CORP;C;primary;;True;Oblig. Negociables;AROILG5600H2;Obligaciones Negociables;BOND;VISTA ENERGY ARGENTINA S.A.U.
VSCID;VSCIO;MEP;CORP;D;primary;;True;Oblig. Negociables;AROILG5600H2;Obligaciones Negociables;BOND;VISTA ENERGY ARGENTINA S.A.U.
VSCIO;VSCIO;ARS;CORP;O;primary;;True;Oblig. Negociables;AROILG5600H2;Obligaciones Negociables;BOND;VISTA ENERGY ARGENTINA S.A.U.
VSCIX;VSCIO;ARS;CORP;X;especial;;False;Oblig. Negociables;AROILG5600H2;Obligaciones Negociables;BOND;VISTA ENERGY ARGENTINA S.A.U.
VSCJC;VSCJO;cable;CORP;C;primary;;True;Oblig. Negociables;AROILG5600I0;Obligaciones Negociables;BOND;VISTA ENERGY ARGENTINA S.A.U.
VSCJD;VSCJO;MEP;CORP;D;primary;;True;Oblig. Negociables;AROILG5600I0;Obligaciones Negociables;BOND;VISTA ENERGY ARGENTINA S.A.U.
VSCJO;VSCJO;ARS;CORP;O;primary;;True;Oblig. Negociables;AROILG5600I0;Obligaciones Negociables;BOND;VISTA ENERGY ARGENTINA S.A.U.
VSCJX;VSCJO;ARS;CORP;X;especial;;False;Oblig. Negociables;AROILG5600I0;Obligaciones Negociables;BOND;VISTA ENERGY ARGENTINA S.A.U.
VSCJY;VSCJO;MEP;CORP;Y;especial;;False;Oblig. Negociables;AROILG5600I0;Obligaciones Negociables;BOND;VISTA ENERGY ARGENTINA S.A.U.
VSCJZ;VSCJO;cable;CORP;Z;especial;;False;Oblig. Negociables;AROILG5600I0;Obligaciones Negociables;BOND;VISTA ENERGY ARGENTINA S.A.U.
VSCKD;VSCKO;MEP;CORP;D;primary;;True;Oblig. Negociables;AROILG5600J8;Obligaciones Negociables;BOND;VISTA ENERGY ARGENTINA S.A.U.
VSCKO;VSCKO;ARS;CORP;O;primary;;True;Oblig. Negociables;AROILG5600J8;Obligaciones Negociables;BOND;VISTA ENERGY ARGENTINA S.A.U.
VSCKX;VSCKO;ARS;CORP;X;especial;;False;Oblig. Negociables;AROILG5600J8;Obligaciones Negociables;BOND;VISTA ENERGY ARGENTINA S.A.U.
VSCKY;VSCKO;MEP;CORP;Y;especial;;False;Oblig. Negociables;AROILG5600J8;Obligaciones Negociables;BOND;VISTA ENERGY ARGENTINA S.A.U.
VSCKZ;VSCKO;cable;CORP;Z;especial;;False;Oblig. Negociables;AROILG5600J8;Obligaciones Negociables;BOND;VISTA ENERGY ARGENTINA S.A.U.
VSCMO;VSCMO;ARS;CORP;O;primary;;True;Oblig. Negociables;AROILG5600L4;Obligaciones Negociables;BOND;VISTA ENERGY ARGENTINA S.A.U.
VSCMX;VSCMO;ARS;CORP;X;especial;;False;Oblig. Negociables;AROILG5600L4;Obligaciones Negociables;BOND;VISTA ENERGY ARGENTINA S.A.U.
VSCMY;VSCMO;MEP;CORP;Y;especial;;False;Oblig. Negociables;AROILG5600L4;Obligaciones Negociables;BOND;VISTA ENERGY ARGENTINA S.A.U.
VSCOC;VSCOO;cable;CORP;C;primary;;True;Oblig. Negociables;AR0399155156;Obligaciones Negociables;BOND;VISTA ENERGY ARGENTINA S.A.U.
VSCOD;VSCOO;MEP;CORP;D;primary;;True;Oblig. Negociables;AR0399155156;Obligaciones Negociables;BOND;VISTA ENERGY ARGENTINA S.A.U.
VSCOO;VSCOO;ARS;CORP;O;primary;;True;Oblig. Negociables;AR0399155156;Obligaciones Negociables;BOND;VISTA ENERGY ARGENTINA S.A.U.
VSCOX;VSCOO;ARS;CORP;X;especial;;False;Oblig. Negociables;AR0399155156;Obligaciones Negociables;BOND;VISTA ENERGY ARGENTINA S.A.U.
VSCOY;VSCOO;MEP;CORP;Y;especial;;False;Oblig. Negociables;AR0399155156;Obligaciones Negociables;BOND;VISTA ENERGY ARGENTINA S.A.U.
VSCOZ;VSCOO;cable;CORP;Z;especial;;False;Oblig. Negociables;AR0399155156;Obligaciones Negociables;BOND;VISTA ENERGY ARGENTINA S.A.U.
VSCPC;VSCPO;cable;CORP;C;primary;;True;Oblig. Negociables;AR0637277028;Obligaciones Negociables;BOND;VISTA ENERGY ARGENTINA S.A.U.
VSCPD;VSCPO;MEP;CORP;D;primary;;True;Oblig. Negociables;AR0637277028;Obligaciones Negociables;BOND;VISTA ENERGY ARGENTINA S.A.U.
VSCPO;VSCPO;ARS;CORP;O;primary;;True;Oblig. Negociables;AR0637277028;Obligaciones Negociables;BOND;VISTA ENERGY ARGENTINA S.A.U.
VSCPX;VSCPO;ARS;CORP;X;especial;;False;Oblig. Negociables;AR0637277028;Obligaciones Negociables;BOND;VISTA ENERGY ARGENTINA S.A.U.
VSCPY;VSCPO;MEP;CORP;Y;especial;;False;Oblig. Negociables;AR0637277028;Obligaciones Negociables;BOND;VISTA ENERGY ARGENTINA S.A.U.
VSCPZ;VSCPO;cable;CORP;Z;especial;;False;Oblig. Negociables;AR0637277028;Obligaciones Negociables;BOND;VISTA ENERGY ARGENTINA S.A.U.
VSCQC;VSCQO;cable;CORP;C;primary;;True;Oblig. Negociables;AR0941463967;Obligaciones Negociables;BOND;VISTA ENERGY ARGENTINA S.A.U.
VSCQD;VSCQO;MEP;CORP;D;primary;;True;Oblig. Negociables;AR0941463967;Obligaciones Negociables;BOND;VISTA ENERGY ARGENTINA S.A.U.
VSCQO;VSCQO;ARS;CORP;O;primary;;True;Oblig. Negociables;AR0941463967;Obligaciones Negociables;BOND;VISTA ENERGY ARGENTINA S.A.U.
VSCQX;VSCQO;ARS;CORP;X;especial;;False;Oblig. Negociables;AR0941463967;Obligaciones Negociables;BOND;VISTA ENERGY ARGENTINA S.A.U.
VSCQZ;VSCQO;cable;CORP;Z;especial;;False;Oblig. Negociables;AR0941463967;Obligaciones Negociables;BOND;VISTA ENERGY ARGENTINA S.A.U.
VSCRC;VSCRO;cable;CORP;C;primary;;True;Oblig. Negociables;AR0138120560;Obligaciones Negociables;BOND;VISTA ENERGY ARGENTINA S.A.U.
VSCRD;VSCRO;MEP;CORP;D;primary;;True;Oblig. Negociables;AR0138120560;Obligaciones Negociables;BOND;VISTA ENERGY ARGENTINA S.A.U.
VSCRO;VSCRO;ARS;CORP;O;primary;;True;Oblig. Negociables;AR0138120560;Obligaciones Negociables;BOND;VISTA ENERGY ARGENTINA S.A.U.
VSCRX;VSCRO;ARS;CORP;X;especial;;False;Oblig. Negociables;AR0138120560;Obligaciones Negociables;BOND;VISTA ENERGY ARGENTINA S.A.U.
VSCRY;VSCRO;MEP;CORP;Y;especial;;False;Oblig. Negociables;AR0138120560;Obligaciones Negociables;BOND;VISTA ENERGY ARGENTINA S.A.U.
VSCRZ;VSCRO;cable;CORP;Z;especial;;False;Oblig. Negociables;AR0138120560;Obligaciones Negociables;BOND;VISTA ENERGY ARGENTINA S.A.U.
VSCTC;VSCTO;cable;CORP;C;primary;;True;Oblig. Negociables;USP9659RAA60;Obligaciones Negociables;BOND;VISTA ENERGY ARGENTINA S.A.U.
VSCTD;VSCTO;MEP;CORP;D;primary;;True;Oblig. Negociables;USP9659RAA60;Obligaciones Negociables;BOND;VISTA ENERGY ARGENTINA S.A.U.
VSCTO;VSCTO;ARS;CORP;O;primary;;True;Oblig. Negociables;USP9659RAA60;Obligaciones Negociables;BOND;VISTA ENERGY ARGENTINA S.A.U.
VSCTX;VSCTO;ARS;CORP;X;especial;;False;Oblig. Negociables;USP9659RAA60;Obligaciones Negociables;BOND;VISTA ENERGY ARGENTINA S.A.U.
VSCTY;VSCTO;MEP;CORP;Y;especial;;False;Oblig. Negociables;USP9659RAA60;Obligaciones Negociables;BOND;VISTA ENERGY ARGENTINA S.A.U.
VSCTZ;VSCTO;cable;CORP;Z;especial;;False;Oblig. Negociables;USP9659RAA60;Obligaciones Negociables;BOND;VISTA ENERGY ARGENTINA S.A.U.
VSCUC;VSCUO;cable;CORP;C;primary;;True;Oblig. Negociables;AR0707929003;Obligaciones Negociables;BOND;VISTA ENERGY ARGENTINA S.A.U.
VSCUD;VSCUO;MEP;CORP;D;primary;;True;Oblig. Negociables;AR0707929003;Obligaciones Negociables;BOND;VISTA ENERGY ARGENTINA S.A.U.
VSCUO;VSCUO;ARS;CORP;O;primary;;True;Oblig. Negociables;AR0707929003;Obligaciones Negociables;BOND;VISTA ENERGY ARGENTINA S.A.U.
VSCUX;VSCUO;ARS;CORP;X;especial;;False;Oblig. Negociables;AR0707929003;Obligaciones Negociables;BOND;VISTA ENERGY ARGENTINA S.A.U.
VSCUY;VSCUO;MEP;CORP;Y;especial;;False;Oblig. Negociables;AR0707929003;Obligaciones Negociables;BOND;VISTA ENERGY ARGENTINA S.A.U.
VSCUZ;VSCUO;cable;CORP;Z;especial;;False;Oblig. Negociables;AR0707929003;Obligaciones Negociables;BOND;VISTA ENERGY ARGENTINA S.A.U.
VSCVC;VSCVO;cable;CORP;C;primary;;True;Oblig. Negociables;USP9659RAB44;Obligaciones Negociables;BOND;VISTA ENERGY ARGENTINA S.A.U.
VSCVD;VSCVO;MEP;CORP;D;primary;;True;Oblig. Negociables;USP9659RAB44;Obligaciones Negociables;BOND;VISTA ENERGY ARGENTINA S.A.U.
VSCVO;VSCVO;ARS;CORP;O;primary;;True;Oblig. Negociables;USP9659RAB44;Obligaciones Negociables;BOND;VISTA ENERGY ARGENTINA S.A.U.
VSCVX;VSCVO;ARS;CORP;X;especial;;False;Oblig. Negociables;USP9659RAB44;Obligaciones Negociables;BOND;VISTA ENERGY ARGENTINA S.A.U.
VSCVY;VSCVO;MEP;CORP;Y;especial;;False;Oblig. Negociables;USP9659RAB44;Obligaciones Negociables;BOND;VISTA ENERGY ARGENTINA S.A.U.
VSCVZ;VSCVO;cable;CORP;Z;especial;;False;Oblig. Negociables;USP9659RAB44;Obligaciones Negociables;BOND;VISTA ENERGY ARGENTINA S.A.U.
VSCWC;VSCWO;cable;CORP;C;primary;;True;Oblig. Negociables;AR0652555118;Obligaciones Negociables;BOND;VISTA ENERGY ARGENTINA S.A.U.
VSCWD;VSCWO;MEP;CORP;D;primary;;True;Oblig. Negociables;AR0652555118;Obligaciones Negociables;BOND;VISTA ENERGY ARGENTINA S.A.U.
VSCWO;VSCWO;ARS;CORP;O;primary;;True;Oblig. Negociables;AR0652555118;Obligaciones Negociables;BOND;VISTA ENERGY ARGENTINA S.A.U.
VSCWX;VSCWO;ARS;CORP;X;especial;;False;Oblig. Negociables;AR0652555118;Obligaciones Negociables;BOND;VISTA ENERGY ARGENTINA S.A.U.
VSCWY;VSCWO;MEP;CORP;Y;especial;;False;Oblig. Negociables;AR0652555118;Obligaciones Negociables;BOND;VISTA ENERGY ARGENTINA S.A.U.
VSCWZ;VSCWO;cable;CORP;Z;especial;;False;Oblig. Negociables;AR0652555118;Obligaciones Negociables;BOND;VISTA ENERGY ARGENTINA S.A.U.
VSCXC;VSCXO;cable;CORP;C;primary;;True;Oblig. Negociables;USP9659RAD00;Obligaciones Negociables;BOND;VISTA ENERGY ARGENTINA S.A.U.
VSCXD;VSCXO;MEP;CORP;D;primary;;True;Oblig. Negociables;USP9659RAD00;Obligaciones Negociables;BOND;VISTA ENERGY ARGENTINA S.A.U.
VSCXO;VSCXO;ARS;CORP;O;primary;;True;Oblig. Negociables;USP9659RAD00;Obligaciones Negociables;BOND;VISTA ENERGY ARGENTINA S.A.U.
VSCXX;VSCXO;ARS;CORP;X;especial;;False;Oblig. Negociables;USP9659RAD00;Obligaciones Negociables;BOND;VISTA ENERGY ARGENTINA S.A.U.
VSCXY;VSCXO;MEP;CORP;Y;especial;;False;Oblig. Negociables;USP9659RAD00;Obligaciones Negociables;BOND;VISTA ENERGY ARGENTINA S.A.U.
VSCXZ;VSCXO;cable;CORP;Z;especial;;False;Oblig. Negociables;USP9659RAD00;Obligaciones Negociables;BOND;VISTA ENERGY ARGENTINA S.A.U.
VWCDC;VWCDO;cable;CORP;C;primary;;True;Oblig. Negociables;AR0040916600;Obligaciones Negociables;BOND;VOLKSWAGEN FINANCIAL SERVICES COMPAÑIA FINANCIERA S.A.
VWCDD;VWCDO;MEP;CORP;D;primary;;True;Oblig. Negociables;AR0040916600;Obligaciones Negociables;BOND;VOLKSWAGEN FINANCIAL SERVICES COMPAÑIA FINANCIERA S.A.
VWCDO;VWCDO;ARS;CORP;O;primary;;True;Oblig. Negociables;AR0040916600;Obligaciones Negociables;BOND;VOLKSWAGEN FINANCIAL SERVICES COMPAÑIA FINANCIERA S.A.
VWCDX;VWCDO;ARS;CORP;X;especial;;False;Oblig. Negociables;AR0040916600;Obligaciones Negociables;BOND;VOLKSWAGEN FINANCIAL SERVICES COMPAÑIA FINANCIERA S.A.
VWCDY;VWCDO;MEP;CORP;Y;especial;;False;Oblig. Negociables;AR0040916600;Obligaciones Negociables;BOND;VOLKSWAGEN FINANCIAL SERVICES COMPAÑIA FINANCIERA S.A.
VWCDZ;VWCDO;cable;CORP;Z;especial;;False;Oblig. Negociables;AR0040916600;Obligaciones Negociables;BOND;VOLKSWAGEN FINANCIAL SERVICES COMPAÑIA FINANCIERA S.A.
VWCEC;VWCEO;cable;CORP;C;primary;;True;Oblig. Negociables;;;;
VWCED;VWCEO;MEP;CORP;D;primary;;True;Oblig. Negociables;;;;
VWCEO;VWCEO;ARS;CORP;O;primary;;True;Oblig. Negociables;;;;
VWCEX;VWCEO;ARS;CORP;X;especial;;False;Oblig. Negociables;;;;
VWCEY;VWCEO;MEP;CORP;Y;especial;;False;Oblig. Negociables;;;;
VWCEZ;VWCEO;cable;CORP;Z;especial;;False;Oblig. Negociables;;;;
VWCFC;VWCFO;cable;CORP;C;primary;;True;Oblig. Negociables;AR0280206019;Obligaciones Negociables;BOND;VOLKSWAGEN FINANCIAL SERVICES COMPAÑIA FINANCIERA S.A.
VWCFD;VWCFO;MEP;CORP;D;primary;;True;Oblig. Negociables;AR0280206019;Obligaciones Negociables;BOND;VOLKSWAGEN FINANCIAL SERVICES COMPAÑIA FINANCIERA S.A.
VWCFO;VWCFO;ARS;CORP;O;primary;;True;Oblig. Negociables;AR0280206019;Obligaciones Negociables;BOND;VOLKSWAGEN FINANCIAL SERVICES COMPAÑIA FINANCIERA S.A.
VWCFX;VWCFO;ARS;CORP;X;especial;;False;Oblig. Negociables;AR0280206019;Obligaciones Negociables;BOND;VOLKSWAGEN FINANCIAL SERVICES COMPAÑIA FINANCIERA S.A.
VWCFY;VWCFO;MEP;CORP;Y;especial;;False;Oblig. Negociables;AR0280206019;Obligaciones Negociables;BOND;VOLKSWAGEN FINANCIAL SERVICES COMPAÑIA FINANCIERA S.A.
VWCFZ;VWCFO;cable;CORP;Z;especial;;False;Oblig. Negociables;AR0280206019;Obligaciones Negociables;BOND;VOLKSWAGEN FINANCIAL SERVICES COMPAÑIA FINANCIERA S.A.
VX12C;VX12O;cable;CORP;C;primary;;True;Oblig. Negociables;;;;
VX12D;VX12O;MEP;CORP;D;primary;;True;Oblig. Negociables;;;;
WBS1C;WBS1O;cable;CORP;C;primary;;True;Oblig. Negociables;AR0821189211;Obligaciones Negociables;BOND;BANCO MARIVA S.A.
WBS1D;WBS1O;MEP;CORP;D;primary;;True;Oblig. Negociables;AR0821189211;Obligaciones Negociables;BOND;BANCO MARIVA S.A.
WBS1O;WBS1O;ARS;CORP;O;primary;;True;Oblig. Negociables;AR0821189211;Obligaciones Negociables;BOND;BANCO MARIVA S.A.
WNCOC;WNCOO;cable;CORP;C;primary;;True;Oblig. Negociables;;;;
WNCOD;WNCOO;MEP;CORP;D;primary;;True;Oblig. Negociables;;;;
WNCOO;WNCOO;ARS;CORP;O;primary;;True;Oblig. Negociables;;;;
WNCOX;WNCOO;ARS;CORP;X;especial;;False;Oblig. Negociables;;;;
WNCOY;WNCOO;MEP;CORP;Y;especial;;False;Oblig. Negociables;;;;
WNCOZ;WNCOO;cable;CORP;Z;especial;;False;Oblig. Negociables;;;;
XMC1C;XMC1O;cable;CORP;C;primary;;True;Oblig. Negociables;AR0778941762;Obligaciones Negociables;BOND;Minera Exar S.A.
XMC1D;XMC1O;MEP;CORP;D;primary;;True;Oblig. Negociables;AR0778941762;Obligaciones Negociables;BOND;Minera Exar S.A.
XMC1O;XMC1O;ARS;CORP;O;primary;;True;Oblig. Negociables;AR0778941762;Obligaciones Negociables;BOND;Minera Exar S.A.
XMC1X;XMC1O;ARS;CORP;X;especial;;False;Oblig. Negociables;AR0778941762;Obligaciones Negociables;BOND;Minera Exar S.A.
XMC1Y;XMC1O;MEP;CORP;Y;especial;;False;Oblig. Negociables;AR0778941762;Obligaciones Negociables;BOND;Minera Exar S.A.
XMC1Z;XMC1O;cable;CORP;Z;especial;;False;Oblig. Negociables;AR0778941762;Obligaciones Negociables;BOND;Minera Exar S.A.
XRS1C;XRS1O;cable;CORP;C;primary;;True;Oblig. Negociables;;;;
XRS1D;XRS1O;MEP;CORP;D;primary;;True;Oblig. Negociables;;;;
XRS1O;XRS1O;ARS;CORP;O;primary;;True;Oblig. Negociables;;;;
YCAMC;YCAMO;cable;CORP;C;primary;;True;Oblig. Negociables;USP989MJBL47;Obligaciones Negociables;BOND;YPF S.A.
YCAMD;YCAMO;MEP;CORP;D;primary;;True;Oblig. Negociables;USP989MJBL47;Obligaciones Negociables;BOND;YPF S.A.
YCAMO;YCAMO;ARS;CORP;O;primary;;True;Oblig. Negociables;USP989MJBL47;Obligaciones Negociables;BOND;YPF S.A.
YCAMX;YCAMO;ARS;CORP;X;especial;;False;Oblig. Negociables;USP989MJBL47;Obligaciones Negociables;BOND;YPF S.A.
YCAMY;YCAMO;MEP;CORP;Y;especial;;False;Oblig. Negociables;USP989MJBL47;Obligaciones Negociables;BOND;YPF S.A.
YCAMZ;YCAMO;cable;CORP;Z;especial;;False;Oblig. Negociables;USP989MJBL47;Obligaciones Negociables;BOND;YPF S.A.
YFCAX;YFCAO;ARS;CORP;X;especial;;False;Oblig. Negociables;ARYPFE5600G5;Obligaciones Negociables;BOND;YPF Energía Eléctrica S.A.
YFCAY;YFCAO;MEP;CORP;Y;especial;;False;Oblig. Negociables;ARYPFE5600G5;Obligaciones Negociables;BOND;YPF Energía Eléctrica S.A.
YFCAZ;YFCAO;cable;CORP;Z;especial;;False;Oblig. Negociables;ARYPFE5600G5;Obligaciones Negociables;BOND;YPF Energía Eléctrica S.A.
YFCDC;YFCDO;cable;CORP;C;primary;;True;Oblig. Negociables;ARYPFE5600I1;Obligaciones Negociables;BOND;YPF Energía Eléctrica S.A.
YFCDD;YFCDO;MEP;CORP;D;primary;;True;Oblig. Negociables;ARYPFE5600I1;Obligaciones Negociables;BOND;YPF Energía Eléctrica S.A.
YFCDO;YFCDO;ARS;CORP;O;primary;;True;Oblig. Negociables;ARYPFE5600I1;Obligaciones Negociables;BOND;YPF Energía Eléctrica S.A.
YFCDX;YFCDO;ARS;CORP;X;especial;;False;Oblig. Negociables;ARYPFE5600I1;Obligaciones Negociables;BOND;YPF Energía Eléctrica S.A.
YFCDY;YFCDO;MEP;CORP;Y;especial;;False;Oblig. Negociables;ARYPFE5600I1;Obligaciones Negociables;BOND;YPF Energía Eléctrica S.A.
YFCDZ;YFCDO;cable;CORP;Z;especial;;False;Oblig. Negociables;ARYPFE5600I1;Obligaciones Negociables;BOND;YPF Energía Eléctrica S.A.
YFCFO;YFCFO;ARS;CORP;O;primary;;True;Oblig. Negociables;AR0976739711;Obligaciones Negociables;BOND;YPF Energía Eléctrica S.A.
YFCFX;YFCFO;ARS;CORP;X;especial;;False;Oblig. Negociables;AR0976739711;Obligaciones Negociables;BOND;YPF Energía Eléctrica S.A.
YFCFY;YFCFO;MEP;CORP;Y;especial;;False;Oblig. Negociables;AR0976739711;Obligaciones Negociables;BOND;YPF Energía Eléctrica S.A.
YFCFZ;YFCFO;cable;CORP;Z;especial;;False;Oblig. Negociables;AR0976739711;Obligaciones Negociables;BOND;YPF Energía Eléctrica S.A.
YFCGD;YFCGO;MEP;CORP;D;primary;;True;Oblig. Negociables;AR0704160875;Obligaciones Negociables;BOND;YPF Energía Eléctrica S.A.
YFCGO;YFCGO;ARS;CORP;O;primary;;True;Oblig. Negociables;AR0704160875;Obligaciones Negociables;BOND;YPF Energía Eléctrica S.A.
YFCGX;YFCGO;ARS;CORP;X;especial;;False;Oblig. Negociables;AR0704160875;Obligaciones Negociables;BOND;YPF Energía Eléctrica S.A.
YFCGY;YFCGO;MEP;CORP;Y;especial;;False;Oblig. Negociables;AR0704160875;Obligaciones Negociables;BOND;YPF Energía Eléctrica S.A.
YFCGZ;YFCGO;cable;CORP;Z;especial;;False;Oblig. Negociables;AR0704160875;Obligaciones Negociables;BOND;YPF Energía Eléctrica S.A.
YFCIC;YFCIO;cable;CORP;C;primary;;True;Oblig. Negociables;AR0947502206;Obligaciones Negociables;BOND;YPF Energía Eléctrica S.A.
YFCID;YFCIO;MEP;CORP;D;primary;;True;Oblig. Negociables;AR0947502206;Obligaciones Negociables;BOND;YPF Energía Eléctrica S.A.
YFCIO;YFCIO;ARS;CORP;O;primary;;True;Oblig. Negociables;AR0947502206;Obligaciones Negociables;BOND;YPF Energía Eléctrica S.A.
YFCIX;YFCIO;ARS;CORP;X;especial;;False;Oblig. Negociables;AR0947502206;Obligaciones Negociables;BOND;YPF Energía Eléctrica S.A.
YFCIY;YFCIO;MEP;CORP;Y;especial;;False;Oblig. Negociables;AR0947502206;Obligaciones Negociables;BOND;YPF Energía Eléctrica S.A.
YFCIZ;YFCIO;cable;CORP;Z;especial;;False;Oblig. Negociables;AR0947502206;Obligaciones Negociables;BOND;YPF Energía Eléctrica S.A.
YFCJC;YFCJO;cable;CORP;C;primary;;True;Oblig. Negociables;USP9897PAS31;Obligaciones Negociables;BOND;YPF Energía Eléctrica S.A.
YFCJD;YFCJO;MEP;CORP;D;primary;;True;Oblig. Negociables;USP9897PAS31;Obligaciones Negociables;BOND;YPF Energía Eléctrica S.A.
YFCJO;YFCJO;ARS;CORP;O;primary;;True;Oblig. Negociables;USP9897PAS31;Obligaciones Negociables;BOND;YPF Energía Eléctrica S.A.
YFCJX;YFCJO;ARS;CORP;X;especial;;False;Oblig. Negociables;USP9897PAS31;Obligaciones Negociables;BOND;YPF Energía Eléctrica S.A.
YFCJY;YFCJO;MEP;CORP;Y;especial;;False;Oblig. Negociables;USP9897PAS31;Obligaciones Negociables;BOND;YPF Energía Eléctrica S.A.
YFCJZ;YFCJO;cable;CORP;Z;especial;;False;Oblig. Negociables;USP9897PAS31;Obligaciones Negociables;BOND;YPF Energía Eléctrica S.A.
YFCKC;YFCKO;cable;CORP;C;primary;;True;Oblig. Negociables;AR0015491712;Obligaciones Negociables;BOND;YPF Energía Eléctrica S.A.
YFCKD;YFCKO;MEP;CORP;D;primary;;True;Oblig. Negociables;AR0015491712;Obligaciones Negociables;BOND;YPF Energía Eléctrica S.A.
YFCKO;YFCKO;ARS;CORP;O;primary;;True;Oblig. Negociables;AR0015491712;Obligaciones Negociables;BOND;YPF Energía Eléctrica S.A.
YFCKX;YFCKO;ARS;CORP;X;especial;;False;Oblig. Negociables;AR0015491712;Obligaciones Negociables;BOND;YPF Energía Eléctrica S.A.
YFCKY;YFCKO;MEP;CORP;Y;especial;;False;Oblig. Negociables;AR0015491712;Obligaciones Negociables;BOND;YPF Energía Eléctrica S.A.
YFCKZ;YFCKO;cable;CORP;Z;especial;;False;Oblig. Negociables;AR0015491712;Obligaciones Negociables;BOND;YPF Energía Eléctrica S.A.
YFCLC;YFCLO;cable;CORP;C;primary;;True;Oblig. Negociables;AR0338531962;Obligaciones Negociables;BOND;YPF Energía Eléctrica S.A.
YFCLD;YFCLO;MEP;CORP;D;primary;;True;Oblig. Negociables;AR0338531962;Obligaciones Negociables;BOND;YPF Energía Eléctrica S.A.
YFCLO;YFCLO;ARS;CORP;O;primary;;True;Oblig. Negociables;AR0338531962;Obligaciones Negociables;BOND;YPF Energía Eléctrica S.A.
YFCLX;YFCLO;ARS;CORP;X;especial;;False;Oblig. Negociables;AR0338531962;Obligaciones Negociables;BOND;YPF Energía Eléctrica S.A.
YFCLY;YFCLO;MEP;CORP;Y;especial;;False;Oblig. Negociables;AR0338531962;Obligaciones Negociables;BOND;YPF Energía Eléctrica S.A.
YFCLZ;YFCLO;cable;CORP;Z;especial;;False;Oblig. Negociables;AR0338531962;Obligaciones Negociables;BOND;YPF Energía Eléctrica S.A.
YFCMC;YFCMO;cable;CORP;C;primary;;True;Oblig. Negociables;AR0975634988;Obligaciones Negociables;BOND;YPF Energía Eléctrica S.A.
YFCMD;YFCMO;MEP;CORP;D;primary;;True;Oblig. Negociables;AR0975634988;Obligaciones Negociables;BOND;YPF Energía Eléctrica S.A.
YFCMO;YFCMO;ARS;CORP;O;primary;;True;Oblig. Negociables;AR0975634988;Obligaciones Negociables;BOND;YPF Energía Eléctrica S.A.
YFCMX;YFCMO;ARS;CORP;X;especial;;False;Oblig. Negociables;AR0975634988;Obligaciones Negociables;BOND;YPF Energía Eléctrica S.A.
YFCMY;YFCMO;MEP;CORP;Y;especial;;False;Oblig. Negociables;AR0975634988;Obligaciones Negociables;BOND;YPF Energía Eléctrica S.A.
YFCMZ;YFCMO;cable;CORP;Z;especial;;False;Oblig. Negociables;AR0975634988;Obligaciones Negociables;BOND;YPF Energía Eléctrica S.A.
YFCNC;YFCNO;cable;CORP;C;primary;;True;Oblig. Negociables;AR0361875989;Obligaciones Negociables;BOND;YPF Energía Eléctrica S.A.
YFCND;YFCNO;MEP;CORP;D;primary;;True;Oblig. Negociables;AR0361875989;Obligaciones Negociables;BOND;YPF Energía Eléctrica S.A.
YFCNO;YFCNO;ARS;CORP;O;primary;;True;Oblig. Negociables;AR0361875989;Obligaciones Negociables;BOND;YPF Energía Eléctrica S.A.
YFCNY;YFCNO;MEP;CORP;Y;especial;;False;Oblig. Negociables;AR0361875989;Obligaciones Negociables;BOND;YPF Energía Eléctrica S.A.
YFCOC;YFCOO;cable;CORP;C;primary;;True;Oblig. Negociables;AR0594130012;Obligaciones Negociables;BOND;YPF Energía Eléctrica S.A.
YFCOD;YFCOO;MEP;CORP;D;primary;;True;Oblig. Negociables;AR0594130012;Obligaciones Negociables;BOND;YPF Energía Eléctrica S.A.
YFCOO;YFCOO;ARS;CORP;O;primary;;True;Oblig. Negociables;AR0594130012;Obligaciones Negociables;BOND;YPF Energía Eléctrica S.A.
YFCOX;YFCOO;ARS;CORP;X;especial;;False;Oblig. Negociables;AR0594130012;Obligaciones Negociables;BOND;YPF Energía Eléctrica S.A.
YFCOY;YFCOO;MEP;CORP;Y;especial;;False;Oblig. Negociables;AR0594130012;Obligaciones Negociables;BOND;YPF Energía Eléctrica S.A.
YFCOZ;YFCOO;cable;CORP;Z;especial;;False;Oblig. Negociables;AR0594130012;Obligaciones Negociables;BOND;YPF Energía Eléctrica S.A.
YM34C;YM34O;cable;CORP;C;primary;;True;Oblig. Negociables;USP989MJBY67;Obligaciones Negociables;BOND;YPF S.A.
YM34D;YM34O;MEP;CORP;D;primary;;True;Oblig. Negociables;USP989MJBY67;Obligaciones Negociables;BOND;YPF S.A.
YM34O;YM34O;ARS;CORP;O;primary;;True;Oblig. Negociables;USP989MJBY67;Obligaciones Negociables;BOND;YPF S.A.
YM34X;YM34O;ARS;CORP;X;especial;;False;Oblig. Negociables;USP989MJBY67;Obligaciones Negociables;BOND;YPF S.A.
YM34Y;YM34O;MEP;CORP;Y;especial;;False;Oblig. Negociables;USP989MJBY67;Obligaciones Negociables;BOND;YPF S.A.
YM34Z;YM34O;cable;CORP;Z;especial;;False;Oblig. Negociables;USP989MJBY67;Obligaciones Negociables;BOND;YPF S.A.
YM35C;YM35O;cable;CORP;C;primary;;True;Oblig. Negociables;AR0929824099;Obligaciones Negociables;BOND;YPF S.A.
YM35D;YM35O;MEP;CORP;D;primary;;True;Oblig. Negociables;AR0929824099;Obligaciones Negociables;BOND;YPF S.A.
YM35O;YM35O;ARS;CORP;O;primary;;True;Oblig. Negociables;AR0929824099;Obligaciones Negociables;BOND;YPF S.A.
YM35X;YM35O;ARS;CORP;X;especial;;False;Oblig. Negociables;AR0929824099;Obligaciones Negociables;BOND;YPF S.A.
YM35Y;YM35O;MEP;CORP;Y;especial;;False;Oblig. Negociables;AR0929824099;Obligaciones Negociables;BOND;YPF S.A.
YM35Z;YM35O;cable;CORP;Z;especial;;False;Oblig. Negociables;AR0929824099;Obligaciones Negociables;BOND;YPF S.A.
YM37C;YM37O;cable;CORP;C;primary;;True;Oblig. Negociables;AR0657794191;Obligaciones Negociables;BOND;YPF S.A.
YM37D;YM37O;MEP;CORP;D;primary;;True;Oblig. Negociables;AR0657794191;Obligaciones Negociables;BOND;YPF S.A.
YM37O;YM37O;ARS;CORP;O;primary;;True;Oblig. Negociables;AR0657794191;Obligaciones Negociables;BOND;YPF S.A.
YM37X;YM37O;ARS;CORP;X;especial;;False;Oblig. Negociables;AR0657794191;Obligaciones Negociables;BOND;YPF S.A.
YM37Y;YM37O;MEP;CORP;Y;especial;;False;Oblig. Negociables;AR0657794191;Obligaciones Negociables;BOND;YPF S.A.
YM37Z;YM37O;cable;CORP;Z;especial;;False;Oblig. Negociables;AR0657794191;Obligaciones Negociables;BOND;YPF S.A.
YM38C;YM38O;cable;CORP;C;primary;;True;Oblig. Negociables;AR0419238511;Obligaciones Negociables;BOND;YPF S.A.
YM38D;YM38O;MEP;CORP;D;primary;;True;Oblig. Negociables;AR0419238511;Obligaciones Negociables;BOND;YPF S.A.
YM38O;YM38O;ARS;CORP;O;primary;;True;Oblig. Negociables;AR0419238511;Obligaciones Negociables;BOND;YPF S.A.
YM38X;YM38O;ARS;CORP;X;especial;;False;Oblig. Negociables;AR0419238511;Obligaciones Negociables;BOND;YPF S.A.
YM38Y;YM38O;MEP;CORP;Y;especial;;False;Oblig. Negociables;AR0419238511;Obligaciones Negociables;BOND;YPF S.A.
YM38Z;YM38O;cable;CORP;Z;especial;;False;Oblig. Negociables;AR0419238511;Obligaciones Negociables;BOND;YPF S.A.
YM39C;YM39O;cable;CORP;C;primary;;True;Oblig. Negociables;AR0081455617;Obligaciones Negociables;BOND;YPF S.A.
YM39D;YM39O;MEP;CORP;D;primary;;True;Oblig. Negociables;AR0081455617;Obligaciones Negociables;BOND;YPF S.A.
YM39O;YM39O;ARS;CORP;O;primary;;True;Oblig. Negociables;AR0081455617;Obligaciones Negociables;BOND;YPF S.A.
YM39X;YM39O;ARS;CORP;X;especial;;False;Oblig. Negociables;AR0081455617;Obligaciones Negociables;BOND;YPF S.A.
YM39Y;YM39O;MEP;CORP;Y;especial;;False;Oblig. Negociables;AR0081455617;Obligaciones Negociables;BOND;YPF S.A.
YM39Z;YM39O;cable;CORP;Z;especial;;False;Oblig. Negociables;AR0081455617;Obligaciones Negociables;BOND;YPF S.A.
YM40C;YM40O;cable;CORP;C;primary;;True;Oblig. Negociables;AR0963751125;Obligaciones Negociables;BOND;YPF S.A.
YM40D;YM40O;MEP;CORP;D;primary;;True;Oblig. Negociables;AR0963751125;Obligaciones Negociables;BOND;YPF S.A.
YM40O;YM40O;ARS;CORP;O;primary;;True;Oblig. Negociables;AR0963751125;Obligaciones Negociables;BOND;YPF S.A.
YM40X;YM40O;ARS;CORP;X;especial;;False;Oblig. Negociables;AR0963751125;Obligaciones Negociables;BOND;YPF S.A.
YM40Y;YM40O;MEP;CORP;Y;especial;;False;Oblig. Negociables;AR0963751125;Obligaciones Negociables;BOND;YPF S.A.
YM41C;YM41O;cable;CORP;C;primary;;True;Oblig. Negociables;AR0675705039;Obligaciones Negociables;BOND;YPF S.A.
YM41D;YM41O;MEP;CORP;D;primary;;True;Oblig. Negociables;AR0675705039;Obligaciones Negociables;BOND;YPF S.A.
YM41O;YM41O;ARS;CORP;O;primary;;True;Oblig. Negociables;AR0675705039;Obligaciones Negociables;BOND;YPF S.A.
YM41X;YM41O;ARS;CORP;X;especial;;False;Oblig. Negociables;AR0675705039;Obligaciones Negociables;BOND;YPF S.A.
YM41Y;YM41O;MEP;CORP;Y;especial;;False;Oblig. Negociables;AR0675705039;Obligaciones Negociables;BOND;YPF S.A.
YM41Z;YM41O;cable;CORP;Z;especial;;False;Oblig. Negociables;AR0675705039;Obligaciones Negociables;BOND;YPF S.A.
YM42C;YM42O;cable;CORP;C;primary;;True;Oblig. Negociables;AR0123407162;Obligaciones Negociables;BOND;YPF S.A.
YM42D;YM42O;MEP;CORP;D;primary;;True;Oblig. Negociables;AR0123407162;Obligaciones Negociables;BOND;YPF S.A.
YM42O;YM42O;ARS;CORP;O;primary;;True;Oblig. Negociables;AR0123407162;Obligaciones Negociables;BOND;YPF S.A.
YM42X;YM42O;ARS;CORP;X;especial;;False;Oblig. Negociables;AR0123407162;Obligaciones Negociables;BOND;YPF S.A.
YM42Y;YM42O;MEP;CORP;Y;especial;;False;Oblig. Negociables;AR0123407162;Obligaciones Negociables;BOND;YPF S.A.
YM42Z;YM42O;cable;CORP;Z;especial;;False;Oblig. Negociables;AR0123407162;Obligaciones Negociables;BOND;YPF S.A.
YM43C;YM43O;cable;CORP;C;primary;;True;Oblig. Negociables;AR0156884063;Obligaciones Negociables;BOND;YPF S.A.
YM43D;YM43O;MEP;CORP;D;primary;;True;Oblig. Negociables;AR0156884063;Obligaciones Negociables;BOND;YPF S.A.
YM43O;YM43O;ARS;CORP;O;primary;;True;Oblig. Negociables;AR0156884063;Obligaciones Negociables;BOND;YPF S.A.
YM43X;YM43O;ARS;CORP;X;especial;;False;Oblig. Negociables;AR0156884063;Obligaciones Negociables;BOND;YPF S.A.
YM43Y;YM43O;MEP;CORP;Y;especial;;False;Oblig. Negociables;AR0156884063;Obligaciones Negociables;BOND;YPF S.A.
YM43Z;YM43O;cable;CORP;Z;especial;;False;Oblig. Negociables;AR0156884063;Obligaciones Negociables;BOND;YPF S.A.
YMC1C;YMC1O;cable;CORP;C;primary;;True;Oblig. Negociables;USP989MJBP50;Obligaciones Negociables;BOND;YPF S.A.
YMC1D;YMC1O;MEP;CORP;D;primary;;True;Oblig. Negociables;USP989MJBP50;Obligaciones Negociables;BOND;YPF S.A.
YMC1O;YMC1O;ARS;CORP;O;primary;;True;Oblig. Negociables;USP989MJBP50;Obligaciones Negociables;BOND;YPF S.A.
YMC1X;YMC1O;ARS;CORP;X;especial;;False;Oblig. Negociables;USP989MJBP50;Obligaciones Negociables;BOND;YPF S.A.
YMC1Y;YMC1O;MEP;CORP;Y;especial;;False;Oblig. Negociables;USP989MJBP50;Obligaciones Negociables;BOND;YPF S.A.
YMCIC;YMCIO;cable;CORP;C;primary;;True;Oblig. Negociables;USP989MJBS99;Obligaciones Negociables;BOND;YPF S.A.
YMCID;YMCIO;MEP;CORP;D;primary;;True;Oblig. Negociables;USP989MJBS99;Obligaciones Negociables;BOND;YPF S.A.
YMCIO;YMCIO;ARS;CORP;O;primary;;True;Oblig. Negociables;USP989MJBS99;Obligaciones Negociables;BOND;YPF S.A.
YMCIX;YMCIO;ARS;CORP;X;especial;;False;Oblig. Negociables;USP989MJBS99;Obligaciones Negociables;BOND;YPF S.A.
YMCIY;YMCIO;MEP;CORP;Y;especial;;False;Oblig. Negociables;USP989MJBS99;Obligaciones Negociables;BOND;YPF S.A.
YMCIZ;YMCIO;cable;CORP;Z;especial;;False;Oblig. Negociables;USP989MJBS99;Obligaciones Negociables;BOND;YPF S.A.
YMCJC;YMCJO;cable;CORP;C;primary;;True;Oblig. Negociables;USP989MJBT72;Obligaciones Negociables;BOND;YPF S.A.
YMCJD;YMCJO;MEP;CORP;D;primary;;True;Oblig. Negociables;USP989MJBT72;Obligaciones Negociables;BOND;YPF S.A.
YMCJO;YMCJO;ARS;CORP;O;primary;;True;Oblig. Negociables;USP989MJBT72;Obligaciones Negociables;BOND;YPF S.A.
YMCJX;YMCJO;ARS;CORP;X;especial;;False;Oblig. Negociables;USP989MJBT72;Obligaciones Negociables;BOND;YPF S.A.
YMCJY;YMCJO;MEP;CORP;Y;especial;;False;Oblig. Negociables;USP989MJBT72;Obligaciones Negociables;BOND;YPF S.A.
YMCJZ;YMCJO;cable;CORP;Z;especial;;False;Oblig. Negociables;USP989MJBT72;Obligaciones Negociables;BOND;YPF S.A.
YMCPO;YMCPO;ARS;CORP;O;primary;;True;Oblig. Negociables;ARYPFS5601V2;Obligaciones Negociables;BOND;YPF S.A.
YMCPX;YMCPO;ARS;CORP;X;especial;;False;Oblig. Negociables;ARYPFS5601V2;Obligaciones Negociables;BOND;YPF S.A.
YMCPY;YMCPO;MEP;CORP;Y;especial;;False;Oblig. Negociables;ARYPFS5601V2;Obligaciones Negociables;BOND;YPF S.A.
YMCPZ;YMCPO;cable;CORP;Z;especial;;False;Oblig. Negociables;ARYPFS5601V2;Obligaciones Negociables;BOND;YPF S.A.
YMCRD;YMCRO;MEP;CORP;D;primary;;True;Oblig. Negociables;ARYPFS5601X8;Obligaciones Negociables;BOND;YPF S.A.
YMCRO;YMCRO;ARS;CORP;O;primary;;True;Oblig. Negociables;ARYPFS5601X8;Obligaciones Negociables;BOND;YPF S.A.
YMCRX;YMCRO;ARS;CORP;X;especial;;False;Oblig. Negociables;ARYPFS5601X8;Obligaciones Negociables;BOND;YPF S.A.
YMCRY;YMCRO;MEP;CORP;Y;especial;;False;Oblig. Negociables;ARYPFS5601X8;Obligaciones Negociables;BOND;YPF S.A.
YMCRZ;YMCRO;cable;CORP;Z;especial;;False;Oblig. Negociables;ARYPFS5601X8;Obligaciones Negociables;BOND;YPF S.A.
YMCTD;YMCTO;MEP;CORP;D;primary;;True;Oblig. Negociables;AR0688075032;Obligaciones Negociables;BOND;YPF S.A.
YMCTO;YMCTO;ARS;CORP;O;primary;;True;Oblig. Negociables;AR0688075032;Obligaciones Negociables;BOND;YPF S.A.
YMCTX;YMCTO;ARS;CORP;X;especial;;False;Oblig. Negociables;AR0688075032;Obligaciones Negociables;BOND;YPF S.A.
YMCTY;YMCTO;MEP;CORP;Y;especial;;False;Oblig. Negociables;AR0688075032;Obligaciones Negociables;BOND;YPF S.A.
YMCTZ;YMCTO;cable;CORP;Z;especial;;False;Oblig. Negociables;AR0688075032;Obligaciones Negociables;BOND;YPF S.A.
YMCWC;YMCWO;cable;CORP;C;primary;;True;Oblig. Negociables;AR0132676112;Obligaciones Negociables;BOND;YPF S.A.
YMCWD;YMCWO;MEP;CORP;D;primary;;True;Oblig. Negociables;AR0132676112;Obligaciones Negociables;BOND;YPF S.A.
YMCWO;YMCWO;ARS;CORP;O;primary;;True;Oblig. Negociables;AR0132676112;Obligaciones Negociables;BOND;YPF S.A.
YMCWX;YMCWO;ARS;CORP;X;especial;;False;Oblig. Negociables;AR0132676112;Obligaciones Negociables;BOND;YPF S.A.
YMCWY;YMCWO;MEP;CORP;Y;especial;;False;Oblig. Negociables;AR0132676112;Obligaciones Negociables;BOND;YPF S.A.
YMCWZ;YMCWO;cable;CORP;Z;especial;;False;Oblig. Negociables;AR0132676112;Obligaciones Negociables;BOND;YPF S.A.
YMCXC;YMCXO;cable;CORP;C;primary;;True;Oblig. Negociables;USP989MJBV29;Obligaciones Negociables;BOND;YPF S.A.
YMCXD;YMCXO;MEP;CORP;D;primary;;True;Oblig. Negociables;USP989MJBV29;Obligaciones Negociables;BOND;YPF S.A.
YMCXO;YMCXO;ARS;CORP;O;primary;;True;Oblig. Negociables;USP989MJBV29;Obligaciones Negociables;BOND;YPF S.A.
YMCXX;YMCXO;ARS;CORP;X;especial;;False;Oblig. Negociables;USP989MJBV29;Obligaciones Negociables;BOND;YPF S.A.
YMCXY;YMCXO;MEP;CORP;Y;especial;;False;Oblig. Negociables;USP989MJBV29;Obligaciones Negociables;BOND;YPF S.A.
YMCXZ;YMCXO;cable;CORP;Z;especial;;False;Oblig. Negociables;USP989MJBV29;Obligaciones Negociables;BOND;YPF S.A.
YMCYC;YMCYO;cable;CORP;C;primary;;True;Oblig. Negociables;AR0417757066;Obligaciones Negociables;BOND;YPF S.A.
YMCYD;YMCYO;MEP;CORP;D;primary;;True;Oblig. Negociables;AR0417757066;Obligaciones Negociables;BOND;YPF S.A.
YMCYO;YMCYO;ARS;CORP;O;primary;;True;Oblig. Negociables;AR0417757066;Obligaciones Negociables;BOND;YPF S.A.
YMCYX;YMCYO;ARS;CORP;X;especial;;False;Oblig. Negociables;AR0417757066;Obligaciones Negociables;BOND;YPF S.A.
YMCYY;YMCYO;MEP;CORP;Y;especial;;False;Oblig. Negociables;AR0417757066;Obligaciones Negociables;BOND;YPF S.A.
YMCYZ;YMCYO;cable;CORP;Z;especial;;False;Oblig. Negociables;AR0417757066;Obligaciones Negociables;BOND;YPF S.A.
YMCZC;YMCZO;cable;CORP;C;primary;;True;Oblig. Negociables;AR0079616063;Obligaciones Negociables;BOND;YPF S.A.
YMCZD;YMCZO;MEP;CORP;D;primary;;True;Oblig. Negociables;AR0079616063;Obligaciones Negociables;BOND;YPF S.A.
YMCZO;YMCZO;ARS;CORP;O;primary;;True;Oblig. Negociables;AR0079616063;Obligaciones Negociables;BOND;YPF S.A.
YMCZX;YMCZO;ARS;CORP;X;especial;;False;Oblig. Negociables;AR0079616063;Obligaciones Negociables;BOND;YPF S.A.
YMCZY;YMCZO;MEP;CORP;Y;especial;;False;Oblig. Negociables;AR0079616063;Obligaciones Negociables;BOND;YPF S.A.
YMCZZ;YMCZO;cable;CORP;Z;especial;;False;Oblig. Negociables;AR0079616063;Obligaciones Negociables;BOND;YPF S.A.
YPC4C;YPC4O;cable;CORP;C;primary;;True;Oblig. Negociables;US984245AF78;Obligaciones Negociables;BOND;YPF S.A.
YPC4D;YPC4O;MEP;CORP;D;primary;;True;Oblig. Negociables;US984245AF78;Obligaciones Negociables;BOND;YPF S.A.
YPC4O;YPC4O;ARS;CORP;O;primary;;True;Oblig. Negociables;US984245AF78;Obligaciones Negociables;BOND;YPF S.A.
YS1LC;YS1LO;cable;CORP;C;primary;;True;Oblig. Negociables;;;;
YS1LD;YS1LO;MEP;CORP;D;primary;;True;Oblig. Negociables;;;;
YS2LC;YS2LO;cable;CORP;C;primary;;True;Oblig. Negociables;;;;
YS2LD;YS2LO;MEP;CORP;D;primary;;True;Oblig. Negociables;;;;
YSS1C;YSS1O;cable;CORP;C;primary;;True;Oblig. Negociables;;;;
YSS1D;YSS1O;MEP;CORP;D;primary;;True;Oblig. Negociables;;;;
YSS1L;YSS1O;ARS;CORP;L;otro;;False;Oblig. Negociables;;;;
YSS1P;YSS1O;ARS;CORP;P;otro;;False;Oblig. Negociables;;;;
YSS2L;YSS2O;ARS;CORP;L;otro;;False;Oblig. Negociables;AR0382218888;Obligaciones Negociables;BOND;C&C Medical´s S.A.
ZF2AC;ZF2AO;cable;CORP;C;primary;;True;Oblig. Negociables;;;;
ZF2AD;ZF2AO;MEP;CORP;D;primary;;True;Oblig. Negociables;;;;
ZF2AP;ZF2AO;ARS;CORP;P;otro;;False;Oblig. Negociables;;;;
ZF2BC;ZF2BO;cable;CORP;C;primary;;True;Oblig. Negociables;;;;
ZF2BD;ZF2BO;MEP;CORP;D;primary;;True;Oblig. Negociables;;;;
ZF2BP;ZF2BO;ARS;CORP;P;otro;;False;Oblig. Negociables;;;;
ZF3AC;ZF3AO;cable;CORP;C;primary;;True;Oblig. Negociables;;;;
ZF3AD;ZF3AO;MEP;CORP;D;primary;;True;Oblig. Negociables;;;;
ZF3AP;ZF3AO;ARS;CORP;P;otro;;False;Oblig. Negociables;;;;
ZF3BC;ZF3BO;cable;CORP;C;primary;;True;Oblig. Negociables;;;;
ZF3BD;ZF3BO;MEP;CORP;D;primary;;True;Oblig. Negociables;;;;
ZF3BP;ZF3BO;ARS;CORP;P;otro;;False;Oblig. Negociables;;;;
ZI11C;ZI11O;cable;CORP;C;primary;;True;Oblig. Negociables;;;;
ZI11D;ZI11O;MEP;CORP;D;primary;;True;Oblig. Negociables;;;;
ZI11P;ZI11O;ARS;CORP;P;otro;;False;Oblig. Negociables;;;;
ZI12C;ZI12O;cable;CORP;C;primary;;True;Oblig. Negociables;;;;
ZI12D;ZI12O;MEP;CORP;D;primary;;True;Oblig. Negociables;;;;
ZI12P;ZI12O;ARS;CORP;P;otro;;False;Oblig. Negociables;;;;
ZPC1C;ZPC1O;cable;CORP;C;primary;;True;Oblig. Negociables;AR0074703296;Obligaciones Negociables;BOND;Plaza Logística S.R.L.
ZPC1D;ZPC1O;MEP;CORP;D;primary;;True;Oblig. Negociables;AR0074703296;Obligaciones Negociables;BOND;Plaza Logística S.R.L.
ZPC1O;ZPC1O;ARS;CORP;O;primary;;True;Oblig. Negociables;AR0074703296;Obligaciones Negociables;BOND;Plaza Logística S.R.L.
ZPC2C;ZPC2O;cable;CORP;C;primary;;True;Oblig. Negociables;AR0411671628;Obligaciones Negociables;BOND;Plaza Logística S.R.L.
ZPC2D;ZPC2O;MEP;CORP;D;primary;;True;Oblig. Negociables;AR0411671628;Obligaciones Negociables;BOND;Plaza Logística S.R.L.
ZPC2O;ZPC2O;ARS;CORP;O;primary;;True;Oblig. Negociables;AR0411671628;Obligaciones Negociables;BOND;Plaza Logística S.R.L.
ZPC3C;ZPC3O;cable;CORP;C;primary;;True;Oblig. Negociables;AR0723157217;Obligaciones Negociables;BOND;Plaza Logística S.R.L.
ZPC3D;ZPC3O;MEP;CORP;D;primary;;True;Oblig. Negociables;AR0723157217;Obligaciones Negociables;BOND;Plaza Logística S.R.L.
ZPC3O;ZPC3O;ARS;CORP;O;primary;;True;Oblig. Negociables;AR0723157217;Obligaciones Negociables;BOND;Plaza Logística S.R.L.
ZPC3X;ZPC3O;ARS;CORP;X;especial;;False;Oblig. Negociables;AR0723157217;Obligaciones Negociables;BOND;Plaza Logística S.R.L.
ZPC3Y;ZPC3O;MEP;CORP;Y;especial;;False;Oblig. Negociables;AR0723157217;Obligaciones Negociables;BOND;Plaza Logística S.R.L.
ZPC3Z;ZPC3O;cable;CORP;Z;especial;;False;Oblig. Negociables;AR0723157217;Obligaciones Negociables;BOND;Plaza Logística S.R.L.
ZPC4C;ZPC4O;cable;CORP;C;primary;;True;Oblig. Negociables;AR0912205223;Obligaciones Negociables;BOND;Plaza Logística S.R.L.
ZPC4D;ZPC4O;MEP;CORP;D;primary;;True;Oblig. Negociables;AR0912205223;Obligaciones Negociables;BOND;Plaza Logística S.R.L.
ZPC4O;ZPC4O;ARS;CORP;O;primary;;True;Oblig. Negociables;AR0912205223;Obligaciones Negociables;BOND;Plaza Logística S.R.L.
ZPC4X;ZPC4O;ARS;CORP;X;especial;;False;Oblig. Negociables;AR0912205223;Obligaciones Negociables;BOND;Plaza Logística S.R.L.
ZPC4Y;ZPC4O;MEP;CORP;Y;especial;;False;Oblig. Negociables;AR0912205223;Obligaciones Negociables;BOND;Plaza Logística S.R.L.
ZPC4Z;ZPC4O;cable;CORP;Z;especial;;False;Oblig. Negociables;AR0912205223;Obligaciones Negociables;BOND;Plaza Logística S.R.L.
ZUS2C;ZUS2O;cable;CORP;C;primary;;True;Oblig. Negociables;;;;
ZUS2D;ZUS2O;MEP;CORP;D;primary;;True;Oblig. Negociables;;;;
ZUS2P;ZUS2O;ARS;CORP;P;otro;;False;Oblig. Negociables;;;;
ZZ1LD;ZZ1LO;MEP;CORP;D;primary;;True;Oblig. Negociables;;;;
ZZC1C;ZZC1O;cable;CORP;C;primary;;True;Oblig. Negociables;AR0352269929;Obligaciones Negociables;BOND;CAMUZZI GAS PAMPEANA S.A.
ZZC1D;ZZC1O;MEP;CORP;D;primary;;True;Oblig. Negociables;AR0352269929;Obligaciones Negociables;BOND;CAMUZZI GAS PAMPEANA S.A.
ZZC1O;ZZC1O;ARS;CORP;O;primary;;True;Oblig. Negociables;AR0352269929;Obligaciones Negociables;BOND;CAMUZZI GAS PAMPEANA S.A.
ZZC1X;ZZC1O;ARS;CORP;X;especial;;False;Oblig. Negociables;AR0352269929;Obligaciones Negociables;BOND;CAMUZZI GAS PAMPEANA S.A.
ZZC1Y;ZZC1O;MEP;CORP;Y;especial;;False;Oblig. Negociables;AR0352269929;Obligaciones Negociables;BOND;CAMUZZI GAS PAMPEANA S.A.
ZZC1Z;ZZC1O;cable;CORP;Z;especial;;False;Oblig. Negociables;AR0352269929;Obligaciones Negociables;BOND;CAMUZZI GAS PAMPEANA S.A.
MVJUN26;MV;ARS;FUT;6;otro;;False;Futuros (indice);;;;
G;G;ARS;;G;primary;;True;Indices;;;;
M;M;ARS;;M;primary;;True;Indices;;;;
SPBYCAP;SPBYCAP;ARS;;P;primary;;True;Indices;;;;
SPBYCDAP;SPBYCDAP;ARS;;P;primary;;True;Indices;;;;
SPBYIGAP;SPBYIGAP;ARS;;P;primary;;True;Indices;;;;
SPBYMAIG10;SPBYMAIG10;ARS;;0;primary;;True;Indices;;;;
SPBYMAIG15;SPBYMAIG15;ARS;;5;primary;;True;Indices;;;;
SPBYMAIG20;SPBYMAIG20;ARS;;0;primary;;True;Indices;;;;
SPBYMAIG25;SPBYMAIG25;ARS;;5;primary;;True;Indices;;;;
SPBYMAIG30;SPBYMAIG30;ARS;;0;primary;;True;Indices;;;;
SPBYMAIG40;SPBYMAIG40;ARS;;0;primary;;True;Indices;;;;
SPBYMAIG50;SPBYMAIG50;ARS;;0;primary;;True;Indices;;;;
SPBYMAIG55;SPBYMAIG55;ARS;;5;primary;;True;Indices;;;;
SPBYMAIG60;SPBYMAIG60;ARS;;0;primary;;True;Indices;;;;
SPBYUEAP;SPBYUEAP;ARS;;P;primary;;True;Indices;;;;
SPMERVDT;SPMERVDT;ARS;;T;primary;;True;Indices;;;;
Total Negociado BYMA;Total Negociado BYMA;ARS;;A;primary;;True;Total Negociado;;;;
PPT;PPT;ARS;;T;primary;;True;Total Negociado;;;;
Total Renta Variable;Total Renta Variable;ARS;;e;primary;;True;Total Negociado;;;;
Acciones;Acciones;ARS;;s;primary;;True;Total Negociado;;;;
Cedears;Cedears;ARS;;s;primary;;True;Total Negociado;;;;
Total Renta Fija;Total Renta Fija;ARS;;a;primary;;True;Total Negociado;;;;
Títulos Públicos;Títulos Públicos;ARS;;s;primary;;True;Total Negociado;;;;
Obligaciones Negociables;Obligaciones Negociables;ARS;;s;primary;;True;Total Negociado;;;;
Cauciones;Cauciones;ARS;;s;primary;;True;Total Negociado;;;;
Total Negociado SENEBI;Total Negociado SENEBI;ARS;;I;primary;;True;Total Negociado;;;;
SENEBI - Títulos Públicos;SENEBI - Títulos Públicos;ARS;;s;primary;;True;Total Negociado;;;;
SENEBI - Obligaciones Negociables;SENEBI - Obligaciones Negociables;ARS;;s;primary;;True;Total Negociado;;;;
Futuros;Futuros;ARS;;s;primary;;True;Total Negociado;;;;
Opciones;Opciones;ARS;;s;primary;;True;Total Negociado;;;;
Préstamos de Títulos Valores;Préstamos de Títulos Valores;ARS;;s;primary;;True;Total Negociado;;;;
